Output_information,ALT,AST,Albumin,ALP,Amilase,CK.MB,Direct_Bilirubin,Glucose,Creatinine,Creatine.Kinase,LDH,eGFR,BASO,ESO,HCT,HGB,LYM,MCH,MCHC,MCV,MONO,MPV,NEU,PLT,RBC,RDW,WBC,CRP,D.Dimer,Ferritin,Fibrinogen,INR,PT,Procalcitonin,ESR,Troponin,aPTT
1.0,17.9,21.0,35.4,48.0,15.0,20.9,0.22,235.0,1.89,90.0,309.7590361445783,23.52,0.02,0.0,45.0,15.5,0.92,31.2,34.4,90.5,1.12,10.4,18.26,196.0,4.97,14.8,20.3,98.0,1277.0,395.0,350.0,1.0,14.0,3.0,49.0,10.0,32.0
1.0,12.0,32.0,34.55,60.0,85.0,27.0,0.12,111.0,1.82,220.0,309.7590361445783,25.858,0.0,0.04,35.4,12.1,0.67,29.2,34.2,85.3,0.19,10.8,3.54,128.0,4.15,14.6,4.4,62.0,1277.0,395.0,350.0,1.0,14.0,3.0,49.0,10.0,32.0
1.0,22.0,28.0,36.95,45.0,84.0,32.74929577464789,0.2724183006535948,109.0,1.61,145.0,258.0,42.091,0.01,0.0,38.4,12.2,0.97,24.4,31.8,77.0,0.52,9.5,4.83,212.0,4.99,14.6,6.3,108.0,1277.0,395.0,350.0,1.0,14.0,3.0,49.0,12.0,32.0
1.0,48.0,48.0,42.29,115.0,179.0,43.3,0.13,79.0,1.41,62.0,366.0,50.112,0.05,0.26,56.1,18.8,2.54,31.6,33.5,94.3,0.52,11.0,4.76,185.0,5.95,14.3,8.1,72.0,1277.0,395.0,350.0,1.0,14.0,2.5321081081081083,49.0,180.0,32.0
1.0,13.0,27.0,40.0,115.0,44.0,27.0,0.08,287.0,0.87,88.0,309.7590361445783,63.117,0.02,0.04,42.4,14.7,0.61,25.1,34.7,72.4,0.43,10.1,2.99,174.0,5.86,13.2,4.1,58.0,1277.0,395.0,350.0,1.0,14.0,3.0,49.0,11.0,37.0
1.0,22.0,28.0,3.06,101.0,58.0,32.74929577464789,0.17,149.0,1.65,289.0,309.7590361445783,40.861,0.14,0.15,42.0,14.0,1.62,29.4,33.3,88.1,0.4,11.4,4.55,265.0,4.77,13.0,6.9,72.0,1277.0,395.0,350.0,1.0,13.0,3.0,49.0,10.0,39.0
1.0,12.0,19.0,41.58,95.0,57.0,23.9,0.26,122.0,1.29,121.0,260.0,47.811,0.02,0.02,44.0,14.8,1.11,33.0,33.6,98.2,0.8,9.5,10.13,263.0,4.48,16.3,12.1,10.0,6590.0,395.0,350.0,1.0,14.0,3.0,49.0,10.0,32.0
1.0,31.0,40.0,36.21,49.0,52.0,18.0,0.2724183006535948,126.0,1.08,134.0,309.7590361445783,72.151,0.01,0.01,39.4,14.2,1.88,29.8,36.0,82.6,0.28,8.8,4.12,198.0,4.77,13.4,6.3,70.0,1277.0,395.0,350.0,1.0,14.0,3.0,49.0,10.0,32.0
1.0,35.1980487804878,47.227053140096615,35.98,108.0,35.0,26.9,0.1,140.0,2.5478923766816144,37.0,309.7590361445783,62.15983168316831,0.04,0.04,43.1,13.6,1.68,27.3,31.6,86.4,1.01,8.7,7.89,165.0,4.99,17.4,10.7,72.0,1277.0,395.0,350.0,1.0,14.0,3.0,18.0,14.0,32.0
1.0,12.0,20.0,72.45486631016043,103.22543352601156,107.6153846153846,32.74929577464789,0.2724183006535948,104.0,1.09,350.527950310559,309.7590361445783,43.865,0.03,0.01,46.8,16.6,2.65,30.9,35.5,87.0,1.85,11.4,15.84,194.0,5.38,12.8,20.4,12.0,1277.0,68.0,350.0,1.0,14.0,2.5321081081081083,48.0,112.75,32.0
1.0,81.0,50.0,37.25,133.0,89.0,69.5,0.42,207.0,2.5478923766816144,507.0,519.0,62.15983168316831,0.0,0.0,35.6,12.4,1.67,29.6,34.8,85.0,0.46,10.9,4.09,142.0,4.19,12.9,6.2,252.0,2930.0,395.0,350.0,1.0,13.0,3.0,49.0,10.0,27.0
1.0,31.0,34.0,35.99,47.0,48.0,23.8,0.09,202.0,1.16,142.0,332.0,45.525,0.03,0.07,40.2,14.0,0.98,28.2,34.8,81.0,0.58,8.5,6.79,261.0,4.96,13.4,8.5,38.0,1277.0,395.0,350.0,1.0,14.0,3.0,49.0,10.0,32.0
1.0,33.0,43.0,41.4,119.0,55.0,32.74929577464789,0.2724183006535948,104.0,0.95,50.0,237.0,96.961,0.09,0.17,45.3,15.3,1.72,26.8,33.8,79.5,0.8,10.0,6.43,223.0,5.7,13.8,9.2,83.0,1277.0,395.0,350.0,1.0,14.0,0.0,49.0,10.0,32.0
1.0,17.0,31.0,42.21,60.0,41.0,10.0,0.15,151.0,1.04,111.0,309.7590361445783,74.466,0.13,0.0,38.6,12.8,37.92,30.6,33.2,92.3,0.29,11.7,5.68,130.0,4.18,15.4,44.0,72.0,1277.0,395.0,350.0,1.0,14.0,3.0,49.0,11.0,32.0
1.0,35.1980487804878,232.0,24.51,105.0,59.0,34.7,0.44,152.0,2.42,531.0,546.0,23.308,0.0,0.0,37.7,12.2,1.2,19.6,32.4,60.4,0.22,10.3,5.04,178.0,6.24,17.8,6.5,149.0,1277.0,395.0,350.0,1.0,14.0,3.0,49.0,23.0,32.0
1.0,19.0,38.0,72.45486631016043,103.22543352601156,107.6153846153846,32.74929577464789,0.36,108.0,1.88,115.0,309.7590361445783,34.169,0.02,0.03,36.8,12.6,0.76,27.2,34.2,79.5,0.6,10.5,4.99,259.0,4.63,13.6,6.4,91.0,1277.0,395.0,350.0,1.2,14.2,2.75,49.0,10.0,32.0
1.0,30.0,16.0,36.3,103.22543352601156,107.6153846153846,32.74929577464789,0.16,238.0,0.93,22.0,285.0,59.887,0.03,0.05,33.6,11.5,1.55,28.7,34.2,83.8,0.62,9.8,2.22,222.0,4.01,14.6,4.5,20.9,1277.0,395.0,350.0,1.2,14.2,2.75,49.0,10.0,32.0
1.0,31.0,32.0,40.3,174.0,107.6153846153846,32.74929577464789,0.12,277.0,0.63,350.527950310559,309.7590361445783,62.15983168316831,0.02,0.14,38.8,12.8,1.91,28.5,33.0,86.4,0.8,10.1,4.59,160.0,4.49,15.5,7.5,20.6,1072.0,395.0,350.0,1.2,14.2,2.75,49.0,10.0,32.0
1.0,35.1980487804878,47.227053140096615,34.98,79.0,51.0,26.4,0.12,88.0,0.87,60.0,309.7590361445783,63.117,0.04,0.01,35.6,11.6,4.78,27.4,32.6,84.2,0.62,10.3,21.38,215.0,4.23,14.7,26.8,111.0,1277.0,395.0,350.0,1.2,14.2,0.48,49.0,810.0,32.0
1.0,21.0,46.0,32.36,169.0,107.6153846153846,49.0,0.24,176.0,0.84,391.0,432.0,79.281,0.01,0.07,30.2,10.3,0.9,28.3,34.1,83.0,0.74,9.9,6.35,116.0,3.64,17.9,8.1,53.9,1277.0,395.0,350.0,1.2,14.2,2.75,49.0,10.0,32.0
1.0,22.0,52.0,24.59,170.0,54.0,23.6,0.2724183006535948,54.0,1.35,48.0,207.0,62.15983168316831,0.05,0.3,37.9,12.6,2.32,29.0,33.2,87.3,0.77,10.7,5.74,211.0,4.34,13.3,9.2,72.0,1277.0,395.0,350.0,1.2,14.2,2.5321081081081083,49.0,49.0,32.0
1.0,24.1,44.0,72.45486631016043,103.22543352601156,107.6153846153846,32.74929577464789,0.2724183006535948,220.0,1.29,350.527950310559,309.7590361445783,51.29,0.0,0.0,34.0,11.8,0.57,26.9,34.7,77.4,0.48,10.3,7.65,209.0,4.39,15.2,8.7,77.6,1020.0,395.0,350.0,1.2,14.2,2.75,49.0,10.0,32.0
1.0,32.0,50.0,30.86,87.0,66.0,46.0,0.2724183006535948,139.0,0.62,63.0,309.7590361445783,86.645,0.03,0.0,50.6,16.7,0.35,25.7,33.0,78.0,0.68,10.3,6.44,192.0,6.49,19.3,7.5,67.3,1277.0,395.0,350.0,1.2,14.2,2.75,49.0,23.0,32.0
1.0,56.0,146.0,33.41,148.0,43.0,204.9,0.2724183006535948,115.0,2.57,128.0,309.7590361445783,17.038,0.01,0.04,38.1,11.2,1.19,23.7,29.4,80.7,0.6,9.2,8.25,302.0,4.72,18.4,10.1,72.0,1277.0,395.0,350.0,0.96,11.5,2.5321081081081083,49.0,10.0,24.4
1.0,35.1980487804878,47.227053140096615,30.8,103.22543352601156,107.6153846153846,32.74929577464789,0.04,170.0,0.74,350.527950310559,309.7590361445783,77.299,0.02,0.03,29.6,9.3,1.74,26.1,31.4,83.1,0.54,9.7,4.55,213.0,3.56,15.9,6.9,72.0,919.0,395.0,350.0,1.2,14.2,2.5321081081081083,49.0,390.0,32.0
1.0,6.0,17.0,35.5,193.0,86.0,106.0,0.35,113.0,1.07,102.0,184.0,60.786,0.02,0.08,32.9,11.0,0.87,29.5,33.4,88.2,0.34,11.6,3.19,148.0,3.73,14.6,4.5,88.3,1277.0,395.0,350.0,1.2,14.2,0.23,49.0,10.0,32.0
1.0,22.0,19.0,43.27,106.0,79.0,10.9,0.04,147.0,1.91,262.0,250.0,34.72,0.02,0.0,29.9,9.8,0.73,28.1,32.8,85.7,0.19,9.8,8.81,202.0,3.49,17.1,9.8,116.0,1277.0,395.0,350.0,1.2,14.2,2.75,49.0,13.0,32.0
1.0,14.0,47.227053140096615,31.4,103.22543352601156,107.6153846153846,32.74929577464789,0.16,115.0,1.5,350.527950310559,371.0,34.801,0.04,0.11,42.5,13.9,0.75,29.1,32.7,89.1,0.43,12.0,2.29,158.0,4.77,13.5,3.6,72.0,1277.0,395.0,350.0,1.03,12.3,2.5321081081081083,10.0,112.75,34.0
1.0,9.0,25.0,28.3,103.22543352601156,107.6153846153846,32.74929577464789,0.09,127.0,0.73,239.0,455.0,88.844,0.03,0.21,28.8,9.2,1.59,27.1,31.9,84.7,0.9,9.3,4.5,257.0,3.4,14.2,7.2,48.3,1277.0,57.0,350.0,1.2,14.2,2.75,78.0,10.0,32.0
1.0,8.0,9.0,39.8,74.0,107.6153846153846,32.74929577464789,0.2724183006535948,97.0,2.37,350.527950310559,309.7590361445783,25.824,0.02,0.06,41.4,13.1,1.69,28.7,31.6,90.8,0.47,8.6,3.01,295.0,4.56,13.6,5.3,17.5,388.0,395.0,350.0,1.2,14.2,2.75,49.0,10.0,32.0
1.0,14.0,20.0,40.2,103.22543352601156,107.6153846153846,32.74929577464789,0.07,202.0,0.88,55.0,229.0,65.389,0.01,0.0,37.9,13.2,0.53,28.6,34.8,82.2,0.46,9.0,6.14,186.0,4.61,13.0,7.1,64.5,1277.0,395.0,296.79,1.04,12.4,2.75,49.0,10.0,28.2
1.0,345.0,176.0,43.6,217.0,174.0,26.5,0.1,194.0,0.8,109.0,337.0,89.953,0.01,0.0,38.0,12.5,0.78,24.0,32.9,73.1,1.06,12.4,8.34,178.0,5.2,13.6,10.2,72.0,1277.0,395.0,350.0,1.15,13.7,2.75,49.0,10.0,22.5
1.0,82.0,76.0,38.8,66.0,100.0,22.7,0.2724183006535948,212.0,0.65,449.0,298.0,90.876,0.01,0.0,33.9,11.4,2.73,28.9,33.6,85.8,0.49,9.9,5.09,218.0,3.95,13.3,8.3,24.2,479.0,395.0,350.0,1.2,14.2,2.75,49.0,10.0,32.0
1.0,17.0,20.0,42.1,88.0,107.6153846153846,32.74929577464789,0.1,98.0,1.09,350.527950310559,309.7590361445783,62.15983168316831,0.05,0.17,33.6,10.7,1.19,28.3,31.8,88.9,0.72,11.4,4.22,250.0,3.78,15.0,6.4,22.0,1277.0,395.0,350.0,1.2,14.2,2.75,49.0,43.0,32.0
1.0,16.0,25.0,40.93,112.0,81.0,22.4,0.09,138.0,1.11,79.0,309.7590361445783,50.883,0.01,0.04,28.1,8.0,1.1,19.4,28.5,68.0,0.72,9.3,6.49,295.0,4.13,19.9,8.4,3.02,1277.0,395.0,350.0,1.2,14.2,2.75,49.0,10.0,32.0
1.0,520.0,200.0,72.45486631016043,124.0,107.6153846153846,32.74929577464789,0.2724183006535948,1080.0,2.5478923766816144,50.0,309.7590361445783,62.15983168316831,0.01,0.02,34.2,11.0,0.89,26.0,32.2,80.9,0.64,10.8,3.62,229.0,4.23,17.2,5.2,72.0,1277.0,395.0,350.0,1.07,12.8,2.5321081081081083,49.0,112.75,32.1
1.0,27.0,29.0,72.45486631016043,103.22543352601156,107.6153846153846,32.74929577464789,0.2724183006535948,180.0,1.99,350.527950310559,309.7590361445783,32.808,0.02,0.05,36.2,11.3,2.65,26.8,31.2,85.8,0.72,10.0,3.63,209.0,4.22,13.9,7.1,3.02,1277.0,395.0,350.0,1.2,14.2,2.5321081081081083,49.0,112.75,32.0
1.0,35.1980487804878,47.227053140096615,72.45486631016043,103.22543352601156,107.6153846153846,32.74929577464789,0.2724183006535948,93.0,1.76,350.527950310559,309.7590361445783,37.266,0.01,0.02,42.6,14.9,0.64,30.1,35.0,86.1,0.5,11.0,7.69,196.0,4.95,12.4,8.9,124.0,2044.0,395.0,350.0,1.2,14.2,2.75,49.0,14.0,32.0
1.0,12.0,28.0,38.79,123.0,112.0,27.1,0.16,94.0,1.41,151.0,309.7590361445783,44.471,0.04,0.15,42.6,14.2,2.92,28.3,33.3,85.0,0.7,10.8,4.72,169.0,5.01,15.1,8.5,152.0,1277.0,395.0,350.0,1.23,14.6,2.75,49.0,10.0,22.2
1.0,9.0,15.0,40.96,73.0,18.0,15.5,0.5,579.0,1.19,56.0,148.0,59.396,0.07,0.17,37.4,12.2,1.08,32.7,32.6,100.3,0.34,11.7,6.56,282.0,3.73,16.0,8.2,72.0,1277.0,395.0,350.0,1.2,14.2,2.75,49.0,10.0,32.0
1.0,60.0,210.0,2960.0,140.0,420.0,460.0,5.0,1070.0,90.0,24.0,309.7590361445783,85.628,0.05,0.17,40.0,13.3,2.61,30.6,33.3,92.0,0.61,9.7,4.88,212.0,4.35,13.7,8.3,72.0,1277.0,395.0,350.0,1.2,14.2,2.75,49.0,10.0,32.0
1.0,53.0,275.0,43.6,183.0,58.0,121.0,0.2724183006535948,114.0,1.13,59.0,309.7590361445783,43.496,0.04,0.06,37.2,12.1,1.18,31.0,32.5,95.4,0.39,10.7,2.82,180.0,3.9,13.1,4.5,72.0,1277.0,395.0,350.0,1.02,12.2,2.5321081081081083,49.0,10.0,24.3
1.0,35.1980487804878,47.227053140096615,31.7,103.22543352601156,107.6153846153846,32.74929577464789,0.2724183006535948,108.0,6.79,350.527950310559,309.7590361445783,7.815,0.04,0.01,27.1,9.0,0.57,29.1,33.2,87.7,0.4,11.1,4.71,240.0,3.09,15.4,5.7,123.0,1277.0,438.8,350.0,1.2,14.2,2.75,70.0,10.0,32.0
1.0,46.0,26.0,25.9,59.0,107.6153846153846,32.74929577464789,0.35,207.0,3.69,350.527950310559,309.7590361445783,15.12,0.0,0.0,37.4,13.0,0.24,28.2,34.8,81.1,0.71,10.0,9.52,307.0,4.61,13.4,10.5,130.0,1277.0,395.0,350.0,1.2,14.2,2.75,49.0,10.0,32.0
1.0,12.0,15.0,72.45486631016043,103.22543352601156,107.6153846153846,32.74929577464789,0.2724183006535948,166.0,0.64,350.527950310559,309.7590361445783,85.745,0.02,0.11,38.3,12.4,2.61,27.3,32.4,84.4,0.57,12.1,5.35,84.0,4.54,13.8,8.7,72.0,1277.0,395.0,350.0,1.2,14.2,2.75,49.0,15.0,32.0
1.0,29.1,29.0,72.45486631016043,103.22543352601156,107.6153846153846,32.74929577464789,0.2724183006535948,182.0502283105023,1.79,350.527950310559,309.7590361445783,40.004,0.04,0.01,32.8,12.0,0.44,30.5,36.6,83.2,0.56,11.9,20.8,163.0,3.94,12.0,21.9,72.0,1277.0,395.0,350.0,1.2,14.2,2.5321081081081083,49.0,300.0,32.0
1.0,21.0,22.0,40.68,107.0,52.0,14.8,0.2724183006535948,101.0,0.9,68.0,309.7590361445783,93.159,0.13,0.61,38.8,13.7,23.44,28.8,35.3,81.5,0.72,9.7,5.07,238.0,4.76,12.8,30.0,72.0,1277.0,395.0,350.0,0.96,11.5,2.75,49.0,10.0,25.5
1.0,35.1980487804878,47.227053140096615,33.6,71.0,60.0,27.7,0.39,118.0,0.89,118.0,309.7590361445783,83.639,0.03,0.01,40.5,14.2,1.32,29.8,35.1,84.9,1.05,10.9,16.21,196.0,4.77,12.7,18.6,216.0,650.0,395.0,350.0,1.2,14.2,2.75,49.0,10.0,32.0
1.0,20.0,26.0,72.45486631016043,103.22543352601156,107.6153846153846,32.74929577464789,0.2724183006535948,321.0,0.87,350.527950310559,309.7590361445783,83.833,0.02,0.0,44.5,15.4,0.97,28.8,34.6,83.2,0.52,10.9,8.46,193.0,5.35,13.2,10.0,45.1,1277.0,395.0,350.0,1.2,14.2,2.75,49.0,10.0,32.0
1.0,18.0,32.0,6.4,78.0,54.0,17.0,0.05,141.0,0.46,174.0,309.7590361445783,108.469,0.0,0.0,36.7,11.0,0.85,22.4,30.0,74.6,0.45,9.7,4.74,212.0,4.92,16.8,6.0,59.1,1277.0,395.0,350.0,1.2,14.2,2.75,49.0,10.0,32.0
1.0,16.0,27.0,36.1,76.0,57.0,40.0,0.1,185.0,1.53,821.0,340.0,39.727,0.01,0.13,36.8,12.6,1.44,29.5,34.2,86.2,0.59,9.0,3.32,241.0,4.27,13.8,5.5,72.0,1277.0,395.0,350.0,2.99,33.7,2.75,49.0,10.0,32.0
1.0,30.0,84.0,72.45486631016043,103.22543352601156,107.6153846153846,32.74929577464789,0.2724183006535948,135.0,1.35,287.0,309.7590361445783,49.234,0.02,0.14,39.5,13.7,1.9,29.7,34.7,85.5,0.55,9.2,3.05,166.0,4.62,13.6,5.7,72.0,1277.0,395.0,350.0,1.2,14.2,2.5321081081081083,49.0,10.0,32.0
1.0,73.0,57.0,37.72,94.0,73.0,29.2,0.01,126.0,0.52,64.0,309.7590361445783,98.488,0.03,0.02,52.7,16.1,2.6,28.1,30.6,92.0,0.6,8.9,7.88,263.0,5.73,16.5,11.1,3.92,1277.0,395.0,350.0,0.97,11.7,2.75,49.0,10.0,25.1
1.0,30.0,80.0,30.61,38.0,156.0,47.0,0.15,103.0,1.67,695.0,309.7590361445783,38.88,0.01,0.01,41.9,14.0,1.35,26.7,33.4,79.8,0.52,9.3,4.01,135.0,5.25,14.0,5.9,19.6,1277.0,395.0,350.0,1.2,14.2,0.12,49.0,10.0,32.0
1.0,27.0,31.0,9.02,70.0,56.0,32.4,0.09,123.0,1.13,177.0,309.7590361445783,44.735,0.05,0.1,33.2,10.7,1.25,29.5,32.2,91.5,1.38,11.0,8.77,226.0,3.63,16.8,11.6,72.0,1277.0,395.0,350.0,1.2,14.2,2.75,49.0,10.0,32.0
1.0,15.0,40.0,30.2,68.0,107.6153846153846,32.74929577464789,0.41,133.0,0.88,350.527950310559,309.7590361445783,76.695,0.01,0.03,40.5,14.3,1.02,29.1,35.3,82.5,0.15,10.1,12.39,113.0,4.91,13.7,13.6,184.0,1277.0,282.5,350.0,1.48,17.4,23.0,54.0,15.0,38.2
1.0,25.0,36.0,40.0,65.0,75.0,32.74929577464789,0.2724183006535948,166.0,1.3,50.0,575.0,40.797,0.04,0.04,39.3,12.8,3.55,30.3,32.6,93.1,0.72,11.2,8.52,165.0,4.22,15.1,12.9,15.1,1277.0,395.0,350.0,1.2,14.2,2.5321081081081083,3.0,112.75,32.0
1.0,19.0,18.0,38.8,95.0,107.6153846153846,32.74929577464789,0.09,129.0,1.42,74.0,309.7590361445783,45.991,0.08,0.18,41.4,13.8,1.67,27.8,33.3,83.5,0.56,11.0,4.73,212.0,4.96,14.3,7.2,13.9,1277.0,395.0,350.0,1.2,14.2,2.5321081081081083,49.0,112.75,32.0
1.0,19.0,15.0,72.45486631016043,103.22543352601156,107.6153846153846,32.74929577464789,0.2724183006535948,150.0,0.99,350.527950310559,309.7590361445783,61.698,0.09,0.28,33.0,11.3,2.09,28.3,34.2,82.7,0.63,10.2,4.47,336.0,3.99,12.9,7.6,72.0,1277.0,395.0,350.0,1.2,14.2,2.75,59.0,10.0,32.0
1.0,93.0,81.0,37.96,46.0,165.0,16.1,0.13,147.0,1.57,500.0,309.7590361445783,45.259,0.0,0.02,43.8,14.6,2.42,27.5,33.3,82.5,0.48,11.1,4.51,208.0,5.31,14.0,7.4,55.9,409.0,395.0,359.7,1.2,14.2,2.75,49.0,10.0,32.0
1.0,14.0,15.0,39.16,54.0,70.0,13.3,0.22,128.0,0.84,60.0,240.0,82.694,0.03,0.05,42.3,14.9,2.56,31.0,35.2,88.1,0.53,10.7,3.36,182.0,4.8,12.0,6.5,72.0,1277.0,395.0,350.0,1.2,14.2,2.75,49.0,10.0,32.0
1.0,52.0,58.0,45.67,59.0,63.0,36.8,0.11,118.0,0.76,1009.0,309.7590361445783,89.876,0.01,0.0,38.9,13.3,0.76,28.8,34.2,84.2,0.38,9.3,3.41,203.0,4.62,13.8,4.6,11.0,1277.0,395.0,350.0,1.2,14.2,0.12,49.0,10.0,32.0
1.0,17.0,31.0,27.5,37.0,107.6153846153846,32.74929577464789,0.1,259.0,1.42,350.527950310559,309.7590361445783,34.42,0.0,0.01,37.2,12.5,0.59,29.3,33.6,87.3,0.52,12.2,6.03,135.0,4.26,12.9,7.2,115.0,1277.0,395.0,350.0,1.2,14.2,2.75,44.0,15.0,32.0
1.0,51.0,103.0,72.45486631016043,103.22543352601156,107.6153846153846,32.74929577464789,0.2724183006535948,135.0,1.67,350.527950310559,309.7590361445783,27.508,0.01,0.01,38.3,12.7,0.86,28.0,33.2,84.4,0.59,9.4,2.37,232.0,4.54,12.9,3.8,72.0,655.0,395.0,350.0,1.2,14.2,2.5321081081081083,49.0,10.0,32.0
1.0,8.0,18.0,35.16,63.0,47.0,25.8,0.2724183006535948,117.0,0.51,50.0,152.0,91.749,0.02,0.35,28.1,8.6,0.8,24.4,30.6,79.6,1.54,9.1,12.89,279.0,3.53,16.6,15.6,20.6,1277.0,395.0,350.0,1.2,14.2,2.5321081081081083,49.0,10.0,32.0
1.0,15.0,19.0,43.43,83.0,124.0,15.5,0.12,167.0,0.76,93.0,222.0,80.294,0.05,0.17,35.5,11.5,2.2,27.3,32.4,84.1,0.43,9.3,7.97,256.0,4.22,13.2,10.8,3.45,1277.0,395.0,350.0,1.2,14.2,2.5321081081081083,49.0,10.0,32.0
1.0,15.0,39.0,35.4,39.0,89.0,24.0,0.12,188.0,2.02,307.0,521.0,62.15983168316831,0.04,0.0,43.4,14.6,2.53,29.1,33.6,86.5,0.53,10.9,9.19,356.0,5.02,14.4,12.3,143.0,1277.0,395.0,350.0,1.2,14.2,2.75,49.0,19.0,32.0
1.0,7.0,10.0,34.4,550.0,88.0,28.9,0.13,488.0,4.9,95.0,309.7590361445783,12.008,0.02,0.14,28.2,9.5,1.35,30.1,33.7,89.2,0.66,11.4,5.25,215.0,3.16,14.4,7.4,72.0,1277.0,395.0,350.0,1.04,12.5,2.75,49.0,10.0,35.3
1.0,7.0,18.0,41.43,73.0,85.0,16.0,0.2724183006535948,137.0,1.27,439.0,201.0,62.15983168316831,0.01,0.0,35.9,11.5,2.61,27.1,32.0,84.7,0.7,10.2,4.47,261.0,4.24,15.9,7.8,14.7,1277.0,395.0,350.0,1.2,14.2,0.12,49.0,10.0,32.0
1.0,20.0,523.0,33.23,60.0,69.0,30.9,0.2,160.0,1.37,23220.0,309.7590361445783,54.501,0.02,0.0,39.3,13.6,0.56,28.9,34.6,83.4,0.35,11.1,10.44,172.0,4.71,12.5,11.4,187.0,1277.0,395.0,350.0,1.2,14.2,2.75,49.0,10.0,32.0
1.0,7.0,23.0,17.95,54.0,71.0,26.5,0.27,145.0,1.98,150.0,335.0,21.77,0.02,0.0,36.9,12.2,0.68,29.0,33.1,87.6,0.74,9.1,17.3,139.0,4.21,18.6,18.7,184.0,1277.0,395.0,350.0,1.23,14.6,2.75,49.0,45.0,29.5
1.0,10.0,15.0,43.03,66.0,47.0,19.3,0.2724183006535948,212.0,86.0,99.0,210.0,84.232,0.03,0.14,31.0,10.1,1.11,25.8,32.6,79.1,0.68,12.1,3.99,140.0,3.92,16.5,6.0,6.79,1277.0,395.0,314.72,1.15,13.7,2.75,49.0,10.0,29.6
1.0,35.1980487804878,47.227053140096615,42.9,63.0,81.0,36.9,0.27,79.0,1.04,259.0,309.7590361445783,79.885,0.02,0.05,47.4,15.9,3.08,30.1,33.5,89.8,0.9,10.7,2.77,137.0,5.28,14.4,6.8,4.6,1277.0,395.0,350.0,1.2,14.2,2.5321081081081083,49.0,112.75,32.0
1.0,14.0,20.0,33.0,68.0,39.0,32.9,0.15,59.0,0.95,40.0,309.7590361445783,70.188,0.01,0.0,44.5,15.3,0.43,28.9,34.4,84.1,0.45,9.8,3.76,163.0,5.29,13.8,4.7,3.69,1277.0,395.0,350.0,1.2,14.2,2.5321081081081083,49.0,112.75,32.0
1.0,35.1980487804878,47.227053140096615,72.45486631016043,103.22543352601156,107.6153846153846,32.74929577464789,0.2724183006535948,149.0,1.25,350.527950310559,309.7590361445783,55.575,0.06,0.01,34.6,10.7,2.53,21.9,30.9,70.8,1.29,9.1,2.96,370.0,4.89,18.4,6.9,5.99,1277.0,395.0,350.0,1.2,14.2,2.75,49.0,10.0,32.0
1.0,10.0,19.0,34.06,118.0,92.0,21.7,0.06,111.0,0.76,220.0,309.7590361445783,88.002,0.02,0.04,33.3,11.3,0.57,30.5,33.9,89.8,1.24,9.4,8.24,328.0,3.71,13.3,10.1,17.1,1277.0,395.0,350.0,1.2,14.2,2.75,49.0,16.0,32.0
1.0,18.0,25.0,72.45486631016043,103.22543352601156,107.6153846153846,32.74929577464789,0.2724183006535948,139.0,0.7,350.527950310559,309.7590361445783,95.615,0.01,0.0,47.2,15.3,1.12,26.9,32.4,83.1,0.49,9.0,4.29,148.0,5.68,14.6,5.9,55.1,1277.0,395.0,350.0,1.2,14.2,2.75,49.0,10.0,32.0
1.0,35.1980487804878,47.227053140096615,39.64,81.0,40.0,8.6,0.14,141.0,0.95,54.0,309.7590361445783,76.361,0.01,0.01,45.8,15.8,1.32,30.1,34.5,87.2,0.73,8.8,5.31,135.0,5.25,13.3,7.4,3.72,501.0,395.0,350.0,1.2,14.2,2.75,49.0,10.0,32.0
1.0,14.1,16.0,27.2,37.0,107.6153846153846,32.74929577464789,0.13,135.0,1.3,350.527950310559,309.7590361445783,41.084,0.01,0.0,44.9,14.2,1.33,27.8,31.6,87.9,0.26,10.9,3.38,189.0,5.11,15.2,5.0,81.8,1380.0,395.0,350.0,1.2,14.2,2.5321081081081083,49.0,10.0,32.0
1.0,17.0,27.0,39.25,88.0,77.0,18.7,0.11,93.0,0.81,24.0,309.7590361445783,68.331,0.02,0.0,46.4,15.2,2.11,30.0,32.8,91.5,0.67,10.9,6.67,267.0,5.07,13.7,9.5,69.3,1277.0,395.0,350.0,1.2,14.2,2.75,49.0,10.0,32.0
1.0,232.0,154.0,35.26,260.0,31.0,64.8,0.27,768.0,2.87,527.0,445.0,22.135,0.01,0.01,29.8,10.1,1.07,28.0,33.9,82.5,0.09,13.4,13.38,254.0,3.61,14.0,14.6,91.5,1640.0,395.0,350.0,1.2,14.2,2.75,49.0,140.0,32.0
1.0,9.7,5.0,38.3,103.22543352601156,107.6153846153846,32.74929577464789,0.2724183006535948,142.0,9.34,350.527950310559,309.7590361445783,4.954,0.06,0.45,35.9,11.7,1.47,28.7,32.6,88.2,0.65,8.8,3.42,266.0,4.07,15.3,6.1,10.2,1277.0,302.3,350.0,1.2,14.2,2.75,49.0,10.0,32.0
1.0,9.0,28.0,39.7,62.0,71.0,16.7,0.18,156.0,0.59,77.0,309.7590361445783,86.842,0.08,0.09,42.3,14.4,1.57,27.1,34.0,79.7,0.94,10.4,8.44,344.0,5.31,14.7,11.1,72.0,1277.0,395.0,350.0,1.17,13.9,2.75,49.0,10.0,44.6
1.0,35.1980487804878,47.227053140096615,38.06,56.0,75.0,109.4,0.07,102.0,0.71,85.0,309.7590361445783,101.263,0.01,0.0,40.4,14.6,0.63,31.1,36.1,86.0,0.41,9.3,5.7,192.0,4.7,13.2,6.8,56.2,552.0,395.0,350.0,1.2,14.2,2.75,49.0,10.0,32.0
1.0,11.0,15.0,33.96,56.0,30.0,15.3,0.37,409.0,1.44,120.0,309.7590361445783,48.171,0.04,0.0,42.1,14.6,0.8,27.2,34.7,78.5,1.3,9.5,24.84,200.0,5.36,12.3,27.0,72.0,1277.0,395.0,350.0,1.02,12.2,2.5321081081081083,49.0,112.75,27.2
1.0,35.1980487804878,47.227053140096615,72.45486631016043,103.22543352601156,107.6153846153846,32.74929577464789,0.2724183006535948,182.0502283105023,1.84,350.527950310559,309.7590361445783,34.098,0.02,0.19,42.3,14.5,3.02,28.4,34.3,82.9,0.55,10.8,3.14,270.0,5.1,13.1,6.9,72.0,1277.0,395.0,350.0,1.01,12.1,2.5321081081081083,49.0,112.75,25.5
1.0,24.0,38.0,37.62,42.0,115.0,26.3,0.1,133.0,1.91,266.0,272.0,27.294,0.0,0.0,36.4,12.7,2.2,32.6,34.9,93.6,0.44,12.9,4.29,141.0,3.89,14.5,6.9,33.2,1277.0,395.0,350.0,1.2,14.2,2.75,49.0,10.0,32.0
1.0,48.0,23.0,72.45486631016043,96.0,107.6153846153846,32.74929577464789,0.2724183006535948,308.0,1.09,350.527950310559,309.7590361445783,76.544,0.02,0.02,48.7,17.4,0.72,32.0,35.7,89.7,0.5,9.0,13.92,184.0,5.43,12.6,15.2,25.9,1277.0,395.0,350.0,1.2,14.2,0.49,49.0,10.0,32.0
1.0,60.0,100.0,31.74,89.0,75.0,30.7,0.35,274.0,1.04,58.0,309.7590361445783,48.767,0.04,0.01,34.4,11.0,4.13,29.7,32.0,93.0,0.44,10.8,7.66,250.0,3.7,14.3,12.3,93.0,8295.0,395.0,350.0,1.2,14.2,2.75,49.0,160.0,32.0
1.0,12.0,34.0,43.41,64.0,47.0,32.1,0.1,151.0,1.06,1785.0,326.0,50.412,0.05,0.13,43.8,15.0,2.94,30.2,34.2,88.1,0.55,10.3,6.76,197.0,4.97,13.2,10.4,3.32,901.0,395.0,350.0,1.02,12.2,0.12,49.0,10.0,32.0
1.0,18.0,34.0,36.81,72.0,125.0,15.6,0.14,193.0,1.4,352.0,340.0,51.621,0.02,0.18,43.1,15.1,1.43,30.0,35.0,85.5,0.29,10.0,3.26,160.0,5.04,12.9,5.2,72.0,1277.0,395.0,350.0,0.98,11.8,2.5321081081081083,2.0,112.75,32.6
1.0,42.0,93.0,28.0,103.22543352601156,107.6153846153846,32.74929577464789,0.2724183006535948,96.0,0.84,350.527950310559,309.7590361445783,68.207,0.03,0.03,29.4,9.8,0.88,28.2,33.3,84.5,0.5,11.6,5.5,312.0,3.48,16.1,6.9,14.0,1277.0,395.0,350.0,1.06,12.7,2.75,7.0,10.0,27.8
1.0,154.0,48.0,72.45486631016043,103.22543352601156,107.6153846153846,32.74929577464789,0.27,188.0,1.37,41.0,309.7590361445783,50.095,0.02,0.0,43.9,15.9,1.27,31.7,36.2,87.5,0.67,10.4,6.06,200.0,5.02,12.8,8.0,32.3,1277.0,395.0,350.0,1.2,14.2,0.16,49.0,10.0,32.0
1.0,9.0,26.0,28.44,87.0,107.6153846153846,58.8,0.06,375.0,3.59,293.0,309.7590361445783,16.076,0.01,0.0,31.3,9.9,0.83,24.9,31.6,78.8,1.08,10.4,7.41,368.0,3.97,14.0,9.3,72.0,1277.0,395.0,350.0,10.47,110.0,2.75,49.0,10.0,68.0
1.0,14.0,29.0,40.5,67.0,89.0,18.0,0.57,106.0,1.38,90.0,262.0,34.887,0.03,0.02,30.7,9.7,0.63,28.8,31.6,91.1,0.35,9.9,2.9,132.0,3.37,14.8,3.9,72.0,1277.0,395.0,350.0,1.09,13.0,2.5321081081081083,49.0,10.0,24.7
1.0,35.1980487804878,14.0,34.4,76.0,92.0,17.4,0.14,107.0,1.59,95.0,238.0,28.581,0.02,0.11,40.3,12.3,2.76,28.3,30.5,92.9,0.61,10.2,6.01,231.0,4.34,15.2,9.5,8.79,1277.0,395.0,350.0,1.2,14.2,2.75,49.0,10.0,32.0
1.0,15.0,24.0,72.45486631016043,103.22543352601156,107.6153846153846,32.74929577464789,0.2724183006535948,118.0,1.0,350.527950310559,309.7590361445783,62.15983168316831,0.02,0.04,49.5,16.5,1.2,29.2,33.3,87.5,0.49,9.3,4.55,184.0,5.66,13.6,6.3,75.4,1277.0,395.0,350.0,1.2,14.2,2.75,49.0,10.0,32.0
1.0,36.0,87.0,37.51,60.0,56.0,51.4,0.16,118.0,1.13,866.0,481.0,47.991,0.02,0.0,42.5,14.9,2.02,29.9,35.1,85.3,0.6,11.4,3.29,199.0,4.98,13.2,5.9,88.0,653.0,395.0,350.0,1.2,14.2,2.75,49.0,10.0,32.0
1.0,33.0,40.0,34.8,80.0,66.0,25.6,0.11,175.0,0.84,883.0,211.0,93.183,0.01,0.01,39.0,13.5,1.57,29.3,34.6,84.8,0.52,12.8,5.41,111.0,4.6,13.2,7.5,16.8,499.0,395.0,350.0,1.2,14.2,2.75,49.0,10.0,32.0
1.0,35.1980487804878,47.227053140096615,42.47,50.0,40.0,61.1,0.12,130.0,0.62,242.0,309.7590361445783,91.654,0.01,0.0,37.2,13.2,0.74,28.9,35.5,81.4,0.33,10.1,3.23,129.0,4.57,13.6,4.3,72.0,1277.0,395.0,350.0,1.86,21.5,2.75,49.0,10.0,28.2
1.0,10.0,27.0,72.45486631016043,103.22543352601156,107.6153846153846,32.74929577464789,0.2724183006535948,131.0,1.28,350.527950310559,309.7590361445783,51.775,0.03,0.1,44.5,14.4,2.03,30.3,32.4,93.5,0.97,10.5,5.6,215.0,4.76,14.7,8.7,3.02,1277.0,77.0,350.0,1.2,14.2,2.5321081081081083,13.0,10.0,32.0
1.0,27.0,21.0,39.93,81.0,68.0,10.7,0.08,100.0,1.09,42.0,198.0,68.407,0.09,0.12,45.1,15.1,3.08,30.6,33.5,91.3,0.53,10.2,4.16,218.0,4.94,12.3,8.0,42.9,1277.0,74.9,354.74,1.2,14.2,0.37,36.0,0.0,32.24891774891775
1.0,169.0,127.0,38.22,511.0,37.0,32.74929577464789,0.2724183006535948,137.0,0.6,117.0,352.0,87.585,0.11,0.05,40.3,12.9,8.8,29.1,32.0,91.0,0.77,10.3,22.78,338.0,4.43,13.4,32.5,39.6,1277.0,395.0,350.0,1.2,14.2,2.75,49.0,10.0,32.0
1.0,32.0,42.0,44.0,80.0,107.6153846153846,32.74929577464789,0.2724183006535948,182.0502283105023,1.23,350.527950310559,309.7590361445783,42.411,0.0,0.05,40.3,14.1,2.75,29.2,35.0,83.4,0.64,11.4,4.9,230.0,4.83,14.1,8.3,141.0,1277.0,395.0,350.0,1.2,14.2,2.75,49.0,16.0,32.0
1.0,35.1980487804878,45.0,27.71,224.0,42.0,25.1,0.44,112.0,2.02,223.0,383.0,27.606,0.03,0.1,29.2,9.9,1.2,29.4,33.9,86.6,0.85,10.2,10.67,282.0,3.37,16.2,12.9,99.0,1277.0,395.0,350.0,1.2,14.2,2.75,49.0,10.0,32.0
1.0,29.0,30.0,32.8,96.0,107.6153846153846,22.4,0.04,158.0,0.44,23.0,309.7590361445783,135.888,0.05,0.03,40.9,14.6,0.9,32.7,35.7,91.5,1.86,12.5,7.6,160.0,4.47,12.4,10.4,8.94,1277.0,395.0,350.0,1.2,14.2,2.5321081081081083,49.0,112.75,32.0
1.0,22.0,52.0,34.4,79.0,43.0,23.7,0.08,396.0,2.12,72.0,450.0,31.258,0.04,0.04,33.6,10.6,2.02,25.0,31.5,79.2,0.95,10.4,9.27,375.0,4.24,14.1,12.3,6.8,1277.0,395.0,350.0,1.2,14.2,2.5321081081081083,2.0,112.75,32.0
1.0,89.0,334.0,24.1,98.0,107.6153846153846,32.74929577464789,0.43,210.0,3.36,350.527950310559,309.7590361445783,16.121,0.03,0.36,50.2,14.9,2.63,28.0,29.7,94.4,0.63,10.7,4.12,138.0,5.32,15.3,7.8,47.5,1277.0,395.0,350.0,1.2,14.2,2.75,49.0,10.0,32.0
1.0,19.0,31.0,36.5,59.0,107.6153846153846,32.74929577464789,0.24,182.0502283105023,1.21,350.527950310559,309.7590361445783,58.621,0.02,0.0,39.8,13.7,0.83,30.0,34.4,87.1,0.44,11.0,9.95,149.0,4.57,14.5,11.2,53.5,1080.0,395.0,350.0,1.2,14.2,2.75,49.0,34.0,32.0
1.0,15.0,40.0,33.83,82.0,113.0,31.4,0.07,76.0,1.78,371.0,309.7590361445783,24.935,0.0,0.0,33.8,11.9,1.21,30.0,35.2,85.1,0.28,11.7,2.64,168.0,3.97,13.2,4.1,74.0,277.0,395.0,350.0,1.2,14.2,2.75,49.0,10.0,32.0
1.0,35.1980487804878,47.227053140096615,32.6,87.0,30.0,30.8,0.09,262.0,0.72,88.0,309.7590361445783,91.252,0.01,0.0,34.3,12.7,0.96,30.0,37.0,81.1,0.68,10.0,6.96,234.0,4.23,11.6,8.6,72.0,1277.0,395.0,350.0,1.2,14.2,2.75,49.0,57.0,32.0
1.0,15.0,21.0,72.45486631016043,103.22543352601156,107.6153846153846,32.74929577464789,0.2724183006535948,85.0,0.79,350.527950310559,309.7590361445783,62.15983168316831,0.02,0.13,34.9,11.9,1.83,28.7,34.1,84.1,0.53,10.5,2.98,187.0,4.15,14.5,5.5,75.1,1277.0,395.0,350.0,1.2,14.2,2.75,49.0,10.0,32.0
1.0,51.0,63.0,72.45486631016043,103.22543352601156,107.6153846153846,32.74929577464789,0.2724183006535948,130.0,0.7,350.527950310559,309.7590361445783,85.626,0.07,0.13,46.4,15.1,1.6,28.8,32.5,88.5,0.5,10.6,3.7,174.0,5.24,14.1,6.0,3.02,1277.0,395.0,350.0,1.08,12.9,2.75,49.0,54.0,24.4
1.0,36.0,43.0,41.04,123.0,68.0,32.4,0.18,211.0,2.9,207.0,309.7590361445783,19.534,0.04,0.06,27.1,8.8,0.48,30.9,32.5,95.1,0.29,10.4,12.12,266.0,2.85,15.8,13.0,72.0,1277.0,395.0,350.0,1.11,13.2,2.5321081081081083,49.0,112.75,29.5
1.0,27.0,21.0,32.27,117.0,37.0,22.6,0.08,161.0,1.07,45.0,309.7590361445783,62.081,0.04,0.06,37.8,12.8,0.85,29.2,33.9,86.1,0.56,10.5,13.31,175.0,4.39,13.6,14.8,7.98,236.0,395.0,350.0,1.2,14.2,2.75,49.0,10.0,32.0
1.0,12.0,20.0,32.03,90.0,85.0,18.2,0.13,100.0,0.69,45.0,334.0,92.212,0.01,0.09,37.5,12.5,0.88,27.4,33.3,82.2,0.73,11.0,5.29,182.0,4.56,16.3,7.0,36.9,1277.0,395.0,350.0,1.2,14.2,2.75,49.0,10.0,32.0
1.0,35.1980487804878,47.227053140096615,72.45486631016043,103.22543352601156,107.6153846153846,32.74929577464789,0.2724183006535948,559.0,1.32,350.527950310559,309.7590361445783,53.892,0.0,0.03,47.0,15.3,1.58,26.4,32.6,81.2,0.82,9.3,3.85,201.0,5.79,15.1,6.3,47.1,1277.0,395.0,350.0,1.2,14.2,2.75,49.0,10.0,32.0
1.0,77.0,161.0,26.1,140.0,107.6153846153846,32.74929577464789,0.22,179.0,1.43,350.527950310559,309.7590361445783,44.028,0.02,0.1,37.5,13.3,1.06,28.1,35.5,79.3,0.67,11.6,3.31,142.0,4.73,12.9,5.2,158.0,1277.0,395.0,350.0,1.2,14.2,2.75,49.0,19.0,32.0
1.0,17.0,25.0,41.16,82.0,123.0,15.1,0.06,91.0,0.85,73.0,309.7590361445783,66.767,0.01,0.0,41.5,14.0,0.38,26.3,33.7,77.9,0.21,11.0,6.71,145.0,5.33,17.5,7.3,13.2,1277.0,395.0,350.0,1.2,14.2,2.75,33.0,10.0,32.0
1.0,23.6,26.0,23.6,85.0,47.0,29.4,0.16,187.0,0.85,237.0,506.0,84.638,0.1,0.37,40.4,12.9,1.86,26.4,31.9,82.8,0.61,9.6,4.54,335.0,4.88,13.6,7.5,96.8,1277.0,395.0,350.0,1.2,14.2,0.12,49.0,10.0,32.0
1.0,23.0,21.0,36.23,148.0,22.0,16.7,0.14,217.0,0.81,101.0,189.0,90.683,0.01,0.0,43.3,14.3,1.76,29.5,33.0,89.3,0.64,10.4,5.37,180.0,4.85,14.0,7.8,6.47,1277.0,395.0,350.0,1.2,14.2,2.5321081081081083,37.0,112.75,32.0
1.0,16.0,19.0,40.71,146.0,48.0,20.8,0.08,439.0,0.98,94.0,309.7590361445783,59.882,0.04,0.17,35.6,11.0,1.19,23.9,30.9,77.4,0.54,9.3,5.21,245.0,4.6,15.1,7.2,15.1,1277.0,395.0,350.0,1.2,14.2,2.75,49.0,10.0,32.0
1.0,47.0,63.0,33.17,98.0,105.0,14.7,0.13,112.0,1.6,238.0,274.0,31.963,0.04,0.19,28.5,9.8,1.66,27.8,34.4,81.0,0.55,8.5,8.62,427.0,3.52,13.5,11.1,78.9,1992.0,395.0,350.0,1.2,14.2,2.75,49.0,30.0,32.0
1.0,12.0,22.0,30.64,71.0,37.0,19.4,0.1,163.0,0.82,46.0,309.7590361445783,74.806,0.0,0.0,34.5,11.6,1.05,28.5,33.6,84.8,0.33,10.0,3.46,162.0,4.07,14.3,4.8,33.5,1277.0,395.0,350.0,2.08,23.9,2.75,49.0,94.0,27.4
1.0,15.0,17.0,72.45486631016043,105.0,86.0,32.74929577464789,0.1,196.0,2.5478923766816144,350.527950310559,269.0,62.15983168316831,0.0,0.0,34.6,10.7,0.42,25.4,30.9,82.0,0.18,9.0,3.82,199.0,4.22,19.0,4.4,12.1,1277.0,395.0,350.0,1.2,14.2,2.5321081081081083,49.0,112.75,32.0
1.0,17.0,17.0,72.45486631016043,103.22543352601156,107.6153846153846,32.74929577464789,0.2724183006535948,244.0,0.88,350.527950310559,309.7590361445783,88.885,0.02,0.07,34.8,10.9,1.4,23.8,31.3,76.0,0.54,11.4,5.23,210.0,4.58,15.6,7.3,3.02,1277.0,395.0,350.0,1.2,14.2,2.75,49.0,10.0,32.0
1.0,53.0,80.0,25.6,81.0,107.6153846153846,32.74929577464789,0.14,180.0,2.1,350.527950310559,309.7590361445783,29.473,0.02,0.05,41.2,14.1,1.07,28.6,34.2,83.6,0.62,10.2,4.42,184.0,4.93,14.6,6.2,85.7,1277.0,218.8,364.89,1.2,14.2,2.75,17.0,10.0,32.0
1.0,6.0,33.0,26.37,85.0,82.0,17.3,0.2724183006535948,109.0,1.16,407.0,292.0,54.363,0.08,0.1,45.5,14.9,1.31,29.7,32.7,90.8,0.58,11.2,7.01,228.0,5.01,15.6,9.1,131.0,1277.0,395.0,350.0,1.2,14.2,2.75,49.0,13.0,32.0
1.0,29.0,38.0,30.76,112.0,126.0,18.0,0.12,112.0,0.78,48.0,588.0,85.252,0.04,0.02,32.4,10.8,19.36,30.2,33.3,90.5,4.7,10.0,6.93,114.0,3.58,15.2,31.1,40.6,1215.0,395.0,350.0,1.2,14.2,2.75,49.0,10.0,32.0
1.0,8.8,37.0,25.6,74.0,107.6153846153846,20.1,0.07,128.0,0.91,353.0,309.7590361445783,62.791,0.0,0.09,43.2,15.2,1.22,33.4,35.2,94.9,0.42,11.1,2.29,85.0,4.55,13.5,4.0,12.4,1277.0,395.0,350.0,1.11,13.2,2.5321081081081083,20.0,112.75,32.0
1.0,10.0,26.0,44.83,92.0,80.0,23.4,0.14,76.0,0.69,113.0,309.7590361445783,87.173,0.06,0.1,41.4,13.4,1.88,27.2,32.4,84.1,0.33,10.2,3.54,240.0,4.92,13.6,5.9,8.61,1277.0,395.0,350.0,1.2,14.2,2.5321081081081083,49.0,10.0,32.0
1.0,99.6,50.0,30.1,92.0,107.6153846153846,32.74929577464789,0.21,148.0,0.95,350.527950310559,309.7590361445783,82.496,0.01,0.02,39.3,13.2,0.86,34.0,33.6,101.3,0.33,11.8,5.69,174.0,3.88,18.1,6.9,63.8,1277.0,395.0,350.0,1.2,14.2,2.5321081081081083,49.0,112.75,32.0
1.0,13.1,23.0,41.0,78.0,107.6153846153846,32.74929577464789,0.2724183006535948,102.0,0.74,350.527950310559,309.7590361445783,76.758,0.01,0.0,41.9,13.9,2.54,28.4,33.2,85.5,0.63,10.7,3.54,158.0,4.9,13.8,6.7,3.8,1277.0,16.4,350.0,1.11,13.2,2.75,49.0,10.0,37.3
1.0,14.0,17.0,72.45486631016043,103.22543352601156,107.6153846153846,32.74929577464789,0.2724183006535948,102.0,1.36,350.527950310559,309.7590361445783,62.15983168316831,0.05,0.05,43.5,14.3,2.81,28.3,32.9,86.0,0.62,10.9,3.7,266.0,5.06,14.6,7.2,72.0,1277.0,395.0,350.0,1.2,14.2,2.5321081081081083,49.0,10.0,32.0
1.0,21.0,25.0,72.45486631016043,103.22543352601156,107.6153846153846,32.74929577464789,0.2724183006535948,72.0,0.98,350.527950310559,309.7590361445783,69.889,0.02,0.13,44.9,15.1,1.18,29.0,33.6,86.3,0.85,11.4,7.36,235.0,5.2,14.3,9.5,39.0,1277.0,395.0,350.0,1.2,14.2,2.75,15.0,10.0,32.0
1.0,13.0,19.0,35.9,40.0,52.0,13.6,0.12,146.0,0.79,12.0,276.0,67.521,0.0,0.02,32.6,10.1,1.58,29.4,31.0,94.8,0.36,9.4,2.42,181.0,3.44,20.4,4.4,72.0,1277.0,395.0,350.0,2.02,23.3,2.75,49.0,10.0,25.1
1.0,26.0,33.0,43.54,128.0,40.0,7.9,0.23,314.0,0.99,373.0,240.0,54.753,0.05,0.07,34.9,11.1,2.13,25.3,31.8,79.5,6.7,10.1,15.06,235.0,4.39,20.6,24.0,97.7,1277.0,395.0,350.0,1.2,14.2,2.75,49.0,10.0,32.0
1.0,87.0,170.0,37.2,103.22543352601156,107.6153846153846,32.74929577464789,0.2724183006535948,118.0,0.86,222.0,309.7590361445783,92.286,0.0,0.0,39.5,15.4,1.51,34.2,39.0,87.8,0.71,13.2,4.47,114.0,4.5,13.9,6.7,121.0,919.04,617.7,460.0,1.2,14.2,2.75,46.0,10.0,32.0
1.0,18.0,54.0,38.63,55.0,217.0,26.1,0.17,103.0,1.88,481.0,309.7590361445783,31.628,0.02,0.0,37.9,13.1,1.01,27.8,34.6,80.3,0.23,10.7,4.53,192.0,4.72,12.9,5.8,72.0,1910.0,395.0,350.0,1.2,14.2,2.75,49.0,19.0,32.0
1.0,34.0,73.0,72.45486631016043,103.22543352601156,107.6153846153846,32.74929577464789,0.2724183006535948,145.0,0.49,350.527950310559,309.7590361445783,94.28,0.0,0.0,39.6,13.3,0.85,28.6,33.6,85.2,0.43,11.1,5.0,185.0,4.65,13.6,6.3,13.2,1277.0,395.0,350.0,1.2,14.2,2.75,49.0,10.0,32.0
1.0,18.7,35.0,23.5,103.22543352601156,107.6153846153846,32.74929577464789,0.2724183006535948,113.0,6.63,350.527950310559,309.7590361445783,409.342,0.0,0.0,36.8,13.6,0.33,34.0,37.0,92.0,0.13,12.8,1.95,69.0,4.0,14.6,2.4,72.0,1277.0,376.7,350.0,1.2,14.2,2.75,74.0,10.0,32.0
1.0,16.0,20.0,40.25,67.0,46.0,20.8,0.2724183006535948,109.0,0.61,30.0,251.0,85.895,0.02,0.14,29.8,10.0,0.79,34.1,33.6,101.7,0.54,9.8,5.7,393.0,2.93,14.1,7.2,72.0,636.0,395.0,350.0,1.2,14.2,0.17,49.0,10.0,25.8
1.0,116.0,182.0,39.4,154.0,107.6153846153846,32.74929577464789,0.2724183006535948,157.0,1.31,350.527950310559,309.7590361445783,52.145,0.01,0.0,42.4,14.2,1.55,28.9,33.5,86.2,0.81,10.4,6.04,247.0,4.92,13.4,8.4,64.7,677.0,315.7,338.47,1.2,14.2,0.16,29.0,10.0,32.0
1.0,8.0,13.0,42.24,122.0,67.0,14.0,0.2724183006535948,168.0,0.64,50.0,160.0,83.369,0.01,0.08,37.2,12.7,0.61,29.2,34.1,85.5,0.56,11.0,3.64,163.0,4.35,13.7,4.9,4.49,1277.0,395.0,350.0,1.08,12.9,2.75,49.0,10.0,21.4
1.0,18.0,33.0,41.1,44.0,51.0,15.0,0.14,113.0,0.86,257.0,309.7590361445783,61.364,0.06,0.18,39.9,12.2,2.32,25.4,30.6,83.0,0.56,10.7,5.86,285.0,4.81,13.9,9.0,67.2,1277.0,395.0,350.0,1.2,14.2,2.75,49.0,10.0,32.0
1.0,10.0,14.0,31.82,84.0,21.0,12.3,0.2724183006535948,226.0,1.17,118.0,175.0,59.78,0.01,0.0,43.5,15.2,1.09,31.5,34.9,90.1,0.31,10.5,3.88,174.0,4.83,11.9,5.3,189.0,2970.0,395.0,350.0,1.2,14.2,2.75,49.0,10.0,32.0
1.0,44.4,36.0,72.45486631016043,103.22543352601156,107.6153846153846,14.4,0.2724183006535948,182.0502283105023,1.07,65.0,303.0,70.945,0.01,0.01,36.2,12.2,0.6,27.8,33.7,82.5,0.34,9.0,9.0,189.0,4.39,13.2,10.0,87.5,1277.0,395.0,350.0,1.2,14.2,0.12,49.0,10.0,32.0
1.0,10.0,18.0,26.73,53.0,59.0,39.7,0.2724183006535948,263.0,2.5478923766816144,79.0,355.0,62.15983168316831,0.02,0.02,38.8,13.5,1.37,28.8,34.8,82.9,0.76,11.7,7.63,222.0,4.68,13.2,9.8,11.4,1277.0,395.0,350.0,1.2,14.2,2.75,49.0,10.0,32.0
1.0,16.0,30.0,43.4,129.0,91.0,10.7,0.2,96.0,1.4,53.0,309.7590361445783,52.352,0.07,0.59,40.0,13.5,2.01,27.3,33.8,81.0,0.66,11.5,5.15,265.0,4.94,13.2,8.5,3.02,1277.0,395.0,350.0,1.2,14.2,2.5321081081081083,49.0,112.75,32.0
1.0,13.0,23.0,33.1,109.0,39.0,18.3,0.68,94.0,0.96,31.0,299.0,52.602,0.04,0.0,43.3,15.1,0.73,29.6,34.9,84.9,1.42,9.8,17.63,259.0,5.1,12.9,19.8,14.7,1277.0,25.8,350.0,1.2,14.2,2.5321081081081083,49.0,112.75,32.0
1.0,11.0,52.0,27.9,39.0,107.6153846153846,17.0,0.16,156.0,1.36,498.0,367.0,48.797,0.06,0.1,38.1,11.7,1.85,24.0,30.7,78.1,0.69,10.6,4.53,238.0,4.88,21.0,7.2,72.0,1277.0,395.0,350.0,1.28,15.2,2.75,58.0,10.0,31.9
1.0,34.0,46.0,31.8,71.0,67.0,33.9,0.39,181.0,2.03,65.0,309.7590361445783,30.278,0.02,0.06,40.9,13.4,1.46,29.8,32.8,90.9,0.75,10.3,5.22,183.0,4.5,14.0,7.5,72.0,1277.0,395.0,350.0,1.2,14.2,2.75,49.0,12.0,32.0
1.0,35.1980487804878,47.227053140096615,37.9,82.0,198.0,37.8,0.15,206.0,4.71,125.0,309.7590361445783,8.249,0.04,0.3,51.5,16.3,1.68,28.4,31.7,89.7,0.58,10.3,5.32,190.0,5.74,15.5,7.9,72.0,6250.0,395.0,350.0,1.15,13.7,2.75,49.0,10.0,29.3
1.0,37.0,35.0,46.66,142.0,84.0,6.9,0.24,224.0,1.0,57.0,309.7590361445783,71.77,0.04,0.22,31.0,10.0,1.48,28.1,32.3,87.1,1.21,13.1,5.33,111.0,3.56,14.0,8.3,72.0,1277.0,395.0,350.0,1.2,14.2,2.5321081081081083,49.0,10.0,32.0
1.0,27.0,20.0,41.92,119.0,107.6153846153846,32.8,0.08,205.0,0.7,499.0,309.7590361445783,86.23,0.06,0.35,32.1,9.2,1.62,18.4,28.7,64.3,0.71,8.9,5.04,322.0,4.99,18.9,7.8,9.98,1277.0,395.0,350.0,1.2,14.2,2.75,33.0,10.0,32.0
1.0,9.0,15.0,39.0,75.0,80.0,11.0,0.09,166.0,1.12,54.0,191.0,48.17,0.07,0.09,38.4,12.0,1.4,24.2,31.3,77.4,0.53,10.7,4.46,284.0,4.96,15.1,6.6,72.0,1277.0,395.0,350.0,1.2,14.2,2.75,49.0,10.0,32.0
1.0,17.0,18.0,29.3,45.0,35.0,23.0,0.05,283.0,3.08,41.0,309.7590361445783,19.899,0.1,0.02,37.3,13.0,2.23,27.4,34.9,78.5,0.47,9.6,13.25,338.0,4.75,13.3,16.1,72.0,1277.0,395.0,350.0,1.23,14.6,2.75,49.0,11.0,43.0
1.0,23.0,24.0,38.99,107.0,73.0,20.8,0.08,104.0,1.05,93.0,186.0,72.582,0.06,0.03,39.7,14.5,0.15,29.2,36.5,80.0,0.39,10.3,10.47,106.0,4.96,13.4,11.1,29.6,1277.0,395.0,350.0,1.2,14.2,2.75,49.0,10.0,32.0
1.0,9.0,24.0,72.45486631016043,103.22543352601156,107.6153846153846,32.74929577464789,0.2724183006535948,114.0,1.04,350.527950310559,309.7590361445783,67.018,0.01,0.01,42.3,14.2,1.46,26.8,33.6,79.8,0.7,12.6,6.16,186.0,5.3,14.4,8.3,6.71,1277.0,395.0,350.0,1.2,14.2,0.12,49.0,10.0,32.0
1.0,40.0,45.0,31.9,57.0,34.0,9.0,0.34,146.0,1.2,101.0,333.0,56.769,0.02,0.15,43.5,15.3,1.57,31.5,35.2,89.5,0.96,11.9,4.52,129.0,4.86,12.8,7.2,3.02,1277.0,395.0,350.0,1.2,14.2,2.75,49.0,10.0,32.0
1.0,16.0,36.0,37.9,71.0,97.0,27.9,0.2724183006535948,120.0,0.91,93.0,254.0,74.981,0.05,0.11,36.6,13.1,0.9,31.1,35.8,86.9,0.56,10.0,4.81,197.0,4.21,13.2,6.4,72.0,1277.0,395.0,350.0,1.2,14.2,2.75,49.0,10.0,32.0
1.0,18.0,23.0,72.45486631016043,103.22543352601156,107.6153846153846,32.74929577464789,0.2724183006535948,113.0,0.77,350.527950310559,309.7590361445783,90.024,0.04,0.17,41.1,14.3,3.5,30.2,34.8,86.7,0.64,9.3,3.66,176.0,4.74,13.2,8.0,72.0,1277.0,395.0,350.0,1.2,14.2,2.75,49.0,11.0,32.0
1.0,60.0,47.227053140096615,26.89,64.0,49.0,114.4,0.36,194.0,1.16,3664.0,309.7590361445783,64.345,0.02,0.0,41.7,15.1,1.41,32.4,36.2,89.5,0.96,8.9,12.33,234.0,4.66,13.7,14.7,334.0,1277.0,395.0,350.0,1.01,12.1,2.75,49.0,10.0,99.1
1.0,22.0,19.0,34.3,96.0,72.0,39.6,0.14,242.0,1.1,71.0,223.0,61.751,0.01,0.09,42.0,14.3,0.76,28.3,34.0,83.0,0.53,10.3,10.43,308.0,5.06,12.2,11.8,3.02,1277.0,395.0,350.0,1.2,14.2,2.75,49.0,10.0,32.0
1.0,43.6,31.0,21.2,148.0,156.0,32.74929577464789,0.34,100.0,0.45,97.0,309.7590361445783,92.957,0.07,0.22,41.8,14.7,3.2,31.1,35.2,88.6,0.48,8.9,4.87,236.0,4.72,13.5,8.8,72.0,1425.0,395.0,350.0,1.53,17.9,2.75,49.0,10.0,35.6
1.0,21.0,43.0,34.34,43.0,107.0,109.5,0.08,106.0,0.59,202.0,309.7590361445783,62.15983168316831,0.01,0.0,43.8,15.6,0.7,30.2,35.6,84.7,0.92,10.3,4.51,68.0,5.17,15.4,6.1,3.72,1277.0,395.0,350.0,1.2,14.2,2.75,56.0,10.0,32.0
1.0,16.0,20.0,30.75,138.0,105.0,12.2,0.2724183006535948,121.0,3.44,157.0,164.0,62.15983168316831,0.01,0.03,34.6,11.6,0.97,29.1,33.5,86.9,0.49,9.5,1.57,180.0,3.98,13.3,3.1,98.7,1277.0,395.0,350.0,1.2,14.2,0.18,49.0,10.0,32.0
1.0,22.0,51.0,37.8,48.0,47.0,72.7,0.16,134.0,0.89,243.0,597.0,83.053,0.01,0.0,41.6,14.1,0.79,29.7,33.9,87.6,0.53,12.7,5.7,170.0,4.75,13.3,7.0,73.8,1277.0,395.0,350.0,1.2,14.2,2.75,49.0,12.0,32.0
1.0,55.0,55.0,37.64,271.0,25.0,41.5,0.66,464.0,1.24,55.0,309.7590361445783,56.911,0.0,0.0,32.7,11.9,0.78,29.6,36.4,81.3,0.25,12.6,3.24,140.0,4.02,12.8,4.3,93.0,1277.0,395.0,350.0,1.2,14.2,2.75,49.0,27.0,32.0
1.0,12.0,18.0,31.1,92.0,131.0,30.0,0.1,122.0,5.06,81.0,251.0,10.767,0.01,0.0,22.4,7.5,1.0,29.9,33.5,89.2,0.54,9.2,5.39,166.0,2.51,13.2,6.9,101.0,1277.0,395.0,350.0,1.2,14.2,2.75,49.0,10.0,32.0
1.0,43.0,32.0,38.3,86.0,23.0,7.5,0.15,227.0,0.45,59.0,309.7590361445783,97.642,0.03,0.04,37.0,11.5,0.81,24.3,31.1,78.2,0.47,9.9,6.34,312.0,4.73,16.9,7.7,72.0,1277.0,395.0,350.0,1.2,14.3,2.75,49.0,29.0,24.9
1.0,22.4,53.0,23.8,137.0,107.6153846153846,32.74929577464789,0.13,853.0,1.99,350.527950310559,309.7590361445783,33.743,0.05,0.02,41.0,13.4,1.05,24.9,32.7,76.1,1.04,10.5,11.49,264.0,5.39,15.3,13.7,113.0,2990.0,395.0,350.0,1.2,14.2,2.75,49.0,11.0,32.0
1.0,35.1980487804878,47.227053140096615,72.45486631016043,103.22543352601156,107.6153846153846,32.74929577464789,0.2724183006535948,182.0502283105023,1.08,350.527950310559,309.7590361445783,70.646,0.03,0.02,36.7,11.9,1.05,26.2,32.4,80.8,1.21,10.9,10.19,396.0,4.54,14.1,12.5,167.0,1277.0,395.0,350.0,1.2,14.2,2.75,49.0,10.0,32.0
1.0,16.0,19.0,36.08,55.0,67.0,15.8,0.08,105.0,0.49,92.0,309.7590361445783,92.314,0.03,0.02,34.5,12.0,0.6,27.3,34.8,78.4,0.35,9.3,7.77,177.0,4.4,16.0,8.8,18.9,1277.0,395.0,350.0,1.2,14.2,2.5321081081081083,49.0,112.75,32.0
1.0,35.1980487804878,47.227053140096615,72.45486631016043,103.22543352601156,107.6153846153846,32.74929577464789,0.2724183006535948,182.0502283105023,1.57,350.527950310559,309.7590361445783,39.052,0.02,0.05,42.1,14.3,0.84,27.6,34.0,81.1,0.81,9.6,4.19,264.0,5.19,13.8,5.9,72.0,1277.0,395.0,350.0,1.44,16.9,2.5321081081081083,49.0,4400.0,60.7
1.0,7.5,2.0,37.6,103.22543352601156,107.6153846153846,32.74929577464789,0.2724183006535948,136.0,12.29,350.527950310559,309.7590361445783,3.923,0.02,0.0,42.0,13.3,1.35,27.1,31.7,85.7,0.66,10.6,12.33,246.0,4.9,15.9,14.4,13.0,399.0,395.0,350.0,1.2,14.2,2.75,49.0,10.0,32.0
1.0,12.0,15.0,38.29,69.0,98.0,11.0,0.07,108.0,0.9,96.0,156.0,82.673,0.01,0.0,37.3,12.9,1.5,27.5,34.6,79.5,0.42,8.9,6.09,176.0,4.69,14.2,8.0,3.02,1277.0,395.0,350.0,1.2,14.2,2.5321081081081083,49.0,112.75,32.0
1.0,55.2,71.0,26.5,97.0,517.0,32.74929577464789,0.22,211.0,0.65,87.0,309.7590361445783,102.096,0.06,0.12,35.4,11.3,1.33,30.9,31.9,96.7,0.46,10.3,2.69,197.0,3.66,14.2,4.7,5.25,1277.0,28.8,350.0,1.2,14.2,2.75,49.0,10.0,32.0
1.0,3.0,26.0,42.89,294.0,424.0,10.7,0.07,110.0,4.07,46.0,306.0,12.066,0.07,0.18,34.6,10.3,0.89,23.9,29.8,80.3,0.71,8.9,6.04,336.0,4.31,20.2,7.9,3.02,1277.0,395.0,350.0,1.2,14.2,2.75,49.0,10.0,32.0
1.0,8.0,20.0,40.5,164.0,205.0,13.0,0.3,155.0,1.51,117.0,309.7590361445783,40.649,0.02,0.18,42.3,14.4,2.11,30.1,34.0,88.5,0.98,9.5,4.4,210.0,4.78,13.5,7.7,268.0,1277.0,395.0,350.0,1.2,14.2,3.1,49.0,10.0,32.0
1.0,24.0,27.0,44.94,60.0,70.0,9.5,0.09,138.0,0.79,91.0,175.0,93.57,0.02,0.0,21.8,6.9,1.44,35.8,31.7,113.0,0.25,10.3,11.84,17.0,1.93,17.6,13.6,72.0,1277.0,395.0,350.0,1.2,14.2,2.75,40.0,40.0,32.0
1.0,45.0,84.0,33.35,51.0,63.0,26.9,0.23,93.0,0.74,410.0,309.7590361445783,90.866,0.01,0.04,43.0,13.5,0.72,27.0,31.4,86.0,0.57,11.8,3.37,160.0,5.0,18.2,4.7,72.0,1277.0,395.0,350.0,1.88,21.8,2.75,49.0,10.0,32.0
1.0,12.0,23.0,24.6,126.0,51.0,11.0,0.21,227.0,1.19,80.0,309.7590361445783,71.8,0.08,0.05,37.4,13.0,4.08,29.5,34.8,85.0,0.9,9.6,6.16,292.0,4.4,13.4,11.3,21.5,784.0,395.0,350.0,1.12,13.3,2.75,49.0,10.0,23.3
1.0,24.0,49.0,36.7,262.0,107.6153846153846,32.74929577464789,0.01,134.0,0.95,350.527950310559,309.7590361445783,62.15983168316831,0.02,0.0,40.0,13.6,0.8,28.8,34.0,84.7,0.66,8.8,7.64,262.0,4.72,16.9,9.1,72.0,1277.0,395.0,350.0,1.2,14.2,2.5321081081081083,49.0,220.0,32.0
1.0,12.0,28.0,72.45486631016043,103.22543352601156,107.6153846153846,32.74929577464789,0.2724183006535948,102.0,1.35,350.527950310559,309.7590361445783,47.535,0.03,0.1,50.7,15.9,1.34,26.8,31.4,85.5,0.45,10.6,5.91,214.0,5.93,14.6,7.8,78.2,1277.0,395.0,350.0,1.2,14.2,0.29,49.0,10.0,32.0
1.0,222.0,139.0,37.8,376.0,3881.0,11.0,1.48,130.0,1.3,20.0,309.7590361445783,62.15983168316831,0.0,0.0,44.2,14.9,0.82,29.6,33.7,87.7,0.49,11.2,3.0,95.0,5.04,12.8,4.3,88.7,1277.0,395.0,350.0,1.2,14.2,0.35,49.0,58.0,32.0
1.0,12.0,20.0,41.9,130.0,66.0,19.0,0.09,80.0,0.96,135.0,227.0,54.483,0.01,0.0,27.2,8.8,1.02,24.0,32.4,74.3,0.59,10.1,8.44,166.0,3.66,16.7,10.1,72.0,1277.0,395.0,350.0,1.44,16.9,2.75,49.0,10.0,48.4
1.0,25.0,47.0,35.38,84.0,39.0,32.74929577464789,0.2724183006535948,123.0,0.74,648.0,422.0,98.166,0.08,1.53,37.3,11.9,0.99,26.8,31.9,84.0,0.65,10.5,4.6,457.0,4.44,17.2,7.9,23.1,1277.0,395.0,350.0,1.2,14.2,2.75,49.0,10.0,32.0
1.0,24.0,33.0,23.3,72.0,107.6153846153846,32.74929577464789,0.25,120.0,0.89,350.527950310559,309.7590361445783,76.339,0.0,0.0,44.0,15.6,0.45,29.3,35.5,82.7,0.12,11.7,2.19,132.0,5.32,12.8,2.8,54.3,1277.0,395.0,350.0,1.2,14.2,2.75,49.0,10.0,32.0
1.0,33.0,38.0,47.0,85.0,101.0,11.5,0.19,127.0,0.87,136.0,309.7590361445783,93.148,0.07,0.02,37.9,13.1,0.74,29.0,34.6,84.0,1.84,10.4,20.45,175.0,4.51,15.7,23.1,14.8,1277.0,395.0,350.0,1.2,14.2,2.75,49.0,10.0,32.0
1.0,52.0,65.0,39.8,103.22543352601156,107.6153846153846,32.74929577464789,0.44,229.0,1.0,350.527950310559,235.0,75.918,0.08,0.35,37.2,13.2,1.93,31.7,35.5,89.4,0.94,10.3,10.97,166.0,4.16,12.5,14.3,72.0,1277.0,395.0,350.0,2.07,23.8,2.75,49.0,10.0,32.0
1.0,10.0,31.0,46.4,122.0,66.0,32.6,0.17,144.0,1.05,252.0,334.0,73.609,0.03,0.13,44.6,14.9,1.58,30.2,33.4,90.3,0.5,9.9,3.33,194.0,4.94,12.9,5.6,3.72,1277.0,395.0,350.0,1.2,14.2,2.5321081081081083,15.0,112.75,32.0
1.0,5.0,20.0,39.8,103.22543352601156,107.6153846153846,32.74929577464789,0.2724183006535948,91.0,0.95,57.0,309.7590361445783,72.188,0.01,0.0,39.4,13.9,0.71,30.2,35.3,85.7,0.51,9.0,4.36,235.0,4.6,12.6,5.6,184.0,1277.0,395.0,501.36,1.2,14.2,2.75,61.0,10.0,32.0
1.0,35.0,19.0,42.7,103.22543352601156,107.6153846153846,32.74929577464789,0.06,136.0,1.11,350.527950310559,309.7590361445783,57.637,0.02,0.0,46.5,14.5,0.73,26.4,31.2,84.5,0.39,9.2,9.29,157.0,5.5,19.0,10.4,150.0,1277.0,395.0,350.0,1.2,14.2,2.75,49.0,10.0,32.0
1.0,23.0,47.0,31.5,99.0,77.0,25.6,0.32,110.0,0.88,62.0,498.0,61.383,0.02,0.0,46.5,15.9,0.86,30.8,34.2,89.9,0.39,9.5,3.5,139.0,5.17,12.7,4.8,29.2,1277.0,395.0,350.0,1.2,14.2,0.12,49.0,10.0,32.0
1.0,6.0,26.0,30.82,106.0,56.0,39.6,0.13,95.0,0.63,131.0,309.7590361445783,62.15983168316831,0.01,0.13,41.6,14.5,0.66,29.7,34.9,85.2,0.27,10.5,6.1,179.0,4.88,12.6,7.2,92.6,319.54,395.0,350.0,1.2,14.2,2.75,49.0,10.0,32.0
1.0,41.0,61.0,33.84,69.0,73.0,17.0,0.16,237.0,1.64,129.0,275.0,62.15983168316831,0.03,0.0,39.6,14.1,1.3,30.4,35.6,85.3,1.66,10.6,14.55,299.0,4.64,13.8,17.5,25.0,1277.0,395.0,350.0,1.2,14.2,2.75,49.0,10.0,32.0
1.0,35.1980487804878,47.227053140096615,72.45486631016043,103.22543352601156,107.6153846153846,32.74929577464789,0.2724183006535948,155.0,1.24,350.527950310559,309.7590361445783,62.15983168316831,0.0,0.07,37.0,12.6,0.51,31.7,34.1,93.0,0.6,11.0,2.98,142.0,3.98,12.4,4.2,3.14,1733.44,166.9,327.79,1.2,14.2,2.75,25.0,10.0,32.0
1.0,43.0,54.0,38.46,153.0,78.0,14.9,0.26,308.0,0.6,31.0,383.0,95.96,0.01,0.06,35.4,11.6,1.74,25.0,32.8,76.3,0.47,8.6,3.69,126.0,4.64,17.7,6.0,72.0,1277.0,395.0,350.0,1.06,12.7,2.5321081081081083,49.0,112.75,30.4
1.0,17.0,31.0,72.45486631016043,103.22543352601156,107.6153846153846,32.74929577464789,0.2724183006535948,111.0,1.03,350.527950310559,309.7590361445783,62.15983168316831,0.07,0.09,35.7,12.2,2.06,34.7,34.2,101.4,0.81,10.3,4.35,219.0,3.52,18.3,7.4,4.32,1277.0,395.0,350.0,1.2,14.2,2.75,33.0,10.0,32.0
1.0,19.0,25.0,34.07,110.0,55.0,30.2,0.07,158.0,1.32,189.0,342.0,38.398,0.0,0.0,32.4,9.6,0.72,23.0,29.6,77.7,0.21,10.9,1.44,153.0,4.17,19.8,2.4,27.4,3880.0,395.0,350.0,1.2,14.2,0.16,49.0,10.0,32.0
1.0,22.0,37.0,72.45486631016043,103.22543352601156,107.6153846153846,32.74929577464789,0.2724183006535948,174.0,1.77,350.527950310559,309.7590361445783,62.15983168316831,0.01,0.04,32.7,11.5,1.47,31.1,35.2,88.4,0.5,8.9,3.91,219.0,3.7,12.8,5.9,82.6,1277.0,395.0,350.0,1.2,14.2,2.75,49.0,10.0,32.0
1.0,18.0,31.0,33.3,103.22543352601156,107.6153846153846,32.74929577464789,0.09,235.0,1.05,44.0,459.0,53.941,0.12,0.24,48.5,16.1,1.92,29.5,33.2,88.8,0.6,9.7,5.27,247.0,5.46,13.2,8.2,48.6,303.0,395.0,350.0,1.2,14.2,2.75,49.0,12.0,32.0
1.0,26.0,23.0,27.65,96.0,44.0,27.8,0.06,100.0,0.58,44.0,289.0,120.561,0.02,0.01,37.1,12.2,1.08,26.8,32.9,81.4,0.43,10.3,6.45,163.0,4.56,14.6,8.0,72.0,1277.0,395.0,350.0,1.09,13.0,2.75,30.0,10.0,28.8
1.0,7.0,14.0,72.45486631016043,65.0,107.6153846153846,32.74929577464789,0.2724183006535948,182.0502283105023,0.91,350.527950310559,309.7590361445783,61.915,0.05,0.23,51.1,17.1,3.91,31.0,33.5,92.6,1.74,8.1,10.4,245.0,5.52,14.1,16.3,72.0,1028.0,395.0,350.0,1.22,14.5,2.75,49.0,28.0,30.6
1.0,29.0,23.0,25.9,260.0,107.6153846153846,32.74929577464789,0.45,373.0,0.7,350.527950310559,309.7590361445783,95.615,0.02,0.01,36.1,11.3,1.17,23.2,31.3,74.0,0.54,9.5,4.67,170.0,4.88,21.2,6.4,165.0,1123.0,395.0,350.0,1.2,14.2,2.75,49.0,10.0,32.0
1.0,59.0,94.0,72.45486631016043,103.22543352601156,107.6153846153846,32.74929577464789,0.2724183006535948,172.0,0.85,350.527950310559,309.7590361445783,88.904,0.0,0.0,28.3,10.1,0.84,29.3,35.7,82.0,0.33,9.3,5.01,195.0,3.45,13.2,6.2,3.02,1277.0,395.0,350.0,1.2,14.2,0.12,49.0,10.0,32.0
1.0,14.0,27.0,41.57,80.0,111.0,21.4,0.2724183006535948,121.0,0.86,58.0,309.7590361445783,62.232,0.06,0.12,35.8,10.3,0.74,22.8,28.8,79.4,0.14,10.3,12.57,487.0,4.51,18.6,13.6,72.0,1277.0,395.0,350.0,1.2,14.2,0.12,49.0,10.0,32.0
1.0,35.1980487804878,30.0,40.51,169.0,52.0,7.5,0.11,131.0,0.79,63.0,210.0,62.15983168316831,0.06,0.05,42.1,13.7,4.68,26.2,32.5,80.5,1.82,9.7,14.38,464.0,5.23,15.2,21.0,225.0,1277.0,395.0,350.0,1.2,14.2,2.75,49.0,10.0,32.0
1.0,24.0,29.0,45.33,100.0,77.0,17.4,0.23,122.0,0.87,207.0,291.0,89.933,0.03,0.01,40.1,14.4,1.22,30.4,35.9,84.6,0.43,9.3,6.8,261.0,4.74,13.0,8.5,166.0,828.43,395.0,350.0,1.2,14.2,2.75,49.0,10.0,32.0
1.0,17.0,27.0,31.69,64.0,42.0,24.3,0.2724183006535948,192.0,0.85,174.0,300.0,62.15983168316831,0.02,0.0,41.7,14.6,0.89,27.8,35.0,79.4,0.33,9.6,7.47,185.0,5.25,12.1,8.7,24.0,1277.0,395.0,350.0,1.2,14.2,0.12,49.0,10.0,32.0
1.0,49.0,66.0,30.61,74.0,62.0,19.8,0.25,168.0,2.45,785.0,309.7590361445783,21.708,0.03,0.0,41.7,13.7,1.55,31.6,32.9,96.1,0.8,11.0,7.62,253.0,4.34,12.7,10.0,24.8,1277.0,395.0,350.0,1.2,14.2,2.75,49.0,10.0,32.0
1.0,17.0,33.0,37.4,119.0,55.0,46.3,0.1,233.0,1.38,129.0,413.0,48.621,0.01,0.02,40.4,13.4,1.55,27.1,33.2,81.8,0.54,11.1,4.4,128.0,4.94,13.4,6.5,3.02,1277.0,395.0,350.0,1.12,13.4,2.75,49.0,10.0,26.5
1.0,21.5,37.0,32.9,66.0,39.0,17.9,0.19,151.0,1.31,156.0,442.0,55.159,0.09,0.16,52.8,18.3,2.35,31.0,34.7,89.5,0.77,9.8,4.6,218.0,5.9,12.5,8.0,10.9,1277.0,395.0,350.0,1.2,14.2,2.5321081081081083,49.0,112.75,32.0
1.0,15.0,39.0,35.8,217.0,56.0,13.7,0.08,118.0,1.09,85.0,309.7590361445783,50.482,0.08,0.35,38.8,12.1,0.74,27.5,31.2,88.2,0.84,10.6,6.07,241.0,4.4,14.1,8.1,62.9,2340.0,395.0,350.0,1.2,14.2,2.75,49.0,10.0,32.0
1.0,72.0,54.0,42.5,103.22543352601156,107.6153846153846,32.74929577464789,0.2724183006535948,168.0,1.3,350.527950310559,194.0,59.306,0.0,0.0,31.0,10.6,1.05,25.7,34.2,75.1,0.39,11.9,2.46,128.0,4.13,15.6,3.9,233.0,10700.0,395.0,350.0,1.2,14.2,2.75,49.0,27.0,32.0
1.0,94.0,47.0,40.84,148.0,90.0,16.4,0.06,117.0,1.28,163.0,309.7590361445783,62.15983168316831,0.01,0.0,32.7,10.3,0.7,29.3,31.5,92.9,0.51,9.8,7.49,247.0,3.52,13.2,8.7,72.0,1277.0,395.0,350.0,1.2,14.2,2.75,49.0,10.0,32.0
1.0,14.0,17.0,34.53,48.0,18.0,19.2,0.08,97.0,1.27,22.0,309.7590361445783,38.034,0.03,0.03,28.9,9.7,1.39,28.1,33.6,83.8,0.49,9.2,6.08,226.0,3.45,16.7,8.0,48.9,1277.0,395.0,350.0,1.2,14.2,0.36,49.0,10.0,32.0
1.0,25.0,51.0,23.5,103.22543352601156,160.0,6.8,0.2724183006535948,154.0,3.34,13.0,309.7590361445783,18.169,0.04,0.22,42.9,14.6,1.42,28.6,34.0,84.0,0.68,10.9,5.72,131.0,5.11,12.7,8.1,59.2,1277.0,395.0,350.0,1.2,14.2,2.75,49.0,10.0,32.0
1.0,35.1980487804878,47.227053140096615,72.45486631016043,103.22543352601156,107.6153846153846,32.74929577464789,0.2724183006535948,182.0502283105023,2.54,350.527950310559,309.7590361445783,19.067,0.0,0.02,34.0,11.0,0.52,29.2,32.4,90.2,0.18,10.3,1.51,92.0,3.77,13.5,2.2,10.7,599.36,9.1,277.71,1.2,14.2,0.12,94.0,10.0,32.0
1.0,25.0,24.0,39.38,85.0,69.0,24.2,0.16,182.0,1.51,175.0,309.7590361445783,42.698,0.06,0.56,36.3,10.9,1.38,22.6,30.0,75.2,0.45,11.1,4.8,232.0,4.83,16.5,7.3,72.0,1277.0,395.0,350.0,1.21,14.4,2.5321081081081083,49.0,112.75,29.9
1.0,43.0,39.0,72.45486631016043,103.22543352601156,107.6153846153846,32.74929577464789,0.2724183006535948,157.0,0.69,350.527950310559,309.7590361445783,86.639,0.06,0.57,46.7,16.0,4.04,29.2,34.3,85.2,1.19,9.7,5.74,241.0,5.48,13.2,11.6,72.0,1277.0,395.0,350.0,3.19,35.9,2.75,49.0,10.0,48.2
1.0,56.0,20.0,28.4,68.0,107.6153846153846,32.74929577464789,0.27,346.0,1.97,350.527950310559,309.7590361445783,22.213,0.01,0.08,33.3,11.1,2.86,32.6,33.3,97.7,0.9,12.0,3.9,99.0,3.41,19.8,7.8,179.0,1277.0,395.0,350.0,1.12,13.4,2.75,49.0,10.0,36.9
1.0,320.0,260.0,4090.0,85.0,107.6153846153846,190.0,8.0,1240.0,79.0,183.0,309.7590361445783,82.777,0.04,0.29,25.3,7.8,1.94,28.3,30.8,91.7,0.73,11.7,15.49,261.0,2.76,14.8,18.5,17.1,1277.0,395.0,350.0,1.2,14.2,2.75,49.0,14.0,32.0
1.0,23.0,32.0,37.57,92.0,95.0,22.1,0.13,121.0,2.14,406.0,309.7590361445783,62.15983168316831,0.05,0.43,42.3,13.1,1.66,27.2,31.0,87.9,0.36,10.5,7.42,277.0,4.81,21.8,9.9,72.0,1277.0,395.0,350.0,0.89,10.8,2.75,49.0,10.0,23.8
1.0,21.3,15.0,34.0,103.22543352601156,107.6153846153846,32.74929577464789,0.64,203.0,0.92,350.527950310559,309.7590361445783,90.716,0.02,0.19,37.1,12.9,1.53,32.2,34.8,92.5,0.6,10.5,4.01,215.0,4.01,12.2,6.4,3.02,1277.0,395.0,350.0,1.2,14.2,2.75,49.0,10.0,32.0
1.0,25.0,27.0,39.65,103.0,102.0,13.6,0.32,78.0,0.92,34.0,214.0,77.182,0.01,0.01,41.6,15.1,1.85,30.4,36.3,83.9,0.62,10.1,1.51,176.0,4.96,12.2,4.0,46.9,1277.0,395.0,350.0,1.2,14.2,2.75,49.0,10.0,32.0
1.0,15.0,19.0,72.45486631016043,103.22543352601156,107.6153846153846,32.74929577464789,0.2724183006535948,128.0,0.95,350.527950310559,309.7590361445783,83.077,0.02,0.13,32.3,9.9,1.38,27.1,30.7,88.5,0.24,8.9,3.98,231.0,3.65,19.9,5.8,72.0,1277.0,395.0,350.0,1.2,14.2,2.5321081081081083,49.0,10.0,32.0
1.0,35.1980487804878,47.227053140096615,72.45486631016043,103.22543352601156,107.6153846153846,32.74929577464789,0.2724183006535948,182.0502283105023,2.5478923766816144,350.527950310559,309.7590361445783,62.15983168316831,0.02,0.16,40.2,13.5,3.03,30.1,33.6,89.7,0.51,10.1,5.07,255.0,4.48,13.4,8.8,107.0,5694.0,395.0,350.0,1.2,14.2,2.75,49.0,15.0,32.0
1.0,35.1980487804878,47.227053140096615,72.45486631016043,103.22543352601156,107.6153846153846,32.74929577464789,0.2724183006535948,182.0502283105023,2.5478923766816144,350.527950310559,309.7590361445783,62.15983168316831,0.02,0.0,41.6,14.1,1.34,30.1,33.9,88.9,0.48,10.9,12.6,180.0,4.68,16.4,14.4,72.0,1277.0,395.0,350.0,1.2,14.2,2.5321081081081083,13.0,112.75,32.0
1.0,35.1980487804878,47.227053140096615,72.45486631016043,103.22543352601156,107.6153846153846,32.74929577464789,0.2724183006535948,182.0502283105023,2.5478923766816144,350.527950310559,309.7590361445783,62.15983168316831,0.0,0.01,20.3,6.7,1.22,32.5,33.0,98.5,0.29,12.0,1.73,76.0,2.06,25.3,3.3,72.0,1277.0,395.0,350.0,1.28,15.1,2.5321081081081083,49.0,112.75,30.8
1.0,35.1980487804878,47.227053140096615,72.45486631016043,103.22543352601156,107.6153846153846,32.74929577464789,0.2724183006535948,182.0502283105023,2.5478923766816144,350.527950310559,309.7590361445783,62.15983168316831,0.05,0.12,44.9,15.1,1.17,28.3,33.6,84.2,0.66,10.9,3.87,206.0,5.33,15.3,5.9,3.02,1277.0,15.6,350.0,1.2,14.2,2.75,40.0,10.0,32.0
1.0,35.1980487804878,47.227053140096615,72.45486631016043,103.22543352601156,107.6153846153846,32.74929577464789,0.2724183006535948,182.0502283105023,2.5478923766816144,350.527950310559,309.7590361445783,62.15983168316831,0.03,0.0,47.6,15.8,1.86,28.6,33.2,86.1,1.0,9.4,9.6,264.0,5.53,14.3,12.5,63.91327586206896,1390.8828017241378,379.3836206896552,350.41452586206896,1.2479310344827583,14.826293103448275,2.5321081081081083,47.047413793103445,112.75,32.24891774891775
0.0,91.0,81.0,35.5,99.0,73.69953051643192,22.4,0.1272119815668203,90.0,1.1425579536370902,36.0,300.0,82.73687055837563,0.03,0.07,42.9,15.3,1.79,29.3,35.7,82.0,0.87,10.7,3.85,231.0,5.23,13.1,6.6,3.02,21.23,48.4,207.34,1.1,13.1,0.12,4.0,10.0,32.75
0.0,41.0,34.0,40.9,76.0,73.69953051643192,18.785260770975057,0.1,139.0,1.28,104.0,252.93801652892563,59.585,0.06,0.07,39.2,13.2,1.95,27.4,33.7,81.5,0.37,9.0,2.91,300.0,4.81,13.2,5.4,3.14,332.48,125.95,307.68,1.12,13.4,0.12,3.0,10.0,28.2
0.0,34.0,30.0,45.6,84.0960219478738,73.69953051643192,18.785260770975057,0.1272119815668203,124.0,1.22,104.25520833333331,179.0,77.413,0.07,0.1,49.5,18.0,3.07,30.7,36.4,84.3,0.51,9.8,4.88,177.0,5.87,11.7,8.6,6.2,441.0,741.8,321.1,1.1,13.1,0.12,40.0,10.0,32.75
0.0,44.0,35.0,35.6,84.0960219478738,73.69953051643192,18.785260770975057,0.15,289.0,0.96,140.0,286.0,89.247,0.08,0.0,49.6,17.2,1.77,29.0,34.7,83.6,0.47,9.4,9.45,126.0,5.93,12.4,11.8,3.02,441.0,262.0,290.7,1.09,13.0,0.12,29.0,10.0,32.3
0.0,60.0,31.0,42.1,63.0,73.69953051643192,18.785260770975057,0.09,98.0,0.94,73.0,252.93801652892563,93.497,0.03,0.09,40.6,14.4,1.67,28.7,35.5,80.9,0.68,10.4,5.16,235.0,5.02,12.0,7.6,3.02,496.0,122.1,296.79,1.05,12.6,0.12,17.0,10.0,32.7
0.0,44.0,38.0,33.04,45.0,59.0,12.7,0.11,96.0,0.72,76.0,281.0,132.414,0.01,0.01,42.7,14.4,2.04,28.3,33.7,84.1,0.47,10.7,2.71,172.0,5.08,13.0,5.2,3.02,262.0,33.9,235.0,1.1,13.1,0.12,3.0,10.0,32.75
0.0,35.0,42.0,48.3,57.0,73.69953051643192,15.8,0.12,87.0,0.9,115.0,187.0,118.291,0.07,0.37,45.8,15.7,3.26,29.1,34.3,84.8,0.62,10.7,3.86,217.0,5.4,12.2,8.2,43.8,441.0,125.95,321.1,1.1,13.1,0.12,17.0,10.0,32.75
0.0,31.0,20.0,45.2,117.0,73.69953051643192,18.785260770975057,0.1272119815668203,101.0,0.88,104.25520833333331,252.93801652892563,96.703,0.02,0.07,42.6,15.2,2.14,31.5,35.7,88.2,0.4,9.3,2.76,232.0,4.83,11.9,5.4,22.3,5995.32,146.9,433.05,1.1,13.1,15.0,17.0,10.0,32.75
0.0,15.0,25.0,33.0,52.0,73.69953051643192,24.0,0.15,102.0,1.27,96.0,315.0,57.266,0.01,0.03,41.4,14.0,0.91,27.9,33.8,82.6,0.35,10.5,2.34,122.0,5.01,13.1,3.6,3.42,456.0,241.6,311.64,1.02,12.2,0.12,17.0,10.0,31.3
0.0,13.0,26.0,36.3,78.0,73.69953051643192,18.785260770975057,0.09,149.0,1.1,35.0,252.93801652892563,64.409,0.01,0.0,40.6,13.05,0.47,26.3,33.3,79.1,0.18,12.5,3.51,129.0,5.13,13.1,4.2,4.5,105.4,83.0,313.04,1.14,13.6,0.12,17.0,10.0,29.2
0.0,21.0,31.0,38.59178535606821,84.0960219478738,73.69953051643192,18.785260770975057,0.1272119815668203,101.0,0.85,104.25520833333331,252.93801652892563,78.896,0.02,0.06,48.1,16.3,1.0,31.5,33.9,93.0,0.84,9.6,3.68,158.0,5.17,12.8,5.6,3.02,441.0,159.4,298.38,1.1,13.1,0.12,46.0,0.0,32.75
0.0,12.0,14.0,35.0,145.0,99.0,13.2,0.08,246.0,1.08,22.0,236.0,69.173,0.01,0.0,36.2,12.4,0.58,25.4,34.3,74.2,0.49,9.4,9.07,307.0,4.88,14.0,10.2,68.5,441.0,1346.4,321.1,1.1,13.1,10.0,14.0,48.0,32.75
0.0,43.0,42.0,31.6,58.0,73.69953051643192,18.785260770975057,0.13,172.0,0.86,88.0,252.93801652892563,96.938,0.01,0.0,38.1,13.7,0.45,31.0,36.0,86.2,0.44,10.9,9.21,169.0,4.42,11.8,10.1,107.0,441.0,125.95,321.1,0.96,11.5,0.12,6.0,10.0,31.0
0.0,29.0,25.0,44.1,69.0,73.69953051643192,18.1,0.17,84.0,0.99,112.0,220.0,108.42,0.02,0.14,43.1,14.6,2.34,26.3,33.9,77.7,0.7,10.5,2.56,193.0,5.55,12.5,5.8,3.02,441.0,20.1,260.91,1.09,13.0,0.12,7.0,10.0,36.0
0.0,11.0,14.0,37.4,84.0960219478738,73.69953051643192,18.785260770975057,0.08,95.0,1.36,23.0,123.0,46.783,0.04,0.12,32.5,11.0,2.44,26.1,33.8,77.0,0.77,10.5,2.68,200.0,4.22,16.5,6.1,3.14,248.59,110.9,295.23,1.02,12.2,0.12,17.0,10.0,26.7
0.0,13.0,24.0,46.2,45.0,73.69953051643192,17.7,0.13,101.0,0.97,228.0,140.0,101.43,0.07,0.16,45.7,16.4,2.53,32.2,35.9,89.6,0.52,9.7,5.17,224.0,5.1,12.1,8.5,96.9,441.0,727.7,385.27,1.1,13.1,0.12,74.0,10.0,32.75
0.0,60.0,52.0,38.59178535606821,84.0960219478738,73.69953051643192,8.0,0.1272119815668203,122.0,1.05,176.0,252.93801652892563,74.128,0.03,0.12,37.4,13.1,1.43,28.2,35.0,80.6,0.77,9.7,5.12,283.0,4.64,13.0,7.5,3.14,175.82,73.9,321.1,1.1,13.1,0.12,17.0,10.0,32.75
0.0,20.0,22.0,40.5,84.0960219478738,73.69953051643192,18.785260770975057,0.1272119815668203,96.0,1.29,104.25520833333331,222.0,54.638,0.01,0.05,39.7,12.9,2.52,30.6,32.5,94.3,0.51,10.1,2.59,193.0,4.21,13.6,5.7,28.7,441.0,460.7,357.19,1.1,13.1,0.12,40.0,10.0,32.75
0.0,27.5,38.0,33.9,84.0,73.69953051643192,18.785260770975057,0.16,146.0,1.09,104.25520833333331,252.93801652892563,80.968,0.02,0.0,43.8,14.2,0.52,27.8,32.4,85.7,0.59,10.6,12.25,233.0,5.11,15.0,13.4,20.0,3960.0,267.1,277.71,1.1,13.1,24.0,17.0,10.0,32.75
0.0,77.0,56.0,30.0,138.0,73.69953051643192,18.785260770975057,0.31,174.0,1.02,104.25520833333331,252.93801652892563,67.653,0.03,0.0,42.3,14.6,0.43,27.9,34.5,80.7,0.76,11.4,10.09,290.0,5.24,14.0,11.3,3.02,441.0,125.95,321.1,1.1,13.1,0.12,17.0,10.0,32.75
0.0,20.6,29.0,46.5,96.0,73.69953051643192,18.785260770975057,0.17,81.0,0.99,119.0,252.93801652892563,80.719,0.06,0.18,40.2,14.2,1.9,29.1,35.3,82.4,0.77,10.1,4.43,254.0,4.88,15.1,7.3,5.17,441.0,125.95,321.1,1.1,13.1,0.12,17.0,10.0,32.75
0.0,24.0,20.0,49.3,85.0,73.69953051643192,9.7,0.2,84.0,1.01,85.0,189.0,102.898,0.04,0.16,50.3,17.6,2.74,28.2,35.0,80.5,0.74,11.9,4.18,206.0,6.25,12.2,7.9,13.4,441.0,125.95,321.1,1.1,13.1,0.12,17.0,10.0,32.75
0.0,106.0,46.0,35.9,84.0960219478738,73.69953051643192,18.785260770975057,0.09,157.0,0.88,258.0,192.0,105.95,0.01,0.0,41.7,14.3,1.0,26.8,34.3,78.1,0.62,10.9,5.29,147.0,5.34,14.8,6.9,6.98,441.0,125.95,321.1,1.1,13.1,0.12,17.0,10.0,32.75
0.0,26.0,18.0,43.5,82.0,73.69953051643192,18.785260770975057,0.13,133.0,0.98,97.0,252.93801652892563,97.404,0.04,0.03,39.1,13.5,1.55,28.9,34.5,83.7,0.71,9.5,6.68,481.0,4.67,12.1,9.0,3.02,289.0,123.6,427.85,1.09,13.0,0.12,17.0,10.0,33.1
0.0,53.5,15.0,38.59178535606821,84.0960219478738,73.69953051643192,18.785260770975057,0.09,158.0,0.78,23.0,252.93801652892563,98.111,0.04,0.13,44.8,16.2,1.65,29.4,36.2,81.3,0.49,12.9,3.86,200.0,5.51,12.2,6.2,4.46,441.0,125.95,321.1,1.1,13.1,0.12,17.0,10.0,32.75
0.0,53.0,34.0,32.8,65.0,73.69953051643192,18.785260770975057,0.1272119815668203,126.0,0.69,97.0,252.93801652892563,90.369,0.01,0.06,42.1,13.3,1.2,28.7,31.6,90.7,0.48,10.4,5.53,256.0,4.64,12.1,7.3,72.1,2080.0,1104.8,501.36,1.1,13.1,13.0,32.0,10.0,32.75
0.0,41.0,80.0,38.59178535606821,84.0960219478738,73.69953051643192,18.785260770975057,0.23,171.0,2.01,661.0,252.93801652892563,32.187,0.02,0.08,41.4,14.7,1.8,29.1,35.5,82.0,0.54,10.7,3.35,224.0,5.05,12.0,5.8,3.02,316.69,37.6,230.26,1.1,13.1,0.12,2.0,10.0,32.75
0.0,13.5,18.0,22.7,41.0,73.69953051643192,18.785260770975057,0.13,150.0,1.32,104.25520833333331,252.93801652892563,56.608,0.03,0.08,32.6,11.2,1.25,29.2,34.4,84.9,0.37,10.8,2.62,254.0,3.84,12.6,4.4,3.14,111.8,31.7,305.69,1.07,12.8,0.12,17.0,10.0,26.7
0.0,35.308825910931176,33.24291497975708,38.59178535606821,84.0960219478738,73.69953051643192,18.785260770975057,0.1272119815668203,80.0,1.01,104.25520833333331,252.93801652892563,91.959,0.01,0.0,38.1,13.3,0.45,26.8,34.9,76.8,0.17,9.6,7.2,175.0,4.96,15.1,7.8,3.02,441.0,32.2,493.64,1.1,13.1,0.12,5.0,10.0,32.75
0.0,23.0,8.0,38.59178535606821,83.0,73.69953051643192,18.785260770975057,0.06,158.0,0.84,42.0,252.93801652892563,113.438,0.03,0.16,32.5,11.6,0.97,30.9,35.7,86.7,0.71,9.5,3.71,352.0,3.75,12.7,5.6,39.6,3299.39,125.95,321.1,1.1,13.1,0.12,17.0,10.0,32.75
0.0,22.0,31.0,45.49,82.0,66.0,11.5,0.12,103.0,1.05,304.0,252.93801652892563,96.13,0.01,0.06,38.1,12.8,1.08,29.0,33.6,86.2,0.43,9.1,3.13,277.0,4.42,13.1,4.7,3.02,214.0,127.3,248.77,1.05,12.6,0.12,17.0,10.0,31.2
0.0,60.0,38.0,44.5,67.0,73.69953051643192,14.8,0.12,100.0,0.99,155.0,186.0,98.265,0.01,0.0,40.4,12.5,0.39,25.0,30.9,80.8,0.34,9.2,5.36,221.0,5.0,18.0,6.1,32.9,441.0,125.95,321.1,1.1,13.1,0.12,17.0,10.0,32.75
0.0,27.0,44.0,55.0,89.0,73.69953051643192,44.8,0.17,107.0,1.08,429.0,252.93801652892563,97.594,0.06,0.41,41.5,13.4,2.72,25.9,32.3,80.3,0.65,10.3,2.15,260.0,5.17,19.0,6.0,11.7,441.0,125.95,321.1,1.1,13.1,0.12,17.0,10.0,32.75
0.0,41.0,29.0,35.9,61.0,73.69953051643192,18.785260770975057,0.22,351.0,1.08,46.0,351.0,74.207,0.02,0.06,41.0,14.3,1.69,28.7,34.9,82.3,0.35,10.4,2.12,217.0,4.98,13.0,4.2,3.02,441.0,125.95,314.72,1.22,14.5,0.12,30.0,33.0,36.7
0.0,26.0,25.0,50.0,84.0960219478738,73.69953051643192,18.785260770975057,0.1272119815668203,102.0,1.0,104.25520833333331,244.0,101.971,0.03,0.0,36.3,13.1,0.85,28.7,36.1,79.6,1.16,9.6,14.77,427.0,4.56,11.3,16.8,43.4,441.0,166.7,308.63,1.0,12.0,0.12,34.0,10.0,31.8
0.0,24.0,25.0,44.4,153.0,73.69953051643192,14.0,0.19,62.0,0.82,106.0,261.0,129.099,0.03,0.19,45.1,15.3,2.27,29.3,33.9,86.2,0.6,9.7,1.97,253.0,5.23,11.6,5.1,57.2,441.0,125.95,321.1,1.1,13.1,0.12,17.0,10.0,32.75
0.0,39.0,28.0,45.8,84.0960219478738,73.69953051643192,18.785260770975057,0.16,83.0,0.94,130.0,252.93801652892563,106.099,0.03,0.14,47.8,17.1,2.08,32.7,35.8,91.4,0.59,10.7,6.57,246.0,5.23,12.6,9.4,3.14,377.89,3.8,327.79,1.06,12.7,0.12,17.0,10.0,24.1
0.0,73.0,55.0,38.6,84.0960219478738,73.69953051643192,18.785260770975057,0.11,233.0,1.17,104.25520833333331,245.0,63.681,0.05,0.21,43.7,14.5,1.29,29.4,33.2,88.6,0.62,9.9,7.37,402.0,4.93,12.8,9.5,123.0,441.0,125.95,321.1,1.1,13.1,0.12,17.0,10.0,32.75
0.0,58.0,35.0,43.7,63.0,73.69953051643192,16.2,0.11,86.0,0.85,80.0,203.0,113.683,0.04,0.1,44.7,15.4,1.8,28.5,34.5,82.8,0.33,11.5,2.97,246.0,5.4,12.5,5.2,6.76,441.0,125.95,321.1,1.1,13.1,13.0,17.0,10.0,32.75
0.0,35.308825910931176,33.24291497975708,38.59178535606821,84.0960219478738,73.69953051643192,18.785260770975057,0.1272119815668203,170.0,0.87,104.25520833333331,252.93801652892563,76.516,0.05,0.11,46.1,16.1,2.11,29.8,34.9,85.2,0.66,11.1,6.38,251.0,5.41,13.1,9.3,12.5,353.0,147.7,350.0,1.1,13.1,0.12,8.0,10.0,32.75
0.0,72.0,38.0,34.1,105.0,73.69953051643192,18.3,0.13,472.0,0.91,220.0,252.93801652892563,87.512,0.04,0.03,44.3,15.3,1.77,30.6,34.5,88.6,0.43,10.1,4.76,261.0,5.0,12.2,7.0,10.1,301.0,1616.5,321.1,1.1,13.1,0.12,29.0,10.0,32.75
0.0,45.0,22.0,46.2,67.0,73.69953051643192,18.785260770975057,0.18,104.0,1.15,190.0,252.93801652892563,80.276,0.01,0.0,33.6,11.8,1.25,30.3,35.1,86.2,0.39,12.0,8.71,253.0,3.9,12.0,10.4,43.3,441.0,0.0,373.18,1.01,12.1,82.0,57.0,10.0,32.5
0.0,151.0,104.0,29.9,83.0,73.69953051643192,63.1,0.16,132.0,0.98,45.0,641.0,74.063,0.07,0.11,45.9,16.7,2.82,30.3,36.4,83.2,0.33,10.7,3.91,258.0,5.52,12.7,7.2,3.14,67.06,48.3,321.1,1.1,13.1,0.12,17.0,10.0,32.75
0.0,16.0,22.0,38.59178535606821,84.0960219478738,73.69953051643192,18.785260770975057,0.1272119815668203,152.0,0.97,104.25520833333331,252.93801652892563,85.094,0.01,0.03,34.2,11.9,0.44,29.2,34.8,84.0,0.23,9.6,1.71,170.0,4.07,12.6,2.4,3.08,441.0,125.95,321.1,1.1,13.1,0.12,17.0,10.0,32.75
0.0,15.0,30.0,47.5,134.0,73.69953051643192,13.9,0.32,74.0,0.81,103.0,193.0,127.941,0.07,0.0,39.9,14.1,0.69,32.9,35.3,93.0,0.66,10.5,7.51,147.0,4.29,12.9,8.9,3.02,148.0,20.6,251.71,1.1,13.1,0.12,17.0,10.0,32.75
0.0,8.0,13.0,32.1,108.0,41.0,17.4,0.09,667.0,7.09,79.0,553.0,8.069,0.02,0.05,46.6,16.3,1.98,28.3,35.0,80.9,0.65,10.0,3.66,206.0,5.76,12.4,6.4,79.6,441.0,125.95,321.1,1.1,13.1,16.0,17.0,10.0,32.75
0.0,291.0,228.0,29.1,116.0,73.69953051643192,6.0,0.1,104.0,0.85,100.0,357.0,94.043,0.01,0.0,34.4,11.8,0.72,32.0,34.3,93.2,0.3,10.4,3.94,134.0,3.69,11.8,5.0,3.02,441.0,233.2,321.1,1.1,13.1,0.12,17.0,10.0,32.75
0.0,21.0,14.0,44.3,84.0960219478738,73.69953051643192,18.785260770975057,0.1272119815668203,133.0,1.07,104.25520833333331,209.0,79.384,0.01,0.02,39.4,14.2,2.25,29.6,36.0,82.1,0.63,9.3,4.87,173.0,4.8,11.6,7.8,18.2,225.02,123.9,321.1,1.1,13.1,0.12,17.0,10.0,32.75
0.0,35.308825910931176,33.24291497975708,28.4,84.0960219478738,73.69953051643192,18.785260770975057,0.1272119815668203,164.0,1.1425579536370902,104.25520833333331,252.93801652892563,82.73687055837563,0.03,0.22,38.8,11.8,1.14,22.6,30.4,74.5,0.84,10.7,3.98,217.0,5.21,16.0,6.2,6.01,548.0,44.2,308.63,1.1,13.1,0.0,3.0,10.0,32.75
0.0,60.1,36.0,38.59178535606821,84.0960219478738,73.69953051643192,18.785260770975057,0.14,103.0,0.92,31.0,252.93801652892563,100.091,0.0,0.14,27.6,9.3,0.08,30.6,33.7,90.8,0.13,11.6,5.2,201.0,3.04,14.4,5.6,93.4,441.0,1614.6,350.0,1.1,13.1,39.0,17.0,10.0,32.75
0.0,56.2,178.0,25.1,156.0,73.69953051643192,18.785260770975057,0.25,175.0,2.83,133.0,557.0,20.405,0.02,0.03,36.8,12.9,1.72,28.7,35.1,82.0,0.41,10.9,3.05,190.0,4.49,12.6,5.2,11.7,441.0,238.1,336.67,1.11,13.2,0.12,36.0,10.0,22.0
0.0,16.0,20.0,42.4,67.0,73.69953051643192,18.785260770975057,0.23,103.0,0.98,228.0,252.93801652892563,96.045,0.01,0.12,41.6,13.8,1.56,26.8,33.2,80.9,0.42,10.2,3.62,213.0,5.14,13.6,5.7,66.0,864.0,617.0,317.88,1.21,14.4,0.12,17.0,10.0,41.1
0.0,32.0,18.0,38.59178535606821,68.0,73.69953051643192,18.785260770975057,0.1272119815668203,136.0293103448276,0.83,48.0,154.0,102.597,0.02,0.0,39.0,13.7,1.06,29.5,35.1,84.1,0.32,11.0,5.77,237.0,4.64,13.8,7.2,40.3,441.0,844.7,321.1,1.1,13.1,12.0,21.0,10.0,32.75
0.0,15.0,13.0,41.7,95.0,73.69953051643192,18.785260770975057,0.1272119815668203,92.0,1.08,104.25520833333331,252.93801652892563,80.168,0.02,0.21,37.0,12.6,1.42,28.2,34.1,82.8,0.76,10.5,4.89,300.0,4.47,13.2,7.3,3.02,112.0,125.95,321.1,1.1,13.1,0.12,17.0,10.0,32.75
0.0,38.0,34.0,37.09,88.0,52.0,19.1,0.13,302.0,0.66,26.0,252.93801652892563,112.731,0.11,0.4,42.0,15.2,4.73,30.0,36.2,83.0,0.86,10.3,5.61,236.0,5.06,14.3,11.7,10.2,441.0,23.8,305.69,1.02,12.2,0.12,23.0,10.0,33.3
0.0,34.3,24.0,43.7,72.0,73.69953051643192,18.785260770975057,0.09,143.0,0.99,124.0,252.93801652892563,86.594,0.01,0.09,36.0,12.6,0.76,29.0,35.0,82.9,0.48,11.6,5.57,176.0,4.34,12.2,6.9,3.55,824.0,420.7,327.79,1.15,13.7,0.12,30.0,10.0,33.6
0.0,20.0,15.0,42.1,73.0,73.69953051643192,18.785260770975057,0.28,145.0,1.19,81.0,252.93801652892563,66.93,0.05,0.0,49.1,17.4,1.17,30.2,35.4,85.2,0.58,10.6,4.09,234.0,5.76,11.9,5.9,77.7,441.0,126.0,501.36,1.1,13.1,0.12,27.0,10.0,32.75
0.0,38.5,31.0,38.59178535606821,84.0960219478738,73.69953051643192,18.785260770975057,0.15,104.0,0.95,66.0,252.93801652892563,101.848,0.01,0.0,33.0,11.1,0.31,24.3,33.6,72.4,0.16,10.5,3.31,183.0,4.56,17.9,3.8,41.4,441.0,125.95,321.1,1.1,13.1,0.12,17.0,10.0,32.75
0.0,84.0,87.0,29.3,87.0,99.0,31.9,0.14,142.0,1.26,100.0,652.0,72.899,0.06,0.13,46.9,16.1,2.2,28.0,34.3,81.4,0.42,9.1,2.32,231.0,5.76,12.3,5.1,27.8,441.0,696.4,321.1,1.1,13.1,27.0,17.0,10.0,32.75
0.0,20.0,20.0,38.59178535606821,84.0960219478738,73.69953051643192,18.785260770975057,0.1272119815668203,136.0293103448276,1.09,104.25520833333331,252.93801652892563,60.706,0.02,0.06,38.7,13.5,1.68,29.4,34.9,84.3,0.5,11.8,4.8,211.0,4.59,13.0,7.1,18.5,81.96,143.2,321.1,1.1,13.1,0.12,17.0,10.0,32.75
0.0,109.0,69.0,34.9,75.0,73.69953051643192,11.0,0.07,113.0,1.07,83.0,255.0,75.046,0.05,0.13,45.1,15.4,1.83,28.3,34.1,82.8,0.71,13.0,4.94,164.0,5.45,13.0,7.7,3.02,441.0,6.5,364.89,1.1,13.1,0.12,23.0,10.0,32.75
0.0,24.0,38.0,34.7,84.0960219478738,73.69953051643192,18.785260770975057,0.12,97.0,0.86,574.0,298.0,87.243,0.01,0.01,41.8,14.8,1.69,28.0,35.4,79.0,0.75,9.4,5.0,228.0,5.29,11.8,7.5,6.76,441.0,125.95,321.1,17.75,181.0,0.12,17.0,10.0,32.75
0.0,71.0,35.0,29.8,78.0,73.69953051643192,18.785260770975057,0.14,198.0,1.76,157.0,332.0,35.728,0.04,0.12,46.5,15.7,2.02,29.6,33.8,87.7,0.53,10.9,4.02,232.0,5.3,13.4,6.7,3.4,441.0,12.7,311.64,1.1,13.1,0.12,8.0,0.0,32.75
0.0,8.0,17.0,35.8,40.0,73.69953051643192,10.4,0.28,97.0,0.87,83.0,252.93801652892563,90.567,0.07,0.17,44.9,16.3,1.59,30.6,36.3,84.2,0.79,9.5,4.35,259.0,5.33,12.1,7.0,3.65,441.0,125.95,321.1,1.1,13.1,0.12,17.0,10.0,32.75
0.0,35.308825910931176,33.24291497975708,37.15,103.0,72.0,45.2,0.2,136.0,1.28,94.0,252.93801652892563,62.588,0.05,0.06,48.4,16.9,2.16,29.1,34.9,83.3,0.53,10.5,3.67,231.0,5.81,12.8,6.5,7.63,441.0,220.9,338.47,1.1,13.1,0.12,6.0,0.0,32.75
0.0,15.0,21.0,38.59178535606821,84.0960219478738,73.69953051643192,18.785260770975057,0.07,105.0,0.88,52.0,252.93801652892563,94.22,0.04,0.0,49.7,16.6,0.77,31.4,33.4,94.1,0.18,11.1,3.34,159.0,5.28,14.1,4.3,64.3,441.0,125.95,321.1,1.1,13.1,0.12,17.0,10.0,32.75
0.0,15.0,15.0,38.3,67.0,93.0,15.7,0.13,101.0,1.02,53.0,232.0,76.772,0.01,0.0,34.8,12.0,0.94,29.1,34.5,84.5,0.55,9.9,4.78,169.0,4.12,13.4,6.3,3.02,441.0,114.3,305.69,1.1,13.1,0.12,2.0,10.0,32.75
0.0,15.0,25.0,41.0,84.0960219478738,73.69953051643192,18.785260770975057,0.1272119815668203,119.0,1.78,104.25520833333331,237.0,37.02,0.0,0.0,39.3,13.6,0.77,27.5,34.6,79.4,0.71,9.8,8.25,230.0,4.95,13.2,9.7,8.5,367.0,80.2,352.34,1.1,13.1,0.12,7.0,10.0,32.75
0.0,12.0,20.0,36.78,167.0,65.0,13.3,0.09,87.0,0.6,25.0,252.93801652892563,118.471,0.01,0.0,32.9,10.9,0.21,30.4,33.1,91.6,0.39,10.2,7.84,274.0,3.59,14.4,8.5,3.02,361.0,125.95,321.1,1.1,13.1,0.12,10.0,10.0,34.6
0.0,119.0,100.0,42.8,61.0,73.69953051643192,18.785260770975057,0.08,113.0,0.96,558.0,252.93801652892563,83.193,0.01,0.05,36.6,12.3,1.5,28.1,33.6,83.8,0.8,10.0,3.14,226.0,4.37,12.2,5.5,3.14,113.93,15.9,300.0,0.95,11.4,0.12,17.0,10.0,25.5
0.0,47.0,41.0,43.4,71.0,73.69953051643192,18.785260770975057,0.13,102.0,1.0,212.0,252.93801652892563,89.23,0.06,0.19,47.4,16.5,3.04,32.3,34.8,92.8,0.59,10.7,7.09,225.0,5.11,12.5,11.0,26.0,441.0,399.9,362.26,1.1,13.1,0.12,16.0,10.0,32.75
0.0,13.0,16.0,37.2,71.0,73.69953051643192,18.785260770975057,0.1,190.0,1.19,150.0,242.0,62.389,0.01,0.0,32.2,10.7,1.62,27.2,33.2,81.7,0.48,9.8,2.57,190.0,3.94,13.6,4.7,11.7,441.0,125.95,321.1,1.1,13.1,0.12,17.0,10.0,32.75
0.0,27.0,31.0,45.8,84.0960219478738,73.69953051643192,18.785260770975057,0.1272119815668203,66.0,0.96,104.25520833333331,225.0,101.276,0.01,0.17,41.4,13.8,1.56,29.2,33.3,87.5,0.63,8.9,3.49,380.0,4.73,12.2,5.9,3.02,441.0,125.95,321.1,1.1,13.1,0.12,17.0,10.0,32.75
0.0,44.0,33.0,38.59178535606821,84.0960219478738,73.69953051643192,18.785260770975057,0.17,72.0,1.02,127.0,279.0,96.123,0.02,0.04,45.0,14.8,0.87,29.4,32.9,89.5,0.46,9.8,2.36,138.0,5.03,13.2,3.8,79.1,1107.81,988.7,421.1,1.1,13.1,39.0,14.0,10.0,32.75
0.0,35.308825910931176,33.24291497975708,38.59178535606821,84.0960219478738,73.69953051643192,18.785260770975057,0.1272119815668203,136.0293103448276,1.53,104.25520833333331,252.93801652892563,42.919,0.01,0.0,40.1,13.8,2.02,29.7,34.4,86.4,0.45,11.1,6.69,279.0,4.64,12.5,9.2,5.21,441.0,163.0,251.71,1.1,13.1,0.12,30.0,10.0,32.75
0.0,25.0,21.0,38.59178535606821,84.0960219478738,73.69953051643192,18.785260770975057,0.1272119815668203,79.0,0.97,104.25520833333331,252.93801652892563,106.542,0.04,0.02,43.3,14.4,2.28,29.1,33.3,87.7,1.12,9.1,3.04,163.0,4.94,13.3,6.5,3.02,441.0,125.95,321.1,1.1,13.1,0.12,17.0,10.0,32.75
0.0,20.5,26.0,38.59178535606821,84.0960219478738,73.69953051643192,18.785260770975057,0.14,95.0,0.96,93.0,252.93801652892563,84.964,0.04,0.09,43.9,14.6,1.13,28.0,33.3,84.3,0.85,9.0,2.35,241.0,5.21,12.7,4.5,286.0,441.0,125.95,321.1,1.1,13.1,0.12,86.0,10.0,37.0
0.0,31.0,27.0,44.0,84.0960219478738,73.69953051643192,17.0,0.15,92.0,1.02,167.0,272.0,82.73687055837563,0.07,0.06,53.4,16.2,1.99,25.9,30.3,85.3,0.78,9.9,4.38,269.0,6.26,17.2,7.3,6.08,441.0,125.95,321.1,1.1,13.1,16.0,17.0,10.0,32.75
0.0,18.0,18.0,45.1,48.0,73.69953051643192,9.7,0.13,109.0,1.14,128.0,188.0,70.001,0.06,0.11,27.9,9.8,1.45,32.1,35.1,91.5,0.51,9.7,2.49,342.0,3.05,12.9,4.6,10.0,441.0,108.9,321.1,1.1,13.1,0.12,49.0,10.0,32.75
0.0,26.0,57.0,39.6,84.0960219478738,73.69953051643192,18.785260770975057,0.1272119815668203,282.0,1.0,104.25520833333331,334.0,80.873,0.02,0.02,41.6,14.0,1.16,29.4,33.7,87.4,0.53,11.0,1.22,206.0,4.76,13.0,3.0,3.14,2378.25,202.7,321.1,1.1,13.1,0.12,17.0,10.0,32.75
0.0,11.0,28.0,40.69,84.0960219478738,73.69953051643192,18.785260770975057,0.11,110.0,202.0,113.0,252.93801652892563,36.551,0.07,0.17,42.6,14.7,3.17,28.8,34.5,83.5,0.38,9.4,5.17,331.0,5.1,12.4,9.0,52.1,441.0,1363.2,354.74,1.03,12.3,11.0,17.0,10.0,38.2
0.0,42.0,27.0,38.59178535606821,67.0,73.69953051643192,18.785260770975057,0.1272119815668203,136.0293103448276,1.1,66.0,197.0,64.863,0.02,0.13,45.2,15.2,2.27,29.8,33.6,88.6,0.6,10.3,3.0,275.0,5.1,12.0,6.0,14.1,1361.96,44.0,330.41,1.1,13.1,0.12,21.0,10.0,32.75
0.0,24.0,53.0,32.7,56.0,73.69953051643192,18.785260770975057,0.14,123.0,1.18,321.0,363.0,65.743,0.01,0.0,38.4,13.2,0.65,27.6,34.4,80.2,0.4,10.0,8.71,163.0,4.79,15.0,9.8,3.02,441.0,49.4,321.1,1.05,12.6,0.12,17.0,10.0,30.5
0.0,124.0,88.0,38.3,57.0,73.69953051643192,18.785260770975057,0.08,88.0,0.85,32.0,276.0,104.493,0.02,0.04,48.7,16.7,1.57,25.0,34.3,72.9,0.65,8.9,2.14,150.0,6.68,14.7,4.4,9.95,441.0,789.7,321.1,1.1,13.1,0.12,16.0,10.0,32.75
0.0,94.0,71.0,43.23,57.0,66.0,15.3,0.11,95.0,0.82,92.0,276.0,115.375,0.08,0.08,44.2,15.0,2.0,28.7,33.9,84.5,0.56,9.8,3.91,389.0,5.23,13.4,6.6,3.02,441.0,19.0,373.93,1.1,13.1,0.12,28.0,10.0,32.75
0.0,79.0,50.0,26.4,144.0,108.0,18.785260770975057,0.2,92.0,1.31,104.25520833333331,252.93801652892563,51.78,0.06,0.11,49.1,17.3,2.2,30.7,35.2,87.2,0.8,9.5,5.37,232.0,5.63,13.3,8.5,6.96,333.0,125.95,317.88,1.07,12.8,0.12,45.0,10.0,39.0
0.0,35.0,41.0,46.22,75.0,68.0,23.4,0.1272119815668203,74.0,1.13,123.0,283.0,82.575,0.01,0.0,47.1,16.5,1.19,29.0,35.0,82.8,0.34,10.7,3.01,146.0,5.69,12.6,4.6,56.4,441.0,125.95,321.1,1.1,13.1,0.12,17.0,10.0,32.75
0.0,29.0,24.0,35.5,84.0960219478738,73.69953051643192,18.785260770975057,0.07,406.0,1.26,76.0,211.0,54.657,0.03,0.01,42.8,15.5,3.47,30.6,36.2,84.6,0.93,10.8,2.18,96.0,5.06,11.9,6.6,3.14,45.76,64.3,270.76,0.91,11.0,0.12,17.0,10.0,29.9
0.0,49.0,23.0,36.3,44.0,73.69953051643192,18.785260770975057,0.11,201.0,0.87,44.0,252.93801652892563,89.304,0.08,0.05,50.2,17.5,1.29,29.1,34.9,83.5,0.49,11.1,3.68,223.0,6.01,13.3,5.6,73.0,752.0,836.4,321.1,1.1,13.1,27.0,17.0,10.0,32.75
0.0,27.5,54.0,31.1,97.0,86.0,35.1,0.11,113.0,0.84,154.0,394.0,86.862,0.01,0.01,42.5,14.8,0.52,29.5,34.8,84.7,0.42,10.9,4.27,125.0,5.02,13.0,5.2,22.6,441.0,183.0,364.89,1.16,13.8,0.12,17.0,60.0,38.1
0.0,19.0,12.0,39.8,84.0960219478738,73.69953051643192,18.785260770975057,0.1272119815668203,89.0,1.0,104.25520833333331,156.0,66.433,0.01,0.04,38.5,13.7,1.95,29.5,35.6,83.0,0.45,10.2,2.24,173.0,4.64,13.3,4.7,5.21,441.0,125.95,321.1,1.1,13.1,0.12,17.0,10.0,32.75
0.0,37.0,27.0,47.3,118.0,73.69953051643192,15.2,0.09,91.0,0.93,83.0,185.0,100.189,0.03,0.38,33.8,10.4,1.13,26.3,30.8,85.6,0.97,10.3,7.23,247.0,3.95,15.7,9.7,3.02,1450.0,196.5,281.31,1.1,13.1,0.12,2.0,10.0,32.75
0.0,40.0,72.0,38.8,115.0,73.69953051643192,18.785260770975057,0.09,91.0,0.75,1898.0,201.0,108.474,0.01,0.01,47.1,16.1,2.07,29.3,34.2,85.8,1.19,10.5,3.7,180.0,5.49,11.9,7.0,3.02,441.0,125.95,321.1,1.1,13.1,0.12,17.0,10.0,32.75
0.0,24.0,31.0,33.4,92.0,141.0,15.2,0.13,73.0,0.75,32.0,158.0,99.007,0.02,0.0,38.0,13.5,0.43,28.7,35.5,80.9,0.91,10.9,7.65,275.0,4.7,11.9,9.0,6.18,441.0,125.95,321.1,1.1,13.1,0.12,17.0,10.0,32.75
0.0,40.0,16.0,31.1,76.0,73.69953051643192,12.9,0.1272119815668203,172.0,1.1425579536370902,19.0,293.0,82.73687055837563,0.08,0.01,43.5,15.7,1.39,29.6,36.1,81.9,0.74,10.0,12.1,441.0,5.31,11.9,14.3,33.1,441.0,125.95,321.1,1.1,13.1,0.12,17.0,10.0,32.75
0.0,31.0,24.0,45.3,70.0,73.69953051643192,18.6,0.07,122.0,0.9,145.0,250.0,114.208,0.02,0.0,40.1,13.1,0.51,30.5,32.7,93.3,0.49,10.9,1.67,201.0,4.3,13.0,2.7,3.14,252.88,60.9,346.56,1.36,16.0,0.12,10.0,10.0,71.9
0.0,53.5,35.0,38.59178535606821,84.0960219478738,73.69953051643192,18.785260770975057,0.14,134.0,0.95,43.0,252.93801652892563,83.077,0.1,0.07,41.0,14.1,2.19,30.7,34.4,89.1,1.59,9.5,11.5,285.0,4.6,13.2,15.5,23.4,652.0,346.6,395.25,1.15,13.7,15.0,17.0,10.0,41.3
0.0,32.0,36.0,30.8,84.0960219478738,73.69953051643192,27.3,0.2,79.0,0.95,177.0,294.0,82.73687055837563,0.06,0.06,48.6,17.1,2.11,28.7,35.2,81.7,0.51,10.1,5.87,258.0,5.95,11.9,8.6,3.02,441.0,62.5,321.1,1.1,13.1,0.12,2.0,10.0,32.75
0.0,73.3,97.0,38.59178535606821,84.0960219478738,73.69953051643192,18.785260770975057,0.13,74.0,1.91,382.0,252.93801652892563,32.138,0.01,0.0,35.8,12.4,0.96,28.7,34.6,82.9,0.61,8.9,7.65,369.0,4.32,12.6,9.2,34.8,441.0,125.95,321.1,1.1,13.1,0.12,17.0,10.0,32.75
0.0,29.0,33.0,38.59178535606821,84.0960219478738,73.69953051643192,18.785260770975057,0.16,171.0,0.97,85.0,252.93801652892563,82.157,0.03,0.2,39.3,13.4,1.67,29.3,34.1,86.0,0.39,9.9,3.34,314.0,4.57,13.4,5.6,24.3,441.0,438.5,321.1,1.1,13.1,0.12,51.0,10.0,32.75
0.0,39.0,53.0,38.59178535606821,84.0960219478738,73.69953051643192,17.0,0.1272119815668203,268.0,0.82,72.0,252.93801652892563,91.503,0.0,0.0,36.4,12.4,0.52,27.7,34.1,81.3,0.11,9.3,8.33,313.0,4.48,15.1,9.0,3.02,441.0,125.95,410.0,1.04,12.4,0.12,9.0,10.0,25.3
0.0,53.0,69.0,35.4,74.0,73.69953051643192,14.2,0.23,110.0,0.89,202.0,345.0,60.55,0.04,0.08,46.5,15.9,1.9,30.9,34.2,90.3,0.42,9.4,4.26,248.0,5.15,12.9,6.7,18.8,881.57,67.7,305.69,1.1,13.1,0.12,32.0,10.0,32.75
0.0,23.0,28.0,42.09,71.0,75.0,23.0,0.1272119815668203,136.0293103448276,0.86,193.0,252.93801652892563,68.183,0.01,0.0,40.4,13.9,0.58,29.0,34.4,84.3,0.55,11.1,5.75,364.0,4.79,12.9,6.9,45.3,441.0,125.95,321.1,1.1,13.1,0.12,17.0,10.0,32.75
0.0,75.0,49.0,38.5,162.0,46.0,10.7,0.44,167.0,0.99,34.0,190.0,73.675,0.01,0.03,43.2,14.9,0.7,29.9,34.5,86.6,0.42,12.2,3.23,152.0,4.99,13.9,4.4,3.02,188.0,62.6,293.69,0.96,11.6,0.12,17.0,10.0,38.3
0.0,15.0,22.0,37.62,69.0,86.0,17.3,0.1,102.0,0.85,150.0,254.0,88.904,0.11,0.37,39.5,12.7,2.13,30.1,32.2,93.6,0.95,9.8,9.91,516.0,4.22,12.5,13.5,15.0,936.0,94.4,354.74,1.03,12.3,0.12,17.0,10.0,31.6
0.0,31.0,28.0,44.36,89.0,51.0,17.4,0.17,113.0,0.87,158.0,252.93801652892563,94.466,0.01,0.01,43.5,16.2,0.78,31.6,37.2,85.0,1.03,8.2,6.71,190.0,5.12,11.8,8.5,3.02,386.0,130.9,237.64,1.1,13.1,0.12,2.0,10.0,32.75
0.0,15.0,10.0,37.1,84.0960219478738,73.69953051643192,18.785260770975057,0.05,227.0,1.03,19.0,149.0,78.034,0.02,0.12,45.0,15.4,1.92,27.7,34.2,80.9,0.4,9.5,3.9,180.0,5.56,13.4,6.4,3.02,259.89,70.2,292.3,1.1,13.1,0.12,2.0,10.0,32.75
0.0,19.0,23.0,38.59178535606821,69.0,73.69953051643192,18.785260770975057,0.1272119815668203,136.0293103448276,1.01,136.0,219.0,81.608,0.01,0.0,31.8,9.9,0.76,21.8,31.1,70.0,0.37,10.4,7.37,337.0,4.54,21.7,8.5,3.02,441.0,48.0,281.31,1.1,13.1,0.12,10.0,10.0,32.75
0.0,42.0,24.0,38.1,95.0,69.0,11.8,0.05,103.0,3.21,59.0,165.0,17.895,0.01,0.04,33.2,11.1,0.58,30.3,33.4,90.7,0.19,10.6,1.31,124.0,3.66,12.8,2.1,148.0,747.0,125.95,486.28,1.2,14.2,13.0,35.0,10.0,33.4
0.0,21.0,20.0,43.2,84.0960219478738,73.69953051643192,18.785260770975057,0.18,124.0,0.96,72.0,174.0,87.386,0.0,0.01,32.0,11.0,1.1,27.8,34.4,80.8,0.35,10.3,2.87,203.0,3.96,15.3,4.3,83.4,2970.0,76.4,364.89,2.09,24.1,0.12,17.0,10.0,101.0
0.0,14.0,18.0,34.3,45.0,73.69953051643192,18.785260770975057,0.17,94.0,1.02,86.0,276.0,78.407,0.02,0.23,42.3,14.3,1.95,30.4,33.8,90.0,0.65,11.0,2.0,206.0,4.7,12.4,4.9,3.02,441.0,419.0,257.95,1.1,13.1,19.0,17.0,10.0,32.75
0.0,43.0,30.0,40.4,87.0,73.69953051643192,18.785260770975057,0.11,107.0,0.96,189.0,270.0,92.437,0.02,0.04,43.3,15.3,1.8,29.8,35.3,84.4,0.96,8.7,7.46,371.0,5.13,12.0,10.3,3.02,441.0,4.6,270.9,1.1,13.1,0.12,3.0,10.0,32.75
0.0,28.0,46.0,38.59178535606821,84.0960219478738,73.69953051643192,18.785260770975057,0.1272119815668203,115.0,0.97,104.25520833333331,252.93801652892563,82.157,0.01,0.01,42.2,14.9,0.83,29.2,35.3,82.7,0.39,11.9,4.7,140.0,5.1,12.3,5.9,62.5,302.31,426.2,232.61,1.08,12.9,21.0,60.0,10.0,25.1
0.0,49.0,46.0,31.1,84.0960219478738,73.69953051643192,18.785260770975057,0.07,175.0,1.23,56.0,286.0,61.653,0.02,0.02,42.2,14.5,1.85,29.6,34.4,86.1,0.39,10.6,2.44,179.0,4.9,12.5,4.7,3.94,502.19,183.3,300.0,1.1,13.1,0.12,6.0,10.0,32.75
0.0,45.0,29.0,44.7,77.0,73.69953051643192,18.785260770975057,0.1,67.0,0.95,404.0,252.93801652892563,84.846,0.08,0.29,44.2,15.0,2.03,29.1,33.9,85.8,0.5,9.4,5.52,353.0,5.15,11.7,8.4,19.6,350.0,128.1,357.19,1.1,13.1,0.12,20.0,10.0,32.75
0.0,29.0,57.0,37.1,84.0960219478738,73.69953051643192,18.785260770975057,0.07,130.0,0.82,75.0,299.0,76.938,0.0,0.0,36.3,13.5,1.37,31.6,37.2,85.0,0.5,9.8,6.08,204.0,4.27,11.1,8.0,9.9,403.42,32.0,630.81,1.1,13.1,0.12,79.0,10.0,32.75
0.0,31.0,29.0,35.9,84.0960219478738,73.69953051643192,18.785260770975057,0.17,142.0,1.3,39.0,247.0,53.751,0.02,0.19,38.7,13.0,1.75,29.7,33.6,88.6,0.53,10.3,2.46,308.0,4.37,12.4,5.0,22.3,1660.0,198.6,350.0,1.1,13.1,87.0,59.0,10.0,32.75
0.0,100.0,21.0,33.1,84.0960219478738,73.69953051643192,18.785260770975057,0.1272119815668203,150.0,1.28,28.0,252.93801652892563,60.428,0.09,0.34,43.4,14.4,2.07,25.4,33.2,76.4,0.83,10.4,4.96,285.0,5.68,14.6,8.3,47.2,1287.27,255.2,450.52,1.09,13.0,0.12,95.0,10.0,29.1
0.0,28.0,22.0,47.1,52.0,73.69953051643192,18.3,0.17,89.0,0.99,125.0,252.0,92.245,0.01,0.04,37.7,13.0,1.35,28.4,34.5,82.5,0.26,10.6,1.42,213.0,4.57,13.5,3.1,12.1,978.21,125.95,357.52,1.04,12.4,0.12,40.0,10.0,27.3
0.0,28.0,37.0,44.2,100.0,73.69953051643192,20.0,0.12,87.0,0.94,526.0,233.0,104.619,0.0,0.46,46.5,15.6,2.01,26.5,33.5,78.9,1.0,9.1,8.66,325.0,5.89,13.4,12.1,3.14,113.93,243.2,321.1,1.1,13.1,0.12,17.0,10.0,32.75
0.0,31.0,17.0,51.4,84.0960219478738,73.69953051643192,18.785260770975057,0.1272119815668203,102.0,0.94,104.25520833333331,178.0,111.447,0.03,0.16,50.5,17.2,2.17,30.6,34.1,89.7,0.4,9.6,4.65,218.0,5.63,12.2,7.4,75.8,441.0,429.0,321.1,1.1,13.1,34.0,17.0,14.0,32.75
0.0,35.0,76.0,48.3,84.0960219478738,73.69953051643192,18.785260770975057,0.1272119815668203,96.0,1.17,104.25520833333331,416.0,86.138,0.02,0.18,46.9,16.2,2.22,29.3,34.5,85.0,0.74,9.1,4.58,209.0,5.52,12.3,7.7,38.7,441.0,125.95,321.1,1.1,13.1,0.12,17.0,10.0,32.75
0.0,25.0,26.0,47.7,136.0,73.69953051643192,18.785260770975057,0.1272119815668203,102.0,0.95,104.25520833333331,252.93801652892563,112.373,0.03,0.12,46.5,16.4,2.11,29.3,35.3,83.2,0.46,9.9,4.28,191.0,5.59,12.3,7.0,73.7,441.0,125.95,321.1,1.1,13.1,0.12,17.0,10.0,32.75
0.0,38.0,53.0,35.8,84.0960219478738,73.69953051643192,18.785260770975057,0.24,105.0,0.86,64.0,447.0,113.936,0.08,0.15,44.8,15.7,2.12,30.1,35.0,85.8,0.49,9.0,6.05,261.0,5.22,12.6,8.9,3.32,441.0,125.95,321.1,1.1,13.1,0.12,17.0,10.0,32.75
0.0,32.0,45.0,35.0,58.0,73.69953051643192,18.785260770975057,0.12,190.0,0.93,61.0,395.0,57.415,0.02,0.05,40.4,14.0,0.53,27.6,34.7,79.7,0.41,9.1,3.39,201.0,5.07,12.3,4.4,3.02,441.0,5.6,277.71,1.11,13.2,0.12,11.0,34.0,34.3
0.0,26.0,28.0,38.59178535606821,84.0960219478738,73.69953051643192,18.785260770975057,0.06,86.0,0.86,188.0,252.93801652892563,89.671,0.02,0.0,38.7,13.3,1.18,29.4,34.4,85.6,0.9,10.6,8.7,213.0,4.52,12.6,10.8,3.02,441.0,125.95,321.1,1.1,13.1,0.12,17.0,10.0,32.75
0.0,54.0,64.0,38.59178535606821,84.0960219478738,73.69953051643192,15.4,0.1272119815668203,90.0,0.88,223.0,252.93801652892563,74.725,0.04,0.07,31.9,9.7,1.62,25.6,30.4,84.2,0.54,10.2,3.92,299.0,3.79,17.0,6.2,3.19,441.0,52.3,302.81,1.1,13.1,0.12,16.0,10.0,32.75
0.0,32.0,20.0,29.3,55.0,73.69953051643192,18.785260770975057,0.12,123.0,0.75,22.0,273.0,78.222,0.01,0.0,38.9,13.0,0.42,26.2,33.4,78.4,0.13,10.4,3.5,275.0,4.96,13.4,4.1,3.14,976.03,121.8,333.51,1.1,13.1,0.12,5.0,10.0,32.75
0.0,17.0,26.0,39.9,84.0960219478738,73.69953051643192,18.785260770975057,0.1272119815668203,111.0,1.4,104.25520833333331,233.0,38.634,0.05,0.21,39.9,12.7,1.52,25.0,31.8,78.7,0.32,11.0,3.89,251.0,5.07,13.1,6.0,3.02,257.0,64.1,267.4,1.1,13.1,0.12,2.0,10.0,32.75
0.0,7.0,9.0,38.59178535606821,95.0,73.69953051643192,7.1,0.09,54.0,3.89,47.0,173.0,17.405,0.02,0.2,38.9,13.3,2.19,28.1,34.2,82.2,0.55,10.8,4.14,214.0,4.73,12.4,7.1,55.2,441.0,125.95,321.1,1.1,13.1,0.12,17.0,10.0,32.75
0.0,56.0,46.0,38.1,88.0,76.0,17.9,0.06,191.0,0.97,336.0,288.0,97.929,0.03,0.06,46.1,16.1,3.5,29.0,34.9,83.1,0.74,9.7,6.99,336.0,5.55,12.3,11.3,5.08,586.0,130.2,300.0,1.1,13.1,0.12,22.0,10.0,32.75
0.0,47.0,42.0,34.7,137.0,73.69953051643192,18.785260770975057,0.11,490.0,1.44,58.0,252.93801652892563,82.73687055837563,0.03,0.41,36.3,11.6,1.77,26.2,32.0,82.1,0.71,11.4,5.32,156.0,4.42,15.0,8.2,49.2,460.0,400.9,338.47,1.17,13.9,0.12,4.0,10.0,28.4
0.0,13.0,20.0,43.6,77.0,73.69953051643192,18.785260770975057,0.18,123.0,1.06,84.0,252.93801652892563,84.932,0.01,0.0,35.5,12.3,1.51,29.3,34.6,84.5,0.57,10.7,6.37,287.0,4.2,12.9,8.5,3.02,443.0,21.5,321.1,1.1,13.1,0.12,17.0,10.0,32.75
0.0,16.0,10.0,27.5,84.0960219478738,73.69953051643192,18.785260770975057,0.1272119815668203,524.0,0.98,104.25520833333331,252.93801652892563,56.213,0.01,0.0,45.3,16.0,0.84,29.3,35.3,83.0,0.19,12.4,3.61,140.0,5.46,12.7,4.7,34.3,441.0,125.95,321.1,1.1,13.1,0.12,17.0,10.0,32.75
0.0,17.0,66.0,39.64,76.0,50.0,93.8,0.11,131.0,0.63,74.0,252.93801652892563,87.41,0.03,0.0,54.2,16.0,0.37,23.1,29.5,78.1,0.38,10.389577103801797,15.49,226.0,6.94,21.6,16.3,10.1,1249.63,181.7,286.39,0.99,11.9,0.12,36.0,10.0,23.4
0.0,54.0,40.0,30.8,84.0960219478738,73.69953051643192,18.785260770975057,0.1272119815668203,136.0293103448276,1.68,104.25520833333331,252.93801652892563,38.873,0.02,0.02,41.3,13.9,1.14,29.9,33.7,88.8,0.35,9.3,4.57,253.0,4.65,11.6,6.1,5.18,163.0,18.2,370.35,1.1,13.1,0.12,69.0,10.0,32.75
0.0,21.0,18.0,37.2,84.0960219478738,73.69953051643192,18.785260770975057,0.1272119815668203,165.0,0.74,22.0,252.93801652892563,95.433,0.01,0.16,45.5,15.6,1.48,31.7,34.3,92.5,0.56,14.0,4.11,125.0,4.92,13.3,6.3,5.14,441.0,14.1,298.38,1.1,13.1,0.12,8.0,10.0,32.75
0.0,20.1,31.0,43.4,48.0,73.69953051643192,18.785260770975057,0.07,105.0,0.78,54.0,252.93801652892563,100.2,0.01,0.01,26.5,7.7,1.69,17.4,29.1,59.8,0.68,9.6,5.08,484.0,4.43,18.2,7.5,23.6,330.33,55.3,324.41,0.97,11.7,0.12,17.0,10.0,34.2
0.0,51.0,20.0,35.6,79.0,73.69953051643192,18.785260770975057,0.13,261.0,0.8,28.0,250.0,97.095,0.02,0.01,37.9,11.8,2.5,26.8,31.1,85.9,0.34,10.0,1.96,227.0,4.41,13.6,4.8,11.8,566.13,75.8,382.92,1.1,13.1,0.12,33.0,10.0,29.9
0.0,26.4,16.0,38.59178535606821,84.0960219478738,73.69953051643192,18.785260770975057,0.07,105.0,0.96,98.0,252.93801652892563,91.147,0.0,0.06,45.3,14.8,2.26,27.3,32.7,83.6,0.42,10.8,3.48,209.0,5.42,12.7,6.2,6.01,441.0,358.7,346.56,1.1,13.1,0.12,41.0,10.0,32.75
0.0,30.5,26.0,38.59178535606821,84.0960219478738,73.69953051643192,18.785260770975057,0.09,103.0,0.82,41.0,252.93801652892563,72.224,0.03,0.0,38.9,13.7,1.41,27.3,35.2,77.5,1.04,10.3,10.05,389.0,5.02,13.6,12.5,6.76,441.0,125.95,321.1,1.98,22.9,0.12,17.0,10.0,30.9
0.0,18.0,25.0,38.59178535606821,84.0960219478738,73.69953051643192,18.785260770975057,0.1272119815668203,95.0,0.7,104.25520833333331,291.0,118.288,0.04,0.07,45.0,15.6,2.27,30.5,34.7,87.9,0.43,10.2,2.83,238.0,5.12,12.2,5.6,3.02,187.0,93.4,321.1,1.1,13.1,0.12,4.0,10.0,32.75
0.0,51.0,97.0,30.06,48.0,142.0,56.4,0.19,98.0,1.3,1868.0,252.93801652892563,62.295,0.07,0.19,41.3,13.3,2.13,30.6,32.2,95.2,0.66,10.8,4.16,200.0,4.34,12.4,7.2,24.7,522.0,140.9,296.79,1.1,13.1,0.12,33.0,10.0,32.75
0.0,23.0,20.0,30.3,84.0960219478738,73.69953051643192,18.785260770975057,0.16,187.0,1.0,85.0,273.0,72.785,0.02,0.09,43.8,14.5,1.19,27.8,33.1,83.9,0.39,10.5,3.43,257.0,5.22,13.5,5.1,3.02,494.0,185.8,285.0,1.17,13.9,0.12,17.0,10.0,29.2
0.0,50.0,23.0,34.2,175.0,73.69953051643192,18.785260770975057,0.07,359.0,0.83,40.0,212.0,102.597,0.02,0.04,43.7,14.8,1.48,31.6,33.9,93.4,0.41,11.0,5.38,210.0,4.68,12.1,7.3,3.44,441.0,60.9,321.1,1.1,13.1,0.12,11.0,10.0,32.75
0.0,40.0,35.0,39.3,84.0960219478738,73.69953051643192,18.785260770975057,0.1272119815668203,436.0,0.58,28.0,252.93801652892563,103.369,0.03,0.0,45.9,16.3,2.76,28.5,35.5,80.4,0.77,13.0,5.22,93.0,5.71,12.8,8.8,19.0,723.91,533.7,413.61,1.25,14.8,0.12,59.0,10.0,30.7
0.0,14.0,12.0,45.6,52.0,73.69953051643192,18.785260770975057,0.1272119815668203,90.0,0.61,104.25520833333331,252.93801652892563,129.095,0.03,0.13,34.7,11.9,0.6,27.7,34.3,80.7,0.56,9.3,5.98,336.0,4.3,13.6,7.3,3.02,441.0,146.8,302.81,1.16,13.8,0.12,17.0,10.0,41.4
0.0,25.0,30.0,41.1,101.0,73.69953051643192,15.0,0.11,114.0,0.78,110.0,264.0,103.782,0.02,0.01,41.0,13.2,1.16,24.8,32.2,77.1,0.35,9.3,4.49,431.0,5.32,14.2,6.0,37.2,441.0,183.9,373.18,1.04,12.5,0.12,39.0,10.0,36.3
0.0,5.0,15.0,43.2,59.0,73.69953051643192,18.785260770975057,0.19,89.0,0.72,48.0,170.0,121.789,0.04,0.12,38.2,11.8,2.35,21.3,30.9,69.1,0.5,9.2,5.63,402.0,5.53,15.4,8.6,3.42,441.0,197.8,321.1,1.1,13.1,0.12,17.0,10.0,32.75
0.0,18.0,24.0,38.1,104.0,73.69953051643192,12.4,0.09,106.0,0.97,47.0,217.0,58.127,0.05,0.11,39.8,13.6,2.18,28.4,34.2,83.1,0.54,10.1,7.67,246.0,4.79,13.3,10.6,6.76,441.0,125.95,321.1,5.31,58.0,0.12,17.0,10.0,48.0
0.0,23.0,16.0,36.9,98.0,73.69953051643192,18.785260770975057,0.07,251.0,0.65,18.0,234.0,103.852,0.02,0.02,41.0,13.3,1.38,29.6,32.4,91.1,0.46,9.0,3.81,266.0,4.5,12.0,5.7,8.25,406.09,6.5,321.1,1.1,13.1,0.12,17.0,10.0,32.75
0.0,33.0,32.0,33.4,84.0960219478738,73.69953051643192,18.785260770975057,0.08,108.0,0.7,104.25520833333331,288.0,90.576,0.02,0.0,38.0,12.9,1.12,28.8,33.9,84.8,0.54,10.1,6.83,400.0,4.48,14.0,8.5,6.36,441.0,125.95,321.1,1.1,13.1,0.12,17.0,10.0,32.75
0.0,27.0,19.0,46.7,123.0,73.69953051643192,18.785260770975057,0.13,89.0,0.97,113.0,252.93801652892563,95.216,0.01,0.02,39.8,13.3,1.03,27.3,33.4,81.7,0.42,11.7,1.95,174.0,4.87,13.7,3.4,3.02,461.0,125.95,295.23,1.04,12.4,0.12,18.0,10.0,36.0
0.0,20.2,33.0,38.59178535606821,84.0960219478738,73.69953051643192,18.785260770975057,0.09,79.0,0.91,25.0,252.93801652892563,65.956,0.01,0.0,34.6,12.0,1.62,29.1,34.7,84.0,0.58,11.0,3.12,188.0,4.12,11.8,5.3,18.3,109.67,528.3,392.51,1.1,13.1,0.12,32.0,10.0,32.75
0.0,25.0,22.0,48.6,80.0,73.69953051643192,8.7,0.22,94.0,0.9,106.0,198.0,114.208,0.01,0.02,26.7,8.8,0.65,27.7,33.0,84.0,0.25,10.8,1.66,150.0,3.18,16.5,2.6,6.76,441.0,125.95,346.06,1.1,13.1,0.12,17.0,10.0,32.75
0.0,86.0,48.0,46.1,84.0960219478738,73.69953051643192,18.785260770975057,0.14,204.0,1.06,100.0,206.0,85.531,0.01,0.04,36.2,11.8,0.94,27.9,32.6,85.6,0.28,9.8,1.98,216.0,4.23,12.5,3.3,43.9,441.0,108.2,311.64,1.23,14.6,12.0,17.0,10.0,41.2
0.0,82.0,74.0,35.9,84.0960219478738,73.69953051643192,18.785260770975057,0.1272119815668203,183.0,1.02,60.0,252.93801652892563,77.313,0.06,0.07,49.0,17.3,1.85,30.1,35.3,85.2,0.61,11.6,6.62,257.0,5.75,12.0,9.2,7.87,441.0,125.95,321.1,1.1,13.1,0.12,17.0,10.0,32.75
0.0,37.0,24.0,40.0,43.0,73.0,26.5,0.11,95.0,0.9,38.0,218.0,95.143,0.03,0.08,45.5,16.2,3.61,28.4,35.6,79.8,0.53,9.8,4.97,259.0,5.7,12.9,9.2,266.0,1643.28,74.1,321.1,1.01,12.1,0.12,125.0,89.0,38.6
0.0,74.0,26.0,35.6,59.0,73.69953051643192,18.785260770975057,0.07,109.0,1.0,13.0,167.0,83.764,0.02,0.0,38.8,13.6,1.16,28.0,35.1,80.0,0.63,10.1,8.22,324.0,4.85,12.0,10.0,25.5,441.0,125.95,321.1,1.1,13.1,0.12,17.0,10.0,32.75
0.0,35.0,28.0,37.7,85.0,60.0,16.4,0.1272119815668203,97.0,0.97,93.0,252.93801652892563,88.136,0.02,0.0,40.9,14.0,0.76,28.9,34.2,84.5,0.39,10.9,7.6,147.0,4.84,13.1,8.8,6.76,441.0,125.95,321.1,0.91,11.0,0.12,17.0,10.0,31.7
0.0,28.0,25.0,42.1,70.0,73.69953051643192,18.785260770975057,0.1,107.0,0.93,113.0,252.93801652892563,90.169,0.05,0.09,43.7,15.6,1.72,28.9,35.7,80.9,0.74,10.5,3.67,256.0,5.4,12.0,6.3,3.02,33300.0,29.3,493.64,1.06,12.7,0.12,17.0,10.0,40.9
0.0,11.5,29.0,35.3,56.0,82.0,38.6,0.53,73.0,1.2,98.0,500.0,55.585,0.0,0.0,32.1,10.2,1.21,25.2,31.8,79.5,0.55,9.7,3.7,407.0,4.04,16.5,5.5,3.02,352.0,15.5,321.1,1.1,13.1,0.12,17.0,10.0,32.75
0.0,15.0,19.0,41.0,52.0,73.69953051643192,18.785260770975057,0.09,95.0,0.78,120.0,252.93801652892563,95.392,0.05,0.2,44.1,15.5,2.97,30.3,35.1,86.1,0.83,10.0,6.5,258.0,5.12,12.2,10.6,36.5,441.0,125.95,321.1,1.1,13.1,0.12,17.0,10.0,32.75
0.0,24.0,18.0,46.6,84.0960219478738,73.69953051643192,18.785260770975057,0.06,101.0,0.81,79.0,208.0,86.765,0.04,0.12,48.1,15.9,2.97,27.2,33.1,82.4,0.61,10.8,2.61,189.0,5.84,13.2,6.4,3.09,0.0,125.95,321.1,1.1,13.1,0.12,17.0,10.0,32.75
0.0,24.0,22.0,34.5,68.0,73.69953051643192,18.785260770975057,0.08,328.0,0.85,38.0,261.0,72.131,0.02,0.32,31.3,10.3,1.1,30.8,32.9,93.7,0.74,11.3,4.15,186.0,3.34,12.7,6.3,0.0,64.2,305.69,321.1,1.1,17.0,0.12,0.0,10.0,32.75
0.0,35.0,33.0,32.1,84.0960219478738,73.69953051643192,18.785260770975057,0.1272119815668203,466.0,1.2,41.0,252.93801652892563,49.239,0.05,0.23,34.1,11.3,1.85,26.6,33.1,80.2,0.51,10.0,3.32,332.0,4.25,15.5,6.0,6.76,441.0,125.95,321.1,1.1,13.1,0.12,17.0,10.0,32.75
0.0,47.0,54.0,43.24,58.0,90.0,7.3,0.38,123.0,0.91,194.0,293.0,97.922,0.02,0.02,37.0,11.8,0.92,27.5,31.9,86.2,0.43,10.1,2.7,187.0,4.29,13.4,4.1,3.14,1513.78,123.9,318.61,1.1,13.1,0.12,6.0,10.0,32.75
0.0,14.0,11.0,40.0,125.0,73.69953051643192,10.8,0.1272119815668203,225.0,1.1425579536370902,52.0,174.0,82.73687055837563,0.01,0.01,40.4,13.0,1.4,29.1,32.2,90.4,0.19,9.6,1.07,322.0,4.47,12.3,2.7,3.02,441.0,77.8,232.61,1.23,14.6,0.12,15.0,10.0,35.7
0.0,12.0,25.0,27.9,56.0,73.69953051643192,20.1,0.28,79.0,0.76,42.0,381.0,70.261,0.02,0.0,37.6,12.1,1.15,23.3,32.2,72.4,0.82,10.5,9.11,310.0,5.19,14.6,11.1,81.1,1326.82,403.3,364.89,1.39,16.4,93.0,0.0,10.0,34.5
0.0,26.0,26.0,38.59178535606821,84.0960219478738,73.69953051643192,18.785260770975057,0.1272119815668203,175.0,0.48,104.25520833333331,252.93801652892563,110.009,0.02,0.01,40.7,13.6,1.07,26.5,33.4,79.2,0.23,11.6,3.52,124.0,5.14,12.9,4.9,76.6,441.0,172.9,455.19,1.1,13.1,0.12,17.0,10.0,32.75
0.0,22.0,24.0,42.81,82.0,90.0,9.6,0.07,122.0,0.6,64.0,252.93801652892563,102.943,0.01,0.01,38.1,14.1,1.82,32.1,37.0,86.8,0.38,9.4,4.48,176.0,4.39,11.8,6.7,31.6,441.0,125.95,321.1,1.1,13.1,0.12,17.0,10.0,32.75
0.0,18.0,32.0,38.59178535606821,83.0,73.69953051643192,11.8,0.1272119815668203,136.0293103448276,0.84,32.0,215.0,83.032,0.0,0.12,39.0,13.6,0.74,28.2,34.9,80.9,0.36,11.5,5.2,170.0,4.82,12.5,6.4,24.3,585.0,573.8,321.1,1.1,13.1,0.12,66.0,10.0,32.75
0.0,11.0,21.0,48.7,59.0,101.0,11.5,0.14,87.0,0.74,46.0,154.0,114.556,0.03,0.23,35.4,11.5,1.41,29.4,32.5,90.5,0.71,11.0,4.52,173.0,3.91,13.7,6.9,3.14,334.64,16.1,270.76,1.06,12.7,0.12,17.0,10.0,31.9
0.0,28.0,25.0,33.4,84.0960219478738,73.69953051643192,18.785260770975057,0.21,389.0,0.75,56.0,315.0,88.144,0.02,0.02,41.6,14.4,1.25,29.1,34.6,84.2,0.67,10.1,2.01,236.0,4.94,12.5,4.0,3.25,205.0,125.95,321.1,1.1,13.1,0.12,17.0,10.0,32.75
0.0,9.0,16.0,38.59178535606821,84.0960219478738,73.69953051643192,18.785260770975057,0.1272119815668203,92.0,0.86,104.25520833333331,202.0,79.578,0.0,0.01,37.9,12.7,1.32,27.2,33.5,81.2,0.99,10.1,4.98,258.0,4.67,13.1,7.3,3.02,441.0,125.95,321.1,1.1,13.1,0.12,17.0,10.0,32.75
0.0,27.0,33.0,36.4,84.0960219478738,73.69953051643192,18.785260770975057,0.07,153.0,0.95,104.25520833333331,398.0,61.74,0.04,0.21,39.8,13.1,2.16,28.3,32.9,86.0,0.52,9.7,4.15,291.0,4.63,14.1,7.1,11.3,441.0,184.4,334.82,1.1,13.1,0.12,40.0,10.0,32.75
0.0,28.0,32.0,38.2,45.0,74.0,20.7,0.11,88.0,0.75,69.0,229.0,101.44,0.02,0.03,47.4,15.7,1.54,30.2,33.1,91.2,0.47,9.8,2.11,170.0,5.2,12.0,4.2,4.11,610.0,111.0,338.47,0.99,11.9,0.12,17.0,10.0,30.7
0.0,19.0,16.0,38.2,64.0,73.69953051643192,18.785260770975057,0.11,125.0,0.89,23.0,203.0,65.414,0.03,0.02,38.1,13.1,1.09,28.8,34.4,83.7,0.37,12.4,4.04,166.0,4.55,13.3,5.6,4.08,1301.86,43.2,354.74,0.92,11.1,0.12,17.0,10.0,23.9
0.0,74.9,53.0,37.6,68.0,73.69953051643192,18.785260770975057,0.15,183.0,0.94,48.0,236.0,68.515,0.04,0.0,33.0,11.7,1.11,29.1,35.5,82.1,0.66,9.6,6.19,315.0,4.02,12.4,8.0,14.8,505.0,210.4,342.21,1.08,12.9,15.0,39.0,0.0,32.75
0.0,16.0,19.0,30.7,83.0,73.69953051643192,18.785260770975057,0.07,103.0,0.38,104.25520833333331,252.93801652892563,125.665,0.02,0.0,37.3,12.1,1.57,24.0,32.4,74.0,0.25,13.0,6.4,215.0,5.04,14.9,8.2,0.0,36.1,125.95,321.1,1.1,13.1,0.12,17.0,10.0,32.75
0.0,39.0,33.0,29.7,207.0,30.0,4.0,0.19,130.0,0.69,13.0,203.0,89.736,0.07,0.23,36.8,12.4,1.54,28.2,33.7,83.8,0.44,8.8,4.57,223.0,4.39,12.6,6.9,3.02,441.0,125.95,321.1,1.1,13.1,0.12,17.0,10.0,32.75
0.0,28.0,24.0,41.95,61.0,69.0,14.8,0.12,121.0,0.7,37.0,252.93801652892563,109.492,0.02,0.0,38.6,13.5,1.17,28.8,35.0,82.3,0.49,9.0,5.77,338.0,4.69,13.0,7.5,3.02,441.0,10.1,300.0,1.1,13.1,0.12,60.0,10.0,32.75
0.0,89.0,93.0,38.59178535606821,84.0960219478738,73.69953051643192,18.785260770975057,0.12,123.0,0.61,41.0,252.93801652892563,100.956,0.03,0.07,37.0,12.7,1.95,29.8,34.3,86.9,0.56,11.2,3.19,187.0,4.26,12.2,5.8,3.02,441.0,12.9,321.1,1.1,13.1,0.12,4.0,10.0,32.75
0.0,14.0,22.0,42.9,71.0,73.69953051643192,4.1,0.1,109.0,0.79,88.0,257.0,93.277,0.01,0.0,27.6,8.5,0.74,28.4,30.8,92.3,0.61,11.5,13.19,308.0,2.99,13.6,14.6,3.14,846.17,2.2,293.69,1.1,13.1,0.12,17.0,10.0,32.75
0.0,30.0,25.0,38.62,69.0,79.0,11.2,0.09,118.0,0.96,34.0,252.93801652892563,82.73687055837563,0.08,0.08,33.5,10.5,2.13,25.9,31.3,82.7,1.03,9.8,8.04,338.0,4.05,14.7,11.4,3.91,1220.0,125.95,501.36,1.03,12.3,0.12,32.0,10.0,22.8
0.0,7.0,13.0,38.59178535606821,84.0960219478738,73.69953051643192,18.785260770975057,0.1272119815668203,98.0,0.77,104.25520833333331,252.93801652892563,98.263,0.02,0.02,36.2,12.2,1.78,30.0,33.7,89.2,0.45,10.2,4.15,138.0,4.06,13.7,6.4,4.51,247.0,64.4,260.91,1.1,13.1,0.12,54.0,10.0,32.75
0.0,46.0,26.0,42.7,97.0,73.69953051643192,18.785260770975057,0.1272119815668203,110.0,0.9,104.25520833333331,252.93801652892563,83.692,0.04,0.18,30.6,10.8,1.83,28.8,35.3,81.6,0.61,10.3,3.41,308.0,3.75,14.1,6.1,3.02,341.0,19.0,300.0,1.1,13.1,26.0,2.0,10.0,32.75
0.0,14.0,20.0,46.8,75.0,73.69953051643192,2.2,0.13,118.0,1.4,84.0,166.0,39.18,0.03,0.08,40.1,13.2,3.76,29.5,32.9,89.5,1.2,10.3,4.23,325.0,4.48,13.2,9.3,46.4,441.0,411.6,295.23,1.06,12.7,0.12,86.0,10.0,45.5
0.0,15.0,26.0,38.59178535606821,84.0960219478738,73.69953051643192,16.7,0.1272119815668203,136.0293103448276,0.83,56.0,319.0,79.64,0.02,0.14,42.2,13.6,2.04,25.0,32.2,77.4,0.69,11.3,3.84,209.0,5.45,15.0,6.7,14.5,2170.0,8.3,362.26,1.1,13.1,0.12,44.0,10.0,32.75
0.0,66.0,20.0,33.8,84.0960219478738,73.69953051643192,18.785260770975057,0.1272119815668203,169.0,0.76,15.0,252.93801652892563,99.828,0.03,0.08,37.4,12.2,1.93,26.6,32.6,81.5,0.3,11.5,2.94,177.0,4.59,12.5,5.3,3.02,441.0,125.95,286.39,1.12,13.3,0.12,12.0,10.0,33.6
0.0,21.0,17.0,45.9,84.0,73.69953051643192,18.785260770975057,0.1272119815668203,123.0,0.72,104.25520833333331,252.93801652892563,80.451,0.05,0.14,38.8,13.3,2.77,29.0,34.3,84.5,0.61,10.3,4.37,376.0,4.59,12.4,7.9,3.02,286.0,125.95,321.1,1.1,13.1,0.12,16.0,10.0,34.4
0.0,11.0,21.0,47.96,112.0,72.0,14.5,0.05,109.0,0.52,54.0,168.0,82.73687055837563,0.03,0.07,47.9,15.8,2.58,29.2,33.0,88.5,0.73,10.4,4.72,262.0,5.41,13.2,8.1,3.7,441.0,64.3,300.0,1.09,13.0,0.12,28.0,10.0,33.7
0.0,18.0,20.0,38.59178535606821,84.0960219478738,73.69953051643192,18.785260770975057,0.1272119815668203,96.0,0.83,104.25520833333331,252.93801652892563,73.718,0.05,0.03,33.8,11.2,2.19,26.1,33.1,78.8,0.79,10.1,2.43,278.0,4.29,14.4,5.5,3.02,441.0,28.1,321.1,1.1,13.1,0.12,5.0,10.0,32.75
0.0,14.0,23.0,38.59178535606821,84.0960219478738,73.69953051643192,14.3,0.1272119815668203,136.0293103448276,0.61,18.0,207.0,99.548,0.04,0.18,42.9,14.2,1.92,30.3,33.1,91.7,0.51,10.5,3.39,360.0,4.68,11.8,6.0,3.14,581.63,125.95,321.1,1.1,13.1,0.12,17.0,10.0,32.75
0.0,18.0,34.0,34.8,84.0960219478738,73.69953051643192,18.785260770975057,0.04,135.0,0.92,72.0,311.0,59.829,0.04,0.0,35.2,11.4,0.88,25.4,32.4,78.4,0.24,13.5,9.09,291.0,4.49,16.5,10.3,14.5,530.8,10.7,321.1,1.1,13.1,0.12,17.0,10.0,32.75
0.0,25.0,20.0,35.0,84.0960219478738,73.69953051643192,18.785260770975057,0.03,194.0,0.96,37.0,404.0,59.692,0.01,0.02,44.7,14.3,1.71,27.8,32.0,87.0,0.57,10.1,1.09,180.0,5.14,13.2,3.4,3.32,441.0,6.4,321.1,1.1,13.1,0.12,17.0,10.0,32.75
0.0,32.0,24.0,44.8,100.0,73.69953051643192,18.785260770975057,0.1272119815668203,141.0,0.79,104.25520833333331,252.93801652892563,84.54,0.03,0.05,27.6,7.7,2.88,15.6,27.9,55.8,0.86,10.389577103801797,1.72,329.0,4.95,20.3,5.5,10.7,441.0,125.95,321.1,1.1,13.1,0.12,17.0,10.0,32.75
0.0,45.0,27.0,47.0,84.0960219478738,73.69953051643192,18.785260770975057,0.1272119815668203,136.0293103448276,0.77,104.25520833333331,252.93801652892563,94.208,0.01,0.05,34.8,10.2,2.22,21.6,29.3,73.7,0.28,9.0,2.21,204.0,4.72,19.7,4.8,10.1,410.0,125.95,302.81,1.18,14.0,0.12,17.0,10.0,47.8
0.0,9.0,11.0,41.9,97.0,73.69953051643192,18.785260770975057,0.1272119815668203,88.0,1.11,104.25520833333331,252.93801652892563,68.221,0.0,0.19,36.0,12.0,0.56,27.1,33.3,81.3,0.35,10.7,6.64,211.0,4.43,13.4,7.7,34.2,1521.92,256.8,293.69,1.0,12.0,0.12,36.0,10.0,26.3
0.0,30.6,46.0,33.9,59.0,73.69953051643192,18.785260770975057,0.1,135.0,0.85,169.0,310.0,77.925,0.02,0.05,35.2,11.7,1.74,27.3,33.2,82.2,0.54,10.5,3.23,322.0,4.28,14.4,5.6,6.92,1080.0,125.95,352.34,1.03,12.3,0.12,17.0,10.0,33.2
0.0,8.0,12.0,33.1,159.0,73.69953051643192,18.785260770975057,0.1272119815668203,71.0,0.45,104.25520833333331,252.93801652892563,140.694,0.03,0.02,40.2,13.2,2.4,28.1,32.8,85.5,0.43,9.4,2.21,311.0,4.7,13.6,5.1,5.64,441.0,125.95,321.1,1.1,13.1,0.12,17.0,10.0,32.75
0.0,32.0,33.0,36.8,84.0960219478738,73.69953051643192,18.785260770975057,0.11,112.0,0.93,122.0,195.0,71.887,0.01,0.0,37.6,12.4,1.0,29.2,33.0,88.5,0.13,10.0,2.78,138.0,4.25,11.9,3.9,3.02,441.0,44.6,321.1,1.1,13.1,0.12,11.0,10.0,32.75
0.0,46.0,27.0,44.2,84.0960219478738,73.69953051643192,12.0,0.07,75.0,0.83,56.0,255.0,82.73687055837563,0.03,0.08,32.2,11.1,1.5,29.4,34.5,85.4,0.66,9.7,4.85,268.0,3.77,13.3,7.1,4.0,441.0,44.3,333.51,1.11,13.2,0.12,18.0,10.0,20.0
0.0,29.0,24.0,41.8,84.0960219478738,73.69953051643192,18.785260770975057,0.13,90.0,0.79,46.0,141.0,93.934,0.01,0.04,33.7,11.0,1.67,27.6,32.6,84.7,0.18,11.6,0.49,92.0,3.98,14.5,2.4,3.02,207.0,23.1,285.0,0.97,11.7,0.12,4.0,10.0,29.3
0.0,28.0,29.0,46.3,84.0960219478738,73.69953051643192,18.785260770975057,0.14,84.0,0.6,104.25520833333331,212.0,129.799,0.06,0.31,42.8,13.6,1.67,28.3,31.8,89.2,0.44,10.1,3.54,308.0,4.8,13.5,6.0,5.04,441.0,125.95,267.4,1.13,13.5,0.12,7.0,10.0,39.1
0.0,37.0,38.0,43.3,100.0,73.69953051643192,18.785260770975057,0.14,92.0,0.76,75.0,252.93801652892563,97.747,0.03,0.08,42.0,14.1,1.73,29.9,33.6,89.0,0.28,11.4,2.78,199.0,4.72,13.2,4.9,7.81,441.0,276.9,270.76,1.25,14.8,0.12,29.0,10.0,28.3
0.0,25.0,20.0,38.59178535606821,78.0,73.69953051643192,18.785260770975057,0.1272119815668203,136.0293103448276,0.79,64.0,176.0,99.364,0.06,0.14,44.0,14.7,3.38,30.2,33.4,90.5,0.54,9.3,6.36,344.0,4.86,12.9,10.5,3.02,441.0,12.8,181.01,1.07,12.8,0.12,4.0,10.0,37.2
0.0,84.0,62.0,37.9,64.0,73.69953051643192,24.9,0.11,98.0,0.85,40.0,328.0,74.709,0.07,0.04,38.6,13.1,1.38,26.0,33.9,76.6,0.92,10.8,6.89,225.0,5.04,14.0,9.3,3.02,81.0,125.95,134.08,1.1,13.1,0.12,5.0,10.0,32.75
0.0,21.0,20.0,38.59178535606821,84.0960219478738,73.69953051643192,19.5,0.1272119815668203,408.0,1.19,195.0,252.93801652892563,47.353,0.04,0.11,35.7,11.1,1.98,22.0,31.1,70.8,0.37,11.5,3.42,302.0,5.04,18.4,5.9,59.2,379.04,546.9,338.47,1.1,13.1,22.0,60.0,10.0,34.2
0.0,12.0,23.0,30.4,84.0960219478738,73.69953051643192,18.785260770975057,0.11,119.0,0.68,19.0,201.0,121.111,0.02,0.03,45.9,14.8,1.55,28.9,32.2,89.6,0.46,12.2,2.48,102.0,5.12,11.9,4.5,3.02,441.0,125.95,277.8,1.1,13.1,0.12,2.0,10.0,23.5
0.0,23.0,26.0,37.26,84.0,80.0,26.2,0.05,190.0,0.42,169.0,238.0,107.152,0.01,0.14,37.5,12.7,0.74,29.4,33.9,86.8,0.45,10.2,4.11,177.0,4.32,13.8,5.5,4.2,681.6,506.5,399.26,1.1,13.1,0.12,17.0,10.0,32.75
0.0,36.0,22.0,36.6,63.0,73.69953051643192,8.0,0.1272119815668203,155.0,1.1425579536370902,27.0,230.0,82.73687055837563,0.01,0.05,34.7,10.2,2.19,21.9,29.4,74.5,0.26,9.3,2.15,200.0,4.66,19.6,4.7,5.93,271.0,125.95,321.1,1.1,13.1,0.12,17.0,10.0,32.75
0.0,18.0,13.0,34.2,84.0960219478738,73.69953051643192,18.785260770975057,0.06,143.0,0.78,63.0,299.0,86.458,0.03,0.02,40.7,13.0,2.06,27.8,31.9,87.2,0.37,9.9,4.65,335.0,4.67,13.6,7.1,17.7,1239.14,83.5,324.39,1.1,13.1,0.12,17.0,10.0,32.75
0.0,30.0,33.0,44.1,77.0,73.69953051643192,18.785260770975057,0.07,103.0,0.73,45.0,252.93801652892563,97.016,0.02,0.05,41.9,14.0,2.11,28.7,33.4,85.9,0.47,11.9,2.57,196.0,4.88,13.4,5.2,189.0,441.0,125.95,321.1,1.1,13.1,24.0,17.0,10.0,32.75
0.0,24.0,13.0,36.2,50.0,73.69953051643192,18.785260770975057,0.11,87.0,0.72,22.0,252.93801652892563,84.522,0.01,0.0,36.1,11.8,1.01,25.9,32.7,79.2,0.3,10.4,3.35,256.0,4.56,13.5,4.7,43.4,441.0,125.95,321.1,1.1,13.1,0.12,17.0,10.0,32.75
0.0,13.0,19.0,38.2,47.0,73.69953051643192,18.3,0.08,93.0,0.84,45.0,189.0,97.592,0.01,0.0,35.8,11.8,0.51,27.1,33.0,82.3,0.43,12.1,5.39,230.0,4.35,15.0,6.3,49.8,2488.75,534.4,373.93,1.11,13.2,0.12,17.0,10.0,32.75
0.0,31.0,25.0,33.2,84.0960219478738,73.69953051643192,18.785260770975057,0.1272119815668203,98.0,0.91,27.0,252.93801652892563,65.956,0.01,0.03,39.9,13.5,2.02,27.1,33.8,80.1,0.5,10.9,3.17,247.0,4.98,14.7,5.7,3.02,441.0,125.95,321.1,1.1,13.1,0.12,17.0,10.0,32.75
0.0,17.0,31.0,37.7,84.0960219478738,73.69953051643192,18.785260770975057,0.08,126.0,1.1,96.0,271.0,49.231,0.01,0.01,38.8,13.5,0.69,30.3,34.8,87.2,0.41,10.9,1.56,195.0,4.45,12.5,2.7,42.9,441.0,125.95,321.1,1.1,13.1,0.12,17.0,10.0,32.75
0.0,18.0,20.0,32.71,59.0,73.69953051643192,18.785260770975057,0.1272119815668203,88.0,0.88,104.25520833333331,252.93801652892563,79.602,0.01,0.01,40.1,13.2,2.49,28.8,32.9,87.6,0.57,10.7,4.85,279.0,4.58,14.5,7.9,3.02,441.0,125.95,321.1,1.1,13.1,0.12,17.0,10.0,32.75
0.0,21.0,18.0,49.0,47.0,73.69953051643192,18.785260770975057,0.16,112.0,1.06,81.0,252.93801652892563,92.402,0.02,0.03,37.6,12.5,1.54,28.1,33.2,84.5,0.18,11.4,1.24,169.0,4.45,12.5,3.0,12.2,441.0,125.95,321.1,1.1,13.1,0.12,17.0,10.0,32.75
0.0,36.0,24.0,35.9,53.0,73.69953051643192,18.785260770975057,0.12,261.0,0.9,86.0,203.0,101.352,0.0,0.02,31.6,10.6,1.75,29.4,33.5,87.5,0.37,9.6,3.45,303.0,3.61,12.6,5.6,3.02,441.0,82.8,321.1,1.1,13.1,0.12,9.0,10.0,32.75
0.0,37.0,38.0,43.47,49.0,57.0,10.2,0.11,85.0,0.8,45.0,252.93801652892563,85.038,0.03,0.11,37.9,12.6,2.91,26.3,33.2,79.1,0.77,10.5,3.83,230.0,4.79,13.1,7.7,26.5,594.0,236.9,311.64,1.08,12.9,0.12,17.0,10.0,31.3
0.0,28.0,25.0,33.0,84.0960219478738,73.69953051643192,18.785260770975057,0.15,118.0,0.71,104.25520833333331,252.93801652892563,101.749,0.06,0.08,45.2,15.2,1.5,31.0,33.6,92.1,0.47,9.7,2.2,199.0,4.91,12.8,4.3,3.02,441.0,125.95,321.1,1.1,13.1,0.12,17.0,10.0,32.75
0.0,20.0,31.0,34.2,84.0960219478738,73.69953051643192,18.785260770975057,0.12,86.0,1.03,95.0,440.0,58.813,0.01,0.0,39.4,14.0,1.0,29.8,35.5,83.8,0.27,10.1,7.55,222.0,4.7,12.0,8.8,86.2,441.0,462.6,327.79,1.1,13.1,0.12,112.0,10.0,32.75
0.0,6.0,28.0,21.65,222.0,11.0,15.2,0.2,79.0,0.46,26.0,154.0,108.469,0.01,0.01,35.9,12.8,0.63,29.5,35.7,82.7,0.12,9.4,1.6,182.0,4.34,12.7,2.4,79.8,441.0,125.95,321.1,1.1,13.1,0.12,17.0,10.0,32.75
0.0,31.0,47.0,34.41,62.0,112.0,22.9,0.13,113.0,0.66,80.0,252.93801652892563,100.468,0.04,0.2,30.9,10.7,1.58,27.7,34.6,80.1,0.38,10.2,2.29,405.0,3.86,12.5,4.5,17.6,14171.46,474.8,330.41,1.1,13.1,0.12,7.0,10.0,32.75
0.0,19.0,18.0,44.23,121.0,73.0,12.1,0.1272119815668203,263.0,0.53,47.0,252.93801652892563,99.957,0.04,0.03,40.0,13.1,2.12,23.4,32.8,71.4,0.49,10.3,5.28,356.0,5.6,16.4,8.0,3.02,441.0,110.9,305.69,1.09,13.0,0.12,17.0,10.0,31.3
0.0,22.0,15.0,38.59178535606821,59.0,73.69953051643192,18.785260770975057,0.1272119815668203,136.0293103448276,0.82,63.0,169.0,84.889,0.02,0.04,34.9,12.0,1.63,30.4,34.4,88.4,0.27,12.8,1.29,124.0,3.95,12.5,3.3,6.41,441.0,125.95,346.06,0.96,11.5,0.12,14.0,10.0,33.9
0.0,93.0,75.0,38.59178535606821,223.0,73.69953051643192,18.785260770975057,0.28,101.0,0.67,104.25520833333331,247.0,115.863,0.0,0.0,24.5,8.2,0.09,35.3,33.5,105.6,0.03,11.5,6.72,119.0,2.32,17.9,6.8,3.14,441.0,125.95,321.1,1.1,13.1,0.12,17.0,10.0,32.75
0.0,63.0,99.0,44.52,79.0,58.0,18.2,0.21,136.0,0.71,34.0,252.93801652892563,100.329,0.01,0.0,40.3,13.7,1.27,28.7,34.0,84.3,0.41,10.3,3.46,230.0,4.78,12.6,5.2,3.02,441.0,27.9,289.24,1.11,13.2,0.12,5.0,10.0,40.2
0.0,26.0,24.0,35.0,115.0,73.69953051643192,11.5,0.07,93.0,1.24,51.0,163.0,44.739,0.02,0.1,42.6,13.5,2.28,29.0,31.7,91.4,0.67,11.1,4.61,186.0,4.66,12.6,7.7,3.02,441.0,22.1,248.77,0.99,11.9,0.12,5.0,10.0,35.3
0.0,87.0,41.0,40.9,84.0960219478738,73.69953051643192,18.785260770975057,0.17,89.0,0.88,65.0,139.0,114.461,0.0,0.0,29.0,9.7,0.64,27.7,33.4,82.9,0.32,10.6,3.43,255.0,3.5,12.7,4.4,3.02,441.0,125.95,321.1,1.1,13.1,0.12,17.0,10.0,32.75
0.0,28.0,27.0,31.2,71.0,73.69953051643192,0.0,0.14,90.0,0.69,19.0,0.0,99.01,0.01,0.0,35.4,12.5,0.77,30.9,35.3,87.6,0.35,11.5,3.58,141.0,4.04,12.2,4.7,11.2,441.0,125.95,321.1,1.1,13.1,0.12,17.0,10.0,32.75
0.0,73.0,26.0,26.6,84.0960219478738,73.69953051643192,18.785260770975057,0.1272119815668203,136.0293103448276,1.04,104.25520833333331,252.93801652892563,69.414,0.02,0.04,36.1,11.3,1.4,19.7,31.3,62.9,0.59,9.9,3.4,326.0,5.74,17.9,5.5,3.14,150.2,125.95,321.1,1.1,13.1,0.12,17.0,10.0,32.75
0.0,10.0,20.0,28.6,74.0,73.69953051643192,18.785260770975057,0.14,82.0,2.24,31.0,224.0,19.018,0.09,4.41,36.1,11.7,2.1,31.1,32.4,96.0,0.75,9.4,5.94,272.0,3.76,14.1,13.3,4.71,190.0,117.2,281.31,0.95,11.4,0.12,17.0,10.0,30.0
0.0,39.0,21.0,29.6,84.0960219478738,73.69953051643192,18.785260770975057,0.06,107.0,0.9,104.25520833333331,205.0,89.314,0.04,0.07,35.6,12.3,1.41,27.2,34.6,78.8,0.64,10.3,4.58,300.0,4.52,13.2,6.7,3.14,3942.26,156.7,321.1,1.1,13.1,0.12,3.0,10.0,32.75
0.0,36.0,67.0,23.0,69.0,51.0,18.785260770975057,0.24,103.0,1.11,171.0,609.0,70.787,0.04,0.04,39.6,13.6,2.89,29.7,34.3,86.5,0.82,11.5,4.37,219.0,4.58,12.4,8.2,3.02,211.0,96.6,221.3,1.1,13.1,0.12,3.0,10.0,32.75
0.0,33.0,27.0,38.59178535606821,84.0960219478738,73.69953051643192,18.785260770975057,0.11,112.0,1.02,104.25520833333331,252.93801652892563,72.068,0.01,0.0,27.7,9.6,1.15,28.4,34.7,82.0,0.73,10.2,3.23,369.0,3.38,15.4,5.1,3.02,296.0,51.3,225.7,1.1,13.1,0.12,3.0,10.0,32.75
0.0,35.0,34.0,41.8,65.0,73.69953051643192,18.785260770975057,0.09,99.0,0.86,922.0,252.93801652892563,92.937,0.02,0.12,39.8,13.6,1.13,29.1,34.2,85.2,1.68,12.0,8.76,192.0,4.67,13.8,11.7,11.5,441.0,125.95,321.1,1.1,13.1,0.12,17.0,10.0,32.75
0.0,35.308825910931176,33.24291497975708,38.59178535606821,84.0960219478738,73.69953051643192,18.785260770975057,0.1272119815668203,136.0293103448276,1.1425579536370902,104.25520833333331,252.93801652892563,82.73687055837563,0.06,0.43,43.2,14.4,2.56,31.4,33.3,94.3,0.45,9.0,4.32,332.0,4.58,13.1,7.8,167.0,686.0,1399.0,382.13,1.11,13.2,51.0,16.0,10.0,37.6
0.0,17.4,20.0,47.4,85.0,73.69953051643192,18.785260770975057,0.14,91.0,0.88,22.0,252.93801652892563,90.968,0.03,0.02,37.2,12.6,2.38,31.4,33.9,92.8,0.86,9.9,3.97,310.0,4.01,12.6,7.3,14.9,441.0,125.95,321.1,1.1,13.1,0.12,17.0,10.0,32.75
0.0,29.1,26.0,43.5,64.0,73.69953051643192,18.785260770975057,0.2,118.0,0.88,52.0,252.93801652892563,84.797,0.07,0.13,42.3,13.8,2.92,28.6,32.6,87.6,0.63,9.7,4.53,257.0,4.83,15.1,8.3,39.3,606.0,118.0,352.34,1.13,13.5,0.12,17.0,19.0,32.4
0.0,36.0,23.0,42.04,90.0,41.0,14.2,0.1272119815668203,212.0,0.79,56.0,157.0,101.8,0.05,0.12,29.4,10.2,1.25,29.1,34.7,83.8,0.68,11.4,3.18,192.0,3.51,12.7,5.3,3.14,304.46,14.7,321.1,1.1,13.1,0.12,17.0,10.0,32.75
0.0,31.0,25.0,38.59178535606821,98.0,73.69953051643192,18.785260770975057,0.1272119815668203,136.0293103448276,1.13,88.0,193.0,91.751,0.01,0.05,42.8,13.7,1.34,26.7,32.0,83.4,0.46,10.7,5.7,278.0,5.13,12.3,7.6,3.02,225.0,47.7,237.64,1.1,13.1,0.12,2.0,10.0,32.75
0.0,146.0,64.0,38.59178535606821,84.0960219478738,73.69953051643192,18.785260770975057,0.1272119815668203,77.0,0.97,104.25520833333331,252.93801652892563,109.578,0.05,0.05,43.0,13.7,2.04,26.0,31.9,81.6,0.7,9.8,5.44,328.0,5.27,12.7,8.3,10.3,441.0,225.1,357.52,1.1,13.1,0.12,62.0,10.0,32.75
0.0,16.0,20.0,43.0,90.0,73.69953051643192,10.7,0.1,123.0,0.88,96.0,188.0,106.696,0.02,0.03,45.4,16.3,1.55,30.4,35.9,84.7,0.52,10.1,6.83,244.0,5.36,12.1,9.0,5.74,289.0,177.4,493.64,1.1,13.1,0.12,14.0,10.0,32.75
0.0,66.0,79.0,38.59178535606821,84.0960219478738,73.69953051643192,18.785260770975057,0.1272119815668203,182.0,1.21,104.25520833333331,252.93801652892563,82.73687055837563,0.06,0.36,45.6,16.6,1.74,29.5,36.4,81.0,0.78,11.1,8.61,186.0,5.63,12.5,11.6,19.6,1021.71,401.7,321.1,1.1,13.1,0.12,17.0,10.0,32.75
0.0,67.0,53.0,42.8,25.0,73.69953051643192,18.785260770975057,0.09,95.0,0.9,21.0,336.0,119.125,0.07,0.47,46.0,16.6,3.83,30.3,36.1,83.9,0.82,9.9,4.04,267.0,5.48,12.0,9.2,11.7,441.0,39.4,486.28,1.62,18.9,0.12,22.0,10.0,32.75
0.0,26.0,22.0,52.1,84.0960219478738,73.69953051643192,18.785260770975057,0.1272119815668203,94.0,0.94,104.25520833333331,183.0,117.064,0.07,0.07,40.6,14.1,2.22,29.9,34.7,86.0,0.52,9.5,4.05,284.0,4.72,12.8,6.9,3.02,441.0,125.95,321.1,1.1,13.1,0.12,17.0,10.0,32.75
0.0,19.0,28.0,47.29,88.0,62.0,38.3,0.12,107.0,1.02,86.0,309.0,89.602,0.01,0.0,48.8,16.3,0.43,28.6,33.4,85.6,0.11,10.6,2.56,174.0,5.7,13.0,3.1,3.14,382.22,25.1,362.78,1.1,13.1,0.12,4.0,10.0,32.75
0.0,55.0,29.0,34.5,84.0960219478738,73.69953051643192,18.785260770975057,0.13,226.0,0.89,38.0,405.0,96.255,0.05,0.1,48.8,16.6,2.2,28.5,34.0,83.8,0.8,9.7,5.29,244.0,5.82,11.9,8.4,60.2,2906.24,453.8,350.0,1.06,12.7,0.12,124.0,10.0,32.4
0.0,45.0,23.0,35.2,84.0960219478738,73.69953051643192,18.785260770975057,0.09,119.0,0.81,104.25520833333331,282.0,93.267,0.04,0.1,47.3,16.4,2.61,29.1,34.7,83.9,0.88,9.8,4.33,246.0,5.64,12.5,8.0,3.9,441.0,104.1,254.71,1.04,12.4,16.0,53.0,10.0,33.0
0.0,17.0,20.0,28.9,84.0960219478738,73.69953051643192,18.785260770975057,0.1,149.0,1.53,23.0,283.0,42.32,0.02,0.02,49.9,17.9,1.71,30.9,35.9,86.0,0.47,8.9,2.06,147.0,5.8,13.3,4.3,8.39,441.0,279.7,359.7,1.18,14.0,0.12,15.0,10.0,44.4
0.0,16.0,25.0,42.7,131.0,73.69953051643192,18.785260770975057,0.14,107.0,0.79,127.0,252.93801652892563,114.712,0.05,0.0,45.8,15.8,1.01,28.1,34.5,81.3,0.38,8.8,11.28,398.0,5.63,12.3,12.7,8.86,441.0,125.95,346.06,1.1,13.1,0.12,17.0,10.0,32.75
0.0,31.2,33.0,38.59178535606821,84.0960219478738,73.69953051643192,18.785260770975057,0.13,97.0,0.91,160.0,252.93801652892563,94.542,0.01,0.0,38.1,12.7,0.8,28.8,33.3,86.4,0.68,11.1,5.26,352.0,4.41,12.6,6.8,3.02,441.0,369.5,321.1,1.27,15.0,0.12,17.0,10.0,32.75
0.0,50.0,46.0,33.0,104.0,73.69953051643192,18.785260770975057,0.04,190.0,0.87,51.0,307.0,73.665,0.0,0.0,27.9,8.3,0.39,22.3,29.7,75.0,0.44,11.4,9.16,284.0,3.72,20.0,10.0,55.0,441.0,125.95,321.1,1.4,16.5,30.0,37.0,10.0,33.9
0.0,53.0,37.0,41.2,77.0,73.69953051643192,18.785260770975057,0.1272119815668203,162.0,0.89,104.25520833333331,252.93801652892563,96.255,0.05,0.26,41.9,14.6,1.22,28.3,34.8,81.4,0.4,9.6,5.18,237.0,5.15,13.2,7.1,57.1,441.0,631.9,346.06,1.16,13.8,0.12,17.0,10.0,32.3
0.0,24.0,19.0,37.2,110.0,73.69953051643192,18.785260770975057,0.07,349.0,0.98,70.0,252.93801652892563,60.304,0.02,0.14,42.8,14.3,1.82,27.3,33.4,81.7,0.46,11.2,2.1,225.0,5.24,13.2,4.5,4.42,441.0,125.95,321.1,1.1,13.1,0.12,17.0,10.0,32.75
0.0,20.0,35.0,30.6,161.0,58.0,16.0,0.5,77.0,0.75,533.0,224.0,67.494,0.01,0.01,36.0,12.0,1.27,27.8,33.3,83.5,0.36,9.8,6.16,466.0,4.31,12.5,7.8,27.4,441.0,125.95,321.1,1.1,13.1,0.12,17.0,10.0,32.75
0.0,16.0,17.0,41.4,84.0960219478738,73.69953051643192,18.785260770975057,0.1272119815668203,100.0,0.85,81.0,252.93801652892563,80.146,0.05,0.19,40.5,14.3,1.38,29.1,35.3,82.5,0.42,11.2,3.72,172.0,4.91,13.2,5.8,67.2,441.0,125.95,321.1,1.1,13.1,0.12,17.0,10.0,32.75
0.0,37.0,60.0,30.5,84.0960219478738,73.69953051643192,18.785260770975057,0.1272119815668203,136.0,1.24,45.0,252.93801652892563,44.739,0.01,0.0,38.2,13.2,1.13,27.6,34.6,79.7,0.33,12.9,4.57,151.0,4.79,12.3,6.0,3.02,441.0,217.1,448.44,1.1,13.1,0.12,3.0,10.0,32.75
0.0,63.0,70.0,30.4,84.0960219478738,73.69953051643192,18.785260770975057,0.12,288.0,1.38,104.25520833333331,252.93801652892563,82.73687055837563,0.04,0.08,39.4,12.9,3.0,26.9,32.7,82.1,0.5,13.0,3.87,197.0,4.8,13.4,7.5,81.4,441.0,125.95,321.1,1.1,13.1,14.0,17.0,10.0,32.75
0.0,39.0,37.0,35.8,79.0,80.0,36.1,0.16,93.0,0.98,84.0,342.0,77.795,0.01,0.01,29.8,10.1,0.74,27.1,33.9,79.9,0.17,12.1,1.24,54.0,3.73,14.5,2.2,10.6,293.7,17.8,321.1,1.1,13.1,0.12,17.0,10.0,32.75
0.0,0.0,45.0,32.2,84.0960219478738,73.69953051643192,18.785260770975057,0.1,161.0,1.16,61.0,277.0,72.507,0.01,0.06,33.6,11.2,0.7,28.3,33.3,84.8,0.91,9.6,7.73,333.0,3.96,15.5,9.4,6.32,318.0,118.2,331.26,1.1,13.1,0.12,4.0,10.0,32.75
0.0,20.0,50.0,28.9,55.0,73.69953051643192,57.9,0.19,90.0,1.05,101.0,518.0,67.658,0.02,0.1,47.4,15.9,2.08,29.0,33.5,86.5,0.69,10.9,2.08,179.0,5.48,12.6,5.0,13.5,441.0,99.6,296.79,1.1,13.1,0.12,22.0,10.0,32.75
0.0,79.0,59.0,37.4,74.0,100.0,18.785260770975057,0.07,148.0,1.24,76.0,252.93801652892563,57.716,0.03,0.0,38.7,13.3,1.04,29.7,34.4,86.4,0.89,9.4,10.46,373.0,4.48,11.6,12.4,3.02,441.0,125.95,321.1,1.1,13.1,0.12,17.0,10.0,32.75
0.0,34.0,48.0,24.2,86.0,73.69953051643192,18.785260770975057,0.18,301.0,1.13,104.25520833333331,252.93801652892563,64.576,0.02,0.1,33.2,11.4,1.05,26.2,34.3,76.3,0.42,10.1,3.21,304.0,4.35,13.6,4.8,3.14,111.8,41.4,281.31,1.12,13.4,0.12,17.0,10.0,35.9
0.0,33.0,34.0,39.0,84.0960219478738,73.69953051643192,18.785260770975057,0.16,97.0,0.98,36.0,215.0,77.795,0.05,0.18,36.6,11.9,0.88,26.0,32.5,80.1,0.32,9.5,1.23,166.0,4.57,14.4,2.7,5.68,473.69,125.95,321.1,1.1,13.1,0.12,17.0,10.0,32.75
0.0,54.9,53.0,28.5,76.0,49.0,20.1,0.12,98.0,0.96,42.0,362.0,75.932,0.03,0.15,38.8,12.5,1.47,28.8,32.2,89.4,0.81,9.8,5.09,347.0,4.34,13.1,7.6,6.76,686.0,125.95,321.1,1.1,13.1,0.12,17.0,10.0,32.75
0.0,65.0,27.0,34.9,84.0960219478738,73.69953051643192,18.785260770975057,0.1272119815668203,239.0,0.82,44.0,252.93801652892563,108.306,0.04,0.25,43.5,14.6,1.83,29.7,33.6,88.4,0.73,10.6,6.53,287.0,4.92,13.2,9.4,13.1,480.26,125.95,321.1,1.1,13.1,0.12,17.0,10.0,32.75
0.0,42.0,38.0,30.3,84.0960219478738,73.69953051643192,18.785260770975057,0.1272119815668203,504.0,2.77,378.0,252.93801652892563,21.996,0.03,0.0,44.7,14.4,1.22,28.6,32.2,88.9,0.46,10.4,9.93,418.0,5.03,15.8,11.6,28.6,441.0,276.9,321.1,0.96,11.6,0.12,17.0,10.0,26.2
0.0,63.0,41.0,39.39,72.0,52.0,14.6,0.19,164.0,0.86,64.0,252.93801652892563,92.937,0.03,0.02,36.7,12.5,0.69,28.2,34.1,82.7,0.34,10.5,8.98,362.0,4.44,13.7,10.1,3.02,441.0,324.8,360.12,1.1,13.1,0.12,17.0,10.0,32.75
0.0,43.0,27.0,46.9,84.0960219478738,73.69953051643192,18.785260770975057,0.1272119815668203,97.0,0.92,104.25520833333331,188.0,102.223,0.05,0.16,41.9,14.5,2.43,26.9,34.6,77.6,0.5,9.8,2.87,219.0,5.4,12.8,6.0,5.08,441.0,31.7,321.1,1.1,13.1,0.12,19.0,10.0,32.75
0.0,24.0,37.0,26.2,84.0960219478738,73.69953051643192,18.785260770975057,0.1272119815668203,120.0,0.7,104.25520833333331,252.93801652892563,85.626,0.01,0.0,46.1,14.6,0.4,25.6,31.7,80.9,0.49,11.1,9.16,297.0,5.7,16.3,10.1,3.02,329.0,37.0,274.19,1.1,13.1,0.12,16.0,10.0,32.75
0.0,21.0,17.0,41.1,98.0,73.69953051643192,18.785260770975057,0.06,104.0,0.77,39.0,252.93801652892563,81.86,0.01,0.0,44.1,16.1,3.08,29.2,36.5,79.9,0.98,10.7,4.16,215.0,5.52,12.3,8.2,3.14,188.64,26.3,339.9,1.08,12.9,0.12,17.0,10.0,37.3
0.0,48.0,26.0,42.6,94.0,73.69953051643192,18.785260770975057,0.1272119815668203,95.0,0.96,104.25520833333331,252.93801652892563,106.38,0.06,0.1,46.8,15.3,2.06,28.0,32.7,85.7,0.54,10.1,3.71,301.0,5.46,12.3,6.5,115.0,441.0,628.2,321.1,1.1,13.1,22.0,17.0,10.0,32.75
0.0,23.0,30.0,40.1,56.0,73.69953051643192,18.785260770975057,0.06,106.0,0.62,56.0,286.0,98.324,0.03,0.31,34.3,11.5,1.09,26.3,33.5,78.3,0.45,12.4,3.06,295.0,4.38,13.7,4.9,3.02,441.0,125.95,321.1,1.1,13.1,0.12,17.0,10.0,32.75
0.0,12.0,17.0,46.2,110.0,73.69953051643192,16.7,0.24,95.0,0.96,138.0,199.0,114.122,0.03,0.04,34.8,11.2,0.99,27.2,32.2,84.5,0.33,10.5,2.89,296.0,4.12,13.5,4.3,6.76,441.0,125.95,321.1,1.1,13.1,0.12,17.0,10.0,32.75
0.0,10.0,14.0,41.3,84.0960219478738,73.69953051643192,18.785260770975057,0.04,93.0,0.79,104.25520833333331,163.0,104.373,0.1,0.31,47.8,16.4,1.82,28.0,34.3,81.7,0.87,11.8,6.56,209.0,5.85,11.6,9.7,3.02,654.0,19.2,346.06,1.1,13.1,0.12,11.0,10.0,32.75
0.0,11.0,19.0,45.2,84.0960219478738,73.69953051643192,18.785260770975057,0.09,126.0,0.94,104.25520833333331,146.0,82.824,0.0,0.0,37.7,12.5,1.25,27.5,33.2,83.0,0.18,11.0,1.82,167.0,4.54,12.9,3.3,16.3,441.0,125.95,321.1,1.1,13.1,0.12,17.0,10.0,32.75
0.0,29.0,22.0,36.7,84.0960219478738,73.69953051643192,18.785260770975057,0.08,89.0,0.71,26.0,171.0,114.655,0.05,0.57,49.0,15.3,3.49,25.1,31.2,80.5,0.68,10.0,4.71,238.0,6.09,14.1,9.5,206.0,1620.0,374.5,357.19,1.1,13.1,36.0,61.0,10.0,32.75
0.0,16.0,25.0,38.59178535606821,55.0,73.69953051643192,13.4,0.1272119815668203,136.0293103448276,0.71,28.0,300.0,112.264,0.02,0.18,45.7,15.8,2.12,30.0,34.6,86.7,0.67,9.6,3.89,191.0,5.27,12.0,6.9,3.02,441.0,125.95,321.1,1.1,13.1,0.12,17.0,10.0,32.75
0.0,44.0,19.0,41.51,57.0,60.0,12.4,0.1272119815668203,97.0,0.65,59.0,186.0,82.73687055837563,0.01,0.02,36.6,11.5,1.44,23.8,31.4,75.8,0.43,12.0,2.5,161.0,4.83,15.8,4.4,35.1,441.0,125.95,501.36,1.11,13.2,32.0,17.0,17.0,34.3
0.0,15.0,19.0,39.6,93.0,73.69953051643192,12.4,0.07,327.0,0.69,27.0,181.0,112.355,0.02,0.03,41.6,13.8,0.72,28.5,33.2,86.0,0.87,9.7,5.72,230.0,4.84,12.1,7.4,6.76,441.0,125.95,321.1,1.1,13.1,0.12,17.0,61.0,32.75
0.0,85.0,82.0,40.7,79.0,60.0,7.0,0.1,111.0,1.18,54.0,269.0,86.462,0.02,0.08,32.4,11.0,0.94,26.8,34.0,79.0,0.41,10.0,2.31,204.0,4.1,12.7,3.8,57.1,441.0,78.8,327.79,1.1,13.1,0.12,17.0,10.0,32.75
0.0,16.0,16.0,42.5,84.0960219478738,73.69953051643192,18.785260770975057,0.06,91.0,0.71,33.0,188.0,122.999,0.01,0.03,36.7,12.7,0.75,30.7,34.6,88.6,0.41,11.0,3.84,139.0,4.14,12.9,5.0,8.01,441.0,125.95,321.1,1.1,13.1,0.12,17.0,10.0,32.75
0.0,13.3,16.0,38.59178535606821,84.0960219478738,73.69953051643192,18.785260770975057,0.07,100.0,0.71,38.0,252.93801652892563,121.283,0.01,0.02,38.4,13.4,0.85,28.5,34.9,81.5,0.23,11.6,2.41,151.0,4.71,12.4,3.5,3.53,763.0,38.7,257.78,1.97,22.8,16.0,37.0,10.0,61.3
0.0,11.0,25.0,48.8,68.0,73.69953051643192,15.2,0.09,71.0,0.89,89.0,177.0,94.256,0.01,0.0,37.5,13.1,1.19,28.9,34.9,82.8,0.18,10.3,1.85,145.0,4.53,11.9,3.2,3.02,441.0,14.8,321.1,1.1,13.1,0.12,9.0,10.0,32.75
0.0,28.4,49.0,33.0,41.0,73.69953051643192,18.785260770975057,0.14,113.0,0.78,123.0,252.93801652892563,98.111,0.01,0.02,44.0,15.3,1.01,28.9,34.8,83.2,0.3,10.3,1.61,179.0,5.29,11.5,3.0,3.02,441.0,125.95,321.1,1.1,13.1,0.12,18.0,10.0,32.75
0.0,26.0,27.0,22.8,51.0,27.0,22.4,0.21,219.0,0.85,22.0,398.0,84.638,0.04,0.13,40.5,13.4,1.83,27.6,33.1,83.5,0.67,9.8,6.27,285.0,4.85,13.3,8.9,3.02,441.0,54.1,281.31,1.1,13.1,0.12,22.0,10.0,32.75
0.0,16.0,18.0,38.59178535606821,84.0960219478738,73.69953051643192,18.785260770975057,0.12,106.0,0.77,52.0,252.93801652892563,103.943,0.01,0.06,38.8,13.1,1.55,27.6,33.8,81.7,0.48,9.6,2.19,288.0,4.75,11.9,4.3,13.7,220.0,75.9,173.46,1.89,21.9,0.12,17.0,10.0,31.0
0.0,14.0,19.0,40.93,75.0,64.0,11.1,0.1272119815668203,107.0,0.74,84.0,174.0,82.73687055837563,0.02,0.07,39.9,13.1,1.54,24.9,32.8,75.9,0.38,10.5,1.62,243.0,5.26,14.5,3.6,4.07,505.0,638.1,308.63,1.12,13.4,0.12,10.0,10.0,35.3
0.0,46.0,29.0,38.59178535606821,84.0960219478738,73.69953051643192,18.785260770975057,0.15,80.0,1.33,40.0,252.93801652892563,59.336,0.01,0.0,36.2,12.8,0.7,28.7,35.4,81.2,0.54,10.6,12.4,265.0,4.46,13.0,13.7,3.02,441.0,125.95,321.1,1.1,13.1,0.12,17.0,10.0,32.75
0.0,14.0,15.0,38.59178535606821,54.0,73.69953051643192,18.785260770975057,0.1272119815668203,136.0293103448276,0.85,87.0,195.0,100.887,0.02,0.01,40.7,13.5,1.71,29.5,33.2,88.9,0.47,10.2,5.93,248.0,4.58,12.4,8.1,24.5,497.0,100.0,486.28,1.1,13.1,0.12,2.0,10.0,32.75
0.0,46.0,85.0,29.0,84.0960219478738,73.69953051643192,18.785260770975057,0.1272119815668203,112.0,1.36,93.0,252.93801652892563,50.541,0.1,0.61,42.1,15.6,2.48,30.5,37.1,82.2,0.61,9.7,4.17,221.0,5.12,12.4,8.0,3.02,233.0,63.7,248.77,1.1,13.1,0.0,5.0,10.0,32.75
0.0,26.0,13.0,33.7,55.0,73.69953051643192,13.0,0.06,333.0,0.99,74.0,277.0,80.154,0.01,0.12,54.7,18.5,0.25,29.2,33.8,86.3,0.15,11.1,4.39,100.0,6.34,13.4,4.9,3.02,441.0,125.95,321.1,1.1,13.1,0.12,17.0,10.0,32.75
0.0,14.0,21.0,37.7,84.0960219478738,73.69953051643192,18.785260770975057,0.09,99.0,0.91,51.0,272.0,63.234,0.02,0.07,43.7,14.1,1.4,26.3,32.3,81.4,0.24,10.2,2.52,265.0,5.37,13.5,4.3,3.14,212.17,125.95,321.1,1.1,13.1,0.12,17.0,10.0,32.75
0.0,8.2,23.0,38.59178535606821,63.0,73.69953051643192,18.785260770975057,0.11,97.0,0.82,88.0,203.0,72.733,0.01,0.01,39.7,13.7,2.27,28.7,34.5,83.2,0.49,9.3,2.45,301.0,4.77,11.9,5.2,3.14,71.32,76.5,270.76,1.02,12.2,0.12,17.0,10.0,27.8
0.0,64.0,108.0,35.3,84.0960219478738,73.69953051643192,18.785260770975057,0.3,109.0,1.63,99.0,513.0,27.931,0.03,0.08,37.0,12.3,1.26,30.1,33.2,90.7,0.53,10.0,3.77,297.0,4.08,11.9,5.7,3.02,198.0,9.3,277.71,1.1,13.1,0.12,12.0,10.0,32.75
0.0,10.0,14.0,38.59178535606821,84.0960219478738,73.69953051643192,18.785260770975057,0.11,191.0,0.72,27.0,252.93801652892563,95.914,0.04,0.23,43.5,15.0,0.4,30.5,34.5,88.6,0.83,12.8,4.12,99.0,4.91,12.8,5.6,3.14,88.36,9.7,298.38,1.1,13.1,0.12,17.0,10.0,28.0
0.0,14.0,22.0,43.9,84.0960219478738,73.69953051643192,18.785260770975057,0.1272119815668203,70.0,0.96,106.0,252.93801652892563,74.738,0.03,0.07,42.9,13.2,0.66,27.3,30.8,88.8,0.39,8.8,4.69,119.0,4.83,17.7,5.8,5.31,441.0,35.7,188.11,0.85,10.3,0.12,17.0,10.0,26.5
0.0,22.0,19.0,38.59178535606821,84.0960219478738,73.69953051643192,18.785260770975057,0.1272119815668203,82.0,0.69,104.25520833333331,183.0,109.242,0.02,0.09,38.7,13.3,0.98,31.3,34.4,91.1,0.35,10.7,3.64,198.0,4.25,13.3,5.1,3.02,227.0,8.0,274.19,1.22,14.5,0.12,17.0,10.0,33.2
0.0,14.0,28.0,45.6,84.0960219478738,73.69953051643192,18.785260770975057,0.1272119815668203,88.0,0.99,104.25520833333331,225.0,66.654,0.02,0.0,36.6,12.4,0.9,28.7,33.9,84.7,0.89,9.8,8.55,264.0,4.32,14.4,10.4,6.84,441.0,125.95,321.1,1.1,13.1,0.12,17.0,10.0,32.75
0.0,18.0,26.0,35.4,84.0960219478738,73.69953051643192,18.785260770975057,0.15,97.0,0.74,53.0,324.0,89.586,0.0,0.01,32.8,10.1,1.75,21.6,30.8,70.2,0.3,10.2,1.64,234.0,4.67,17.1,3.7,11.8,441.0,125.95,321.1,1.1,13.1,0.12,17.0,10.0,32.75
0.0,51.0,48.0,38.9,84.0960219478738,73.69953051643192,18.785260770975057,0.1,81.0,1.02,407.0,271.0,87.12,0.03,0.01,33.4,11.0,1.24,27.6,32.9,83.7,0.42,11.3,3.68,109.0,3.99,15.1,5.4,3.79,441.0,125.95,321.1,1.1,13.1,0.12,17.0,10.0,32.75
0.0,10.0,21.0,50.1,88.0,73.69953051643192,18.785260770975057,0.1272119815668203,76.0,0.89,104.25520833333331,252.93801652892563,124.825,0.01,0.0,34.5,11.7,0.96,28.6,33.9,84.4,0.22,10.7,2.0,107.0,4.09,14.5,3.2,8.88,270.05,443.7,376.87,1.1,13.1,0.12,37.0,10.0,32.75
0.0,38.2,24.0,38.59178535606821,84.0960219478738,73.69953051643192,18.785260770975057,0.09,92.0,1.15,115.0,252.93801652892563,81.986,0.04,0.09,40.0,14.3,2.65,28.1,35.8,78.7,0.55,11.3,2.84,209.0,5.08,12.9,6.2,3.02,201.0,35.7,217.07,1.91,22.1,0.12,3.0,0.0,32.75
0.0,90.0,32.0,45.1,87.0,49.0,19.4,0.15,83.0,0.86,87.0,234.0,119.678,0.06,0.22,39.6,12.9,1.5,29.8,32.6,91.5,1.01,10.5,4.74,248.0,4.33,13.4,7.5,0.0,71.3,125.95,321.1,1.1,13.1,0.12,17.0,10.0,32.75
0.0,34.0,37.0,50.2,84.0960219478738,73.69953051643192,18.785260770975057,0.17,84.0,0.87,104.25520833333331,214.0,120.796,0.06,0.45,36.8,12.0,1.79,26.8,32.6,82.1,0.45,9.9,2.76,256.0,4.48,13.2,5.5,49.4,441.0,156.4,321.1,1.1,13.1,26.0,92.0,10.0,32.75
0.0,68.0,36.0,47.6,66.0,73.69953051643192,15.7,0.17,94.0,0.91,324.0,217.0,114.287,0.02,0.16,42.0,13.5,1.87,30.5,32.1,94.8,0.43,10.5,4.47,286.0,4.43,12.9,7.0,3.02,441.0,125.95,321.1,1.1,13.1,0.12,17.0,10.0,32.75
0.0,16.2,18.0,38.59178535606821,84.0960219478738,73.69953051643192,18.785260770975057,0.06,125.0,0.82,52.0,252.93801652892563,91.066,0.02,0.04,39.9,13.1,2.15,29.7,32.8,90.5,0.46,9.7,2.85,180.0,4.41,13.8,5.5,39.8,441.0,197.9,321.1,1.1,13.1,0.12,50.0,10.0,32.75
0.0,14.0,15.0,42.2,64.0,73.69953051643192,3.1,0.1,87.0,0.81,34.0,165.0,93.735,0.02,0.04,41.3,14.6,1.99,29.3,35.4,82.9,0.45,11.2,5.06,238.0,4.98,12.4,7.6,3.02,441.0,125.95,321.1,1.1,13.1,0.12,17.0,10.0,32.75
0.0,20.0,23.0,31.5,84.0960219478738,73.69953051643192,18.785260770975057,0.1272119815668203,136.0293103448276,0.52,104.25520833333331,252.93801652892563,133.219,0.04,0.17,45.2,15.3,2.66,29.4,33.8,86.9,0.83,10.1,4.46,381.0,5.2,11.5,8.2,9.72,441.0,105.3,368.24,1.1,13.1,0.12,5.0,10.0,32.75
0.0,15.0,19.0,42.0,89.0,104.0,15.0,0.1272119815668203,113.0,0.81,185.0,162.0,82.73687055837563,0.03,0.04,40.2,13.9,1.7,28.8,34.6,83.2,0.28,11.5,3.48,198.0,4.83,12.2,5.5,5.18,458.38,125.95,321.1,1.1,13.1,0.12,17.0,10.0,32.75
0.0,25.0,23.0,44.38,81.0,85.0,18.785260770975057,0.05,107.0,0.59,96.0,164.0,126.902,0.03,0.24,48.0,15.7,2.73,28.5,32.7,87.1,0.78,9.6,2.16,293.0,5.51,12.6,5.9,25.8,441.0,125.95,321.1,1.1,13.1,0.12,17.0,10.0,32.75
0.0,17.0,17.0,34.4,66.0,73.69953051643192,18.785260770975057,0.08,260.0,0.92,30.0,253.0,65.09,0.06,0.11,44.3,15.2,3.67,31.1,34.3,90.6,0.79,10.7,7.57,278.0,4.89,13.9,12.2,3.02,441.0,125.95,321.1,1.1,13.1,0.12,17.0,10.0,32.75
0.0,11.0,16.0,38.59178535606821,84.0960219478738,73.69953051643192,17.5,0.1272119815668203,136.0293103448276,0.92,43.0,147.0,87.428,0.05,0.14,46.5,15.8,2.57,30.1,34.0,88.6,0.66,10.3,5.06,275.0,5.25,13.0,8.5,10.7,419.0,28.7,296.79,1.22,14.5,0.12,9.0,10.0,35.9
0.0,19.0,17.0,43.7,63.0,85.0,12.2,0.07,114.0,0.48,52.0,252.93801652892563,134.866,0.03,0.04,47.6,17.2,1.92,31.0,36.1,85.8,0.51,9.2,2.98,191.0,5.55,12.6,5.5,5.52,441.0,125.95,321.1,1.1,13.1,0.12,17.0,10.0,32.75
0.0,101.0,92.0,35.2,84.0960219478738,73.69953051643192,18.785260770975057,0.06,144.0,0.88,76.0,328.0,72.655,0.03,0.07,45.2,14.2,2.13,19.7,31.4,62.6,0.69,11.0,3.92,258.0,7.22,18.2,6.8,29.1,441.0,125.95,321.1,1.1,13.1,0.12,17.0,10.0,32.75
0.0,14.0,25.0,35.9,81.0,73.69953051643192,18.785260770975057,0.09,110.0,0.83,38.0,260.0,67.758,0.02,0.05,35.6,11.7,1.81,26.7,32.9,81.3,0.24,12.0,2.0,194.0,4.38,14.6,4.1,3.02,334.0,54.9,321.1,1.1,13.1,0.12,17.0,10.0,32.75
0.0,44.0,50.0,40.6,84.0960219478738,73.69953051643192,18.785260770975057,0.11,134.0,0.95,104.25520833333331,209.0,62.614,0.03,0.24,38.1,12.4,1.79,26.9,32.5,82.6,0.36,10.7,3.04,206.0,4.61,14.6,5.5,3.02,441.0,44.0,277.71,1.1,13.1,0.12,12.0,10.0,32.75
0.0,35.308825910931176,33.24291497975708,38.59178535606821,84.0960219478738,73.69953051643192,18.785260770975057,0.1272119815668203,99.0,1.65,104.25520833333331,252.93801652892563,44.454,0.03,0.05,34.2,11.5,1.75,29.6,33.6,88.1,0.39,10.2,2.56,283.0,3.88,13.9,4.8,3.02,211.0,58.5,331.26,1.1,13.1,0.12,9.0,10.0,32.75
0.0,74.0,48.0,42.37,84.0,44.0,12.7,0.07,92.0,0.61,58.0,185.0,131.845,0.1,0.88,40.5,12.4,3.39,22.8,30.6,74.4,0.54,8.7,3.2,375.0,5.44,17.2,8.1,3.02,472.0,125.95,308.63,1.12,13.4,15.0,17.0,10.0,29.6
0.0,18.0,30.0,38.59178535606821,84.0960219478738,73.69953051643192,13.5,0.1272119815668203,136.0293103448276,0.67,28.0,163.0,117.503,0.03,0.01,43.5,15.0,2.71,28.5,34.5,82.5,0.93,9.4,4.21,255.0,5.27,14.6,7.9,17.3,441.0,125.95,321.1,1.1,13.1,0.12,17.0,10.0,32.75
0.0,30.0,39.0,39.16,54.0,49.0,24.0,0.12,102.0,0.8,331.0,252.93801652892563,126.802,0.01,0.04,37.9,13.1,1.71,28.1,34.6,81.2,0.4,10.1,2.04,227.0,4.67,12.2,4.2,26.4,405.0,266.7,302.8,1.1,13.1,0.12,25.0,10.0,32.75
0.0,23.0,28.0,38.59178535606821,84.0960219478738,73.69953051643192,18.785260770975057,0.1272119815668203,266.0,0.93,249.0,231.0,99.488,0.01,0.01,37.2,13.2,2.16,27.3,35.5,77.0,0.74,10.7,10.85,325.0,4.83,12.9,13.8,13.5,441.0,429.4,161.46,1.23,14.6,17.0,17.0,36.0,37.5
0.0,45.0,30.0,43.0,78.0,73.69953051643192,18.785260770975057,0.14,99.0,0.74,52.0,184.0,107.538,0.02,0.25,39.9,13.0,1.41,28.9,32.6,88.7,0.38,14.4,2.02,88.0,4.5,12.7,4.1,3.02,441.0,125.95,321.1,1.1,13.1,0.12,17.0,10.0,32.75
0.0,16.0,22.0,38.59178535606821,84.0960219478738,73.69953051643192,18.785260770975057,0.1,74.0,0.99,74.0,252.93801652892563,80.01,0.03,0.03,43.6,13.8,2.25,25.8,31.7,81.6,0.95,10.4,4.88,296.0,5.34,13.3,8.1,3.14,69.19,472.7,237.64,1.06,12.7,0.12,17.0,10.0,20.5
0.0,13.0,22.0,38.7,54.0,107.0,13.0,0.07,79.0,1.52,148.0,160.0,45.441,0.02,0.0,35.9,12.1,1.62,28.1,33.7,83.5,0.77,12.5,4.98,148.0,4.3,13.2,7.4,14.0,639.33,125.95,321.1,1.1,13.1,0.12,17.0,10.0,32.75
0.0,64.0,44.0,38.59178535606821,84.0960219478738,73.69953051643192,18.785260770975057,0.1272119815668203,213.0,0.87,104.25520833333331,252.93801652892563,97.843,0.08,0.17,44.1,15.0,3.91,29.8,34.0,87.7,0.66,9.3,5.32,232.0,5.03,12.9,10.1,182.0,441.0,0.0,362.26,1.32,15.6,83.0,84.0,10.0,61.6
0.0,20.0,33.0,27.2,226.0,73.69953051643192,18.785260770975057,0.1272119815668203,137.0,1.72,104.25520833333331,252.93801652892563,38.049,0.04,0.13,39.4,13.2,2.04,28.0,33.5,83.5,0.99,10.6,5.72,226.0,4.72,13.1,8.9,74.4,1281.01,541.5,492.05,1.1,13.1,0.12,17.0,10.0,32.75
0.0,48.0,33.0,33.5,68.0,73.69953051643192,32.6,0.08,135.0,0.8,54.0,328.0,97.095,0.05,0.16,45.5,15.1,2.36,27.7,33.2,83.5,0.5,10.2,3.65,317.0,5.45,13.5,6.7,6.76,441.0,89.1,321.1,1.1,13.1,0.12,17.0,10.0,32.75
0.0,78.0,32.0,40.6,48.0,73.69953051643192,2.1,0.11,156.0,1.14,59.0,206.0,79.996,0.03,0.17,36.3,12.0,1.73,29.1,33.1,87.9,0.61,10.2,2.42,217.0,4.13,12.1,5.0,6.76,985.0,125.95,493.64,1.38,16.3,13.0,39.0,10.0,52.2
0.0,62.0,76.0,43.8,84.0960219478738,73.69953051643192,18.785260770975057,0.1,108.0,0.77,104.25520833333331,271.0,100.028,0.01,0.04,43.8,14.6,2.29,28.7,33.3,86.2,0.33,10.5,1.73,222.0,5.08,12.1,4.4,3.02,441.0,445.0,308.63,1.1,13.1,0.12,2.0,10.0,32.75
0.0,40.0,34.0,32.6,71.0,73.69953051643192,18.785260770975057,0.12,118.0,1.0,72.0,235.0,75.918,0.01,0.12,37.5,12.0,1.11,27.7,32.0,86.6,0.4,11.0,3.99,183.0,4.33,11.9,5.6,11.9,123.2,179.6,352.46,1.1,13.1,0.12,4.0,10.0,32.75
0.0,35.308825910931176,33.24291497975708,38.59178535606821,84.0960219478738,73.69953051643192,18.785260770975057,0.1272119815668203,136.0293103448276,1.1425579536370902,104.25520833333331,252.93801652892563,82.73687055837563,0.04,0.26,46.3,15.4,2.34,27.6,33.3,83.0,0.65,9.6,3.29,262.0,5.58,13.3,6.6,12.5,441.0,482.3,277.71,1.1,13.1,0.12,53.0,10.0,32.75
0.0,54.0,40.0,33.5,84.0,73.69953051643192,18.785260770975057,0.14,125.0,1.09,20.0,252.93801652892563,64.668,0.0,0.0,43.4,15.3,1.11,29.9,35.3,84.8,0.35,10.6,5.09,154.0,5.12,12.4,6.6,15.2,1989.17,148.0,668.07,1.07,12.8,0.12,57.0,10.0,32.6
0.0,24.0,22.0,42.6,84.0960219478738,73.69953051643192,18.785260770975057,0.1272119815668203,100.0,0.95,104.25520833333331,229.0,81.345,0.08,0.07,47.2,16.3,1.61,30.1,34.5,87.2,0.32,12.6,4.15,188.0,5.41,13.9,6.2,12.9,441.0,323.3,295.23,1.02,12.2,0.12,17.0,10.0,32.75
0.0,45.0,0.0,46.9,84.0960219478738,73.69953051643192,18.785260770975057,0.1272119815668203,237.0,1.01,104.25520833333331,178.0,27.28,0.01,0.07,43.4,13.6,2.28,23.8,31.3,76.0,0.51,11.2,1.99,244.0,5.71,14.4,4.9,3.14,421.31,8.8,289.24,0.96,11.5,0.12,19.0,10.0,36.2
0.0,0.0,62.0,38.59178535606821,84.0960219478738,73.69953051643192,18.785260770975057,0.21,103.0,1.35,72.0,252.93801652892563,53.942,0.02,0.02,42.2,14.5,1.93,30.3,34.4,88.3,0.53,10.3,3.37,239.0,4.78,12.1,5.9,67.3,441.0,104.2,321.1,1.1,13.1,16.0,41.0,10.0,32.75
0.0,43.0,34.0,20.7,85.0,73.69953051643192,18.785260770975057,0.07,64.0,0.91,2.0,210.0,54.946,0.04,0.0,41.2,14.0,2.11,28.2,34.0,83.1,2.15,9.6,11.0,288.0,4.96,14.4,15.3,26.4,372.08,966.4,354.74,1.12,13.3,0.12,17.0,10.0,26.5
0.0,13.0,22.0,38.59178535606821,87.0,73.69953051643192,18.785260770975057,0.1272119815668203,136.0293103448276,0.78,27.0,157.0,76.189,0.03,0.04,44.2,15.7,1.97,29.9,35.5,84.2,0.55,10.6,3.33,141.0,5.25,12.1,5.9,3.92,52.15,289.5,302.51,1.04,12.5,0.12,17.0,10.0,29.1
0.0,22.0,22.0,35.6,88.0,73.69953051643192,11.1,0.11,103.0,0.91,45.0,292.0,66.889,0.03,0.14,32.9,10.7,0.95,26.1,32.5,80.2,1.11,10.389577103801797,17.86,169.0,4.1,13.8,20.1,3.02,153.0,48.9,501.36,1.03,12.3,0.12,17.0,10.0,37.0
0.0,33.0,28.0,38.7,84.0960219478738,73.69953051643192,18.785260770975057,0.11,90.0,0.87,26.0,208.0,75.765,0.04,0.01,47.9,15.9,2.58,29.2,33.2,88.1,0.93,10.6,4.32,193.0,5.44,12.3,7.9,35.8,441.0,216.2,501.36,1.09,13.0,0.12,17.0,10.0,33.1
0.0,21.0,38.0,42.0,115.0,73.69953051643192,18.785260770975057,0.16,102.0,0.94,42.0,218.0,70.964,0.05,0.07,37.8,13.0,1.48,30.2,34.4,87.9,0.47,10.4,1.72,157.0,4.3,13.8,3.8,6.76,441.0,345.4,290.7,1.24,14.7,0.12,15.0,10.0,54.6
0.0,35.308825910931176,33.24291497975708,38.59178535606821,84.0960219478738,73.69953051643192,18.785260770975057,0.1272119815668203,136.0293103448276,1.65,104.25520833333331,252.93801652892563,38.628,0.02,0.12,41.2,14.3,1.22,30.4,34.7,87.7,0.8,9.5,3.76,162.0,4.7,12.2,5.9,3.82,174.0,115.2,277.71,1.1,13.1,0.12,2.0,10.0,32.75
0.0,79.0,45.0,43.5,56.0,73.69953051643192,16.4,0.07,199.0,0.99,144.0,171.0,99.655,0.01,0.0,33.2,11.0,0.58,30.1,33.1,91.0,0.19,9.3,6.55,206.0,3.65,12.8,7.3,6.13,287.0,125.95,321.1,1.1,13.1,0.12,17.0,10.0,32.75
0.0,20.0,28.0,48.1,44.0,54.0,15.2,0.11,95.0,1.12,145.0,188.0,82.303,0.04,0.18,34.9,12.0,1.6,27.3,34.4,79.3,0.8,10.8,4.45,236.0,4.4,12.7,7.1,3.14,235.73,125.95,314.72,1.1,13.1,0.12,17.0,10.0,32.75
0.0,40.0,35.0,42.1,78.0,73.69953051643192,18.785260770975057,0.13,105.0,0.99,122.0,252.93801652892563,84.788,0.01,0.01,39.9,13.2,0.68,26.3,33.1,79.6,0.2,10.1,1.31,116.0,5.01,13.2,2.2,3.02,441.0,125.95,321.1,1.1,13.1,0.12,17.0,10.0,32.75
0.0,31.0,23.0,48.0,75.0,73.69953051643192,18.785260770975057,0.1272119815668203,134.0,1.17,104.25520833333331,252.93801652892563,83.751,0.01,0.05,40.5,13.0,1.16,29.4,32.1,91.6,0.3,10.0,6.07,518.0,4.42,14.2,7.6,3.02,237.0,87.0,285.0,1.1,13.1,0.12,8.0,10.0,32.75
0.0,35.308825910931176,33.24291497975708,38.59178535606821,84.0960219478738,73.69953051643192,18.785260770975057,0.1272119815668203,136.0293103448276,1.1425579536370902,104.25520833333331,252.93801652892563,82.73687055837563,0.03,0.04,50.4,16.4,2.1,27.4,32.5,84.3,0.63,10.3,4.4,329.0,5.98,13.0,7.2,19.3,5408.07,35.6,392.51,1.1,13.1,57.0,7.0,10.0,32.75
0.0,61.0,45.0,38.59178535606821,84.0960219478738,73.69953051643192,20.0,0.1272119815668203,136.0293103448276,1.01,172.0,218.0,85.121,0.02,0.02,47.3,17.2,1.38,29.9,36.4,82.3,0.52,9.7,3.79,211.0,5.75,11.9,5.7,3.02,166.0,50.6,274.19,1.1,13.1,0.12,5.0,10.0,32.75
0.0,57.0,47.0,43.72,72.0,99.0,28.9,0.17,103.0,1.11,158.0,252.93801652892563,80.895,0.02,0.04,37.4,12.4,1.05,27.4,33.2,82.7,0.37,11.1,3.04,150.0,4.52,13.9,4.5,3.14,441.0,125.95,321.1,1.1,13.1,0.12,17.0,10.0,32.75
0.0,39.0,26.0,46.2,139.0,50.0,11.1,0.14,64.0,1.03,61.0,252.93801652892563,85.495,0.02,0.0,31.0,9.5,0.43,26.6,30.6,86.8,0.62,10.1,10.05,352.0,3.57,18.3,11.1,5.14,441.0,526.3,302.81,1.1,13.1,0.12,38.0,10.0,32.75
0.0,67.0,92.0,36.0,84.0960219478738,73.69953051643192,18.785260770975057,0.08,93.0,1.06,86.0,295.0,55.232,0.03,0.17,41.1,14.0,1.53,29.2,34.1,85.8,0.54,10.7,2.87,206.0,4.79,12.6,5.1,14.2,441.0,72.4,321.1,1.1,13.1,0.12,35.0,10.0,32.75
0.0,329.0,158.0,41.7,107.0,73.69953051643192,18.785260770975057,0.1272119815668203,92.0,0.66,104.25520833333331,252.93801652892563,124.037,0.01,0.03,35.7,12.3,1.29,28.8,34.5,83.6,0.34,11.0,1.93,122.0,4.27,13.3,3.6,12.7,441.0,359.0,352.34,1.1,13.1,0.12,9.0,10.0,32.75
0.0,27.0,23.0,40.2,69.0,73.69953051643192,18.785260770975057,0.07,458.0,1.38,51.0,198.0,33.683,0.01,0.02,34.7,11.7,0.96,29.9,33.7,88.7,0.41,9.5,1.72,253.0,3.91,12.6,3.1,10.7,441.0,125.95,321.1,1.1,13.1,0.12,17.0,10.0,32.75
0.0,23.0,21.0,49.9,77.0,73.69953051643192,18.785260770975057,0.1272119815668203,82.0,0.79,104.25520833333331,252.93801652892563,108.866,0.05,0.27,38.0,11.6,2.23,25.1,30.5,82.1,0.41,12.5,3.04,261.0,4.63,13.8,6.0,34.3,441.0,125.95,321.1,1.1,13.1,0.12,17.0,10.0,32.75
0.0,12.0,33.0,33.7,84.0960219478738,73.69953051643192,18.785260770975057,0.09,79.0,0.81,40.0,392.0,65.052,0.03,0.02,35.2,12.1,1.23,28.8,34.4,83.8,0.74,10.8,2.73,123.0,4.2,14.9,4.8,3.58,272.0,125.95,321.1,1.1,13.1,0.12,6.0,10.0,43.1
0.0,49.0,27.0,32.0,82.0,73.69953051643192,18.785260770975057,0.09,127.0,1.01,54.0,165.0,54.968,0.04,0.12,43.7,15.7,2.76,30.5,35.9,84.9,0.61,9.7,4.42,205.0,5.15,12.5,8.0,3.14,403.91,176.9,321.1,1.1,13.1,0.12,17.0,150.0,32.75
0.0,27.0,21.0,38.59178535606821,84.0960219478738,73.69953051643192,18.785260770975057,0.1272119815668203,111.0,0.88,104.25520833333331,252.93801652892563,116.899,0.03,0.03,49.0,16.3,1.67,28.5,33.3,85.7,0.47,10.1,4.34,154.0,5.72,13.2,6.5,3.14,15.96,100.1,321.1,1.1,13.1,0.12,17.0,10.0,32.75
0.0,10.0,14.0,40.7,84.0960219478738,73.69953051643192,18.785260770975057,0.08,194.0,0.92,63.0,205.0,81.644,0.01,0.09,37.2,12.4,1.26,27.9,33.3,83.8,0.51,8.9,1.91,192.0,4.44,12.0,3.8,3.02,441.0,20.6,321.1,1.1,13.1,0.12,7.0,10.0,32.75
0.0,23.0,22.0,39.7,77.0,73.69953051643192,18.785260770975057,0.16,93.0,0.89,81.0,331.0,96.933,0.01,0.01,42.6,14.8,2.28,29.8,34.7,85.7,0.5,11.2,2.0,140.0,4.97,12.2,4.8,3.02,441.0,125.95,321.1,1.1,13.1,0.12,17.0,10.0,32.75
0.0,26.0,44.0,37.4,65.0,73.69953051643192,18.785260770975057,0.1272119815668203,433.0,1.07,104.25520833333331,252.93801652892563,50.335,0.06,0.18,51.1,17.6,2.47,29.4,34.4,85.5,0.93,9.9,11.5,268.0,5.98,13.2,15.1,3.02,441.0,125.95,254.71,1.08,12.9,0.12,3.0,10.0,31.5
0.0,7.0,19.0,46.2,84.0960219478738,73.69953051643192,11.4,0.09,87.0,0.8,39.0,212.0,82.73687055837563,0.01,0.08,38.5,13.4,1.46,27.0,34.8,77.6,0.29,11.9,1.4,97.0,4.96,13.1,3.2,3.02,441.0,120.6,321.1,1.1,13.1,0.12,3.0,10.0,32.75
0.0,28.0,43.0,39.6,66.0,73.69953051643192,18.785260770975057,0.13,120.0,0.78,115.0,252.93801652892563,81.161,0.01,0.01,43.3,15.3,2.12,28.6,35.3,80.9,0.71,9.8,3.76,206.0,5.35,13.2,6.6,3.02,441.0,89.8,321.1,1.1,13.1,0.12,5.0,10.0,32.75
0.0,16.0,22.0,46.6,75.0,73.69953051643192,11.6,0.09,99.0,0.8,189.0,198.0,125.914,0.07,0.13,51.8,18.6,3.73,30.7,35.9,85.6,1.26,10.5,10.61,301.0,6.05,12.5,15.8,3.02,441.0,125.95,360.12,1.18,14.0,0.12,3.0,10.0,29.6
0.0,33.0,21.0,40.0,84.0960219478738,73.69953051643192,18.785260770975057,0.05,93.0,0.97,85.0,175.0,102.145,0.02,0.08,38.0,12.6,1.2,26.2,33.2,79.0,0.4,11.6,4.35,100.0,4.81,15.1,6.1,3.14,90.49,125.95,321.1,1.1,13.1,0.12,17.0,10.0,32.75
0.0,22.0,35.0,37.3,94.0,121.0,65.2,0.05,90.0,0.88,210.0,188.0,100.16,0.04,0.14,44.6,15.4,1.81,29.9,34.5,86.6,0.68,10.6,4.37,242.0,5.15,11.8,7.0,3.14,432.19,43.9,311.64,1.09,13.0,0.12,17.0,10.0,30.1
0.0,25.0,17.0,49.3,108.0,73.69953051643192,18.785260770975057,0.15,127.0,0.87,86.0,252.93801652892563,111.031,0.02,0.0,36.8,11.7,1.04,23.2,31.8,72.9,0.2,11.2,7.56,210.0,5.05,18.5,8.8,3.14,364.89,91.4,321.1,1.1,13.1,0.12,17.0,10.0,32.75
0.0,21.0,20.0,37.4,84.0960219478738,73.69953051643192,20.5,0.23,110.0,0.98,86.0,265.0,82.73687055837563,0.05,0.11,44.0,15.6,2.68,29.1,35.5,82.1,0.77,9.3,7.55,261.0,5.36,12.8,11.2,3.02,441.0,101.2,248.77,1.1,13.1,0.12,5.0,10.0,32.75
0.0,38.0,29.0,48.9,84.0960219478738,73.69953051643192,18.785260770975057,0.12,118.0,1.08,74.0,188.0,92.261,0.06,0.0,36.1,12.5,1.21,27.8,34.6,80.4,1.03,9.9,7.31,320.0,4.49,13.2,9.6,6.66,441.0,136.2,254.71,1.09,13.0,0.12,28.0,250.0,31.2
0.0,104.0,32.0,45.7,84.0960219478738,73.69953051643192,18.785260770975057,0.16,115.0,1.05,109.0,206.0,93.467,0.06,0.09,43.6,15.3,1.14,28.3,35.1,80.6,0.79,10.4,5.05,240.0,5.41,12.0,7.1,9.24,473.68,185.6,321.1,1.1,13.1,0.12,17.0,10.0,32.75
0.0,16.0,24.0,44.7,73.0,73.69953051643192,18.785260770975057,0.23,119.0,1.04,149.0,252.93801652892563,99.32,0.01,0.0,44.2,15.2,0.91,30.0,34.4,87.2,0.08,10.1,5.75,268.0,5.07,12.4,6.8,14.3,6220.0,15.9,251.71,1.06,12.7,0.12,17.0,10.0,25.9
0.0,13.0,22.0,51.0,84.0960219478738,73.69953051643192,18.785260770975057,0.17,81.0,0.66,104.25520833333331,184.0,127.572,0.01,0.02,43.9,14.8,1.23,30.3,33.7,89.8,0.54,9.5,3.81,278.0,4.89,12.2,5.6,3.14,101.15,47.1,311.64,0.96,11.5,0.12,17.0,10.0,27.2
0.0,18.0,20.0,49.9,50.0,73.69953051643192,9.6,0.11,103.0,0.78,76.0,165.0,102.334,0.01,0.0,38.1,13.3,1.4,29.6,34.9,84.7,0.4,10.5,2.0,138.0,4.5,12.4,3.8,3.02,441.0,125.95,321.1,1.1,13.1,0.12,17.0,10.0,32.75
0.0,65.0,53.0,30.7,102.0,73.69953051643192,11.7,0.12,106.0,1.21,39.0,195.0,56.997,0.02,0.0,40.4,13.4,0.75,27.2,33.2,82.1,0.6,10.0,2.68,205.0,4.92,15.0,4.1,3.02,234.0,125.95,321.1,1.1,13.1,0.12,17.0,10.0,32.75
0.0,26.0,9.0,39.1,84.0960219478738,73.69953051643192,18.785260770975057,0.07,128.0,0.83,15.0,191.0,75.818,0.02,0.04,34.8,11.5,1.23,29.6,33.0,89.5,0.24,11.4,1.37,122.0,3.89,13.4,2.9,3.02,257.0,22.6,486.28,1.21,14.4,0.12,17.0,10.0,39.3
0.0,12.0,16.0,40.5,91.0,73.69953051643192,18.785260770975057,0.12,252.0,0.96,80.0,252.93801652892563,90.509,0.04,0.16,44.4,15.6,1.72,30.2,35.1,86.0,0.33,9.5,3.72,224.0,5.16,11.7,6.0,4.36,441.0,125.95,321.1,1.1,13.1,0.12,17.0,10.0,32.75
0.0,32.7,19.0,47.3,108.0,73.69953051643192,18.785260770975057,0.13,97.0,1.05,78.0,252.93801652892563,90.241,0.0,0.0,28.7,10.4,0.11,31.6,36.2,87.2,0.08,9.7,0.85,97.0,3.29,15.8,1.0,3.16,441.0,4.5,281.31,1.1,13.1,0.12,17.0,10.0,32.75
0.0,30.0,25.0,31.6,56.0,73.69953051643192,12.2,0.08,278.0,0.86,31.0,212.0,77.918,0.01,0.02,27.3,8.2,1.03,18.7,30.0,62.3,0.32,8.8,1.84,327.0,4.38,19.2,3.2,20.4,180.09,125.95,346.06,1.02,12.2,0.12,11.0,10.0,31.1
0.0,46.0,45.0,38.1,93.0,73.69953051643192,18.785260770975057,0.05,153.0,0.99,88.0,252.93801652892563,65.264,0.04,0.06,45.7,16.3,1.2,29.0,35.7,81.3,1.03,11.1,5.62,245.0,5.62,12.3,8.0,23.2,1640.0,387.0,359.7,1.14,13.6,13.0,38.0,10.0,31.8
0.0,29.0,33.0,33.6,84.0960219478738,73.69953051643192,18.785260770975057,0.13,101.0,0.6,21.0,234.0,95.96,0.03,0.07,46.3,16.1,2.8,30.7,34.8,88.2,0.49,9.7,3.37,153.0,5.25,11.8,6.8,4.42,441.0,125.95,321.1,1.1,13.1,0.12,17.0,10.0,32.75
0.0,7.0,13.0,38.59178535606821,84.0960219478738,73.69953051643192,18.785260770975057,0.1272119815668203,136.0293103448276,0.76,104.25520833333331,252.93801652892563,79.732,0.08,0.1,41.5,14.8,2.46,29.1,35.7,81.5,0.39,10.3,4.1,293.0,5.09,11.6,7.1,21.0,892.6,125.95,321.1,1.1,13.1,0.12,17.0,10.0,32.75
0.0,12.3,21.0,41.2,132.0,73.69953051643192,25.0,0.09,80.0,0.84,93.0,321.0,69.172,0.03,0.05,43.2,14.9,2.0,30.8,34.5,89.3,0.49,11.0,3.51,217.0,4.84,12.4,6.1,3.02,441.0,125.95,321.1,1.1,13.1,0.12,17.0,10.0,32.75
0.0,12.0,15.0,44.1,72.0,73.69953051643192,6.7,0.1,101.0,0.86,106.0,165.0,82.422,0.01,0.06,39.4,12.7,1.21,28.3,32.2,87.9,0.58,11.5,1.94,154.0,4.48,13.6,3.8,8.58,1056.29,125.95,293.69,1.02,12.2,0.12,32.0,10.0,24.0
0.0,23.0,26.0,40.93,56.0,64.0,19.2,0.07,101.0,0.71,101.0,243.0,116.277,0.01,0.0,36.1,11.9,1.13,24.3,33.0,73.8,0.74,10.0,8.94,533.0,4.89,15.0,10.8,18.9,441.0,121.1,257.78,1.1,13.1,0.12,8.0,10.0,32.75
0.0,16.0,20.0,45.8,57.0,71.0,14.6,0.08,84.0,0.7,49.0,153.0,118.288,0.05,0.28,40.6,14.2,3.1,29.4,35.0,84.1,0.85,10.3,5.34,214.0,4.83,13.3,9.6,6.76,670.0,125.95,321.1,1.1,13.1,0.12,17.0,10.0,32.75
0.0,17.0,16.0,39.71,98.0,62.0,21.0,0.03,119.0,0.47,50.0,252.93801652892563,131.116,0.01,0.02,46.9,16.6,1.68,29.6,35.4,83.8,0.53,9.1,3.22,227.0,5.6,12.3,5.5,3.33,544.0,9.9,338.47,0.96,11.5,0.12,17.0,10.0,31.7
0.0,8.0,16.0,43.9,84.0,84.0,12.7,0.13,100.0,0.75,108.0,169.0,98.629,0.01,0.01,38.1,12.6,0.94,28.5,33.1,86.2,0.52,11.2,5.5,206.0,4.42,12.0,7.0,3.02,390.0,18.1,501.36,1.04,12.4,0.12,17.0,10.0,34.8
0.0,137.0,82.0,34.1,42.0,73.69953051643192,16.8,0.05,134.0,1.05,106.0,354.0,87.74,0.01,0.0,41.5,13.8,0.93,29.6,33.3,89.1,0.57,10.3,5.94,203.0,4.66,13.1,7.5,3.14,505.51,125.95,321.1,1.1,13.1,0.12,17.0,10.0,32.75
0.0,24.0,23.0,40.0,126.0,73.69953051643192,18.785260770975057,0.1,97.0,0.86,246.0,252.93801652892563,91.581,0.01,0.02,38.2,13.6,1.41,30.3,35.6,85.1,0.53,10.2,4.0,236.0,4.49,13.2,6.0,29.8,655.0,125.95,321.1,1.1,13.1,0.12,17.0,10.0,32.75
0.0,65.0,52.0,38.59178535606821,84.0960219478738,73.69953051643192,21.8,0.1272119815668203,136.0293103448276,0.75,50.0,311.0,123.963,0.02,0.02,35.4,11.1,1.48,24.2,31.4,77.3,0.63,9.5,6.09,249.0,4.58,16.2,8.2,6.76,241.0,125.95,321.1,1.1,13.1,0.12,17.0,10.0,32.75
0.0,31.0,44.0,44.6,84.0960219478738,73.69953051643192,18.785260770975057,0.37,104.0,0.69,104.25520833333331,198.0,114.748,0.02,0.08,40.1,13.5,2.4,28.7,33.7,85.1,0.47,10.2,3.75,274.0,4.71,12.8,6.7,22.8,441.0,127.2,357.19,1.1,13.1,0.12,41.0,10.0,32.75
0.0,54.0,38.0,38.59178535606821,47.0,73.69953051643192,18.785260770975057,0.1,121.0,0.59,35.0,246.0,123.386,0.03,0.36,45.0,15.6,1.74,30.7,34.7,88.6,0.84,10.7,5.36,235.0,5.08,14.2,8.3,3.6,441.0,125.95,321.1,1.1,13.1,0.12,17.0,10.0,32.75
0.0,56.0,36.0,46.7,84.0960219478738,73.69953051643192,18.785260770975057,0.1,101.0,0.78,53.0,252.93801652892563,105.992,0.04,0.06,39.0,12.9,3.77,28.6,33.1,86.5,0.45,9.2,3.6,263.0,4.51,13.5,7.9,3.49,213.0,84.6,302.81,1.1,13.1,0.12,14.0,10.0,32.75
0.0,7.3,22.0,38.59178535606821,84.0960219478738,73.69953051643192,15.2,0.1272119815668203,136.0293103448276,0.97,113.0,211.0,58.536,0.02,0.01,42.4,14.0,1.45,29.4,33.0,89.1,0.52,10.5,1.93,179.0,4.76,12.3,3.9,12.7,441.0,197.2,346.06,1.05,12.6,14.0,36.0,10.0,29.2
0.0,16.0,17.0,42.7,74.0,73.69953051643192,11.5,0.1,80.0,0.91,65.0,182.0,78.618,0.03,0.06,43.3,14.4,3.57,28.2,33.3,84.9,1.06,10.8,1.98,244.0,5.1,13.9,6.7,3.02,239.0,19.7,317.88,1.14,13.6,0.12,17.0,10.0,32.3
0.0,9.0,20.0,48.2,52.0,60.0,8.7,0.08,100.0,0.68,54.0,76.0,123.691,0.02,0.01,33.9,10.9,0.49,25.5,32.2,79.2,0.52,10.5,3.93,200.0,4.28,14.0,5.0,3.02,441.0,8.3,321.1,1.1,13.1,0.12,17.0,10.0,32.75
0.0,15.0,17.0,44.3,84.0960219478738,73.69953051643192,18.785260770975057,0.09,92.0,0.6,104.25520833333331,170.0,127.092,0.02,0.05,40.8,13.4,1.01,28.5,32.8,86.8,0.68,9.9,1.83,206.0,4.7,12.8,3.6,3.02,441.0,125.95,321.1,1.1,13.1,0.12,17.0,10.0,32.75
0.0,13.0,19.0,49.07,74.0,78.0,17.7,0.09,74.0,0.85,61.0,252.93801652892563,98.255,0.05,0.24,41.1,13.4,4.02,28.2,32.6,86.5,0.9,9.6,2.43,322.0,4.75,13.2,7.6,3.02,441.0,125.95,321.1,1.1,13.1,0.12,17.0,10.0,32.75
0.0,42.0,19.0,38.59178535606821,84.0960219478738,73.69953051643192,18.785260770975057,0.1272119815668203,163.0,0.44,104.25520833333331,252.93801652892563,82.73687055837563,0.04,0.27,47.1,15.9,3.28,29.0,33.8,85.8,0.64,10.0,2.87,276.0,5.49,12.2,7.1,14.7,441.0,125.95,321.1,1.1,13.1,0.12,17.0,10.0,32.75
0.0,22.0,19.0,44.2,85.0,73.69953051643192,18.785260770975057,0.1272119815668203,94.0,0.85,104.25520833333331,252.93801652892563,84.185,0.02,0.0,34.9,11.2,0.44,23.9,32.1,74.4,0.44,9.9,6.58,341.0,4.69,15.1,7.5,3.02,441.0,125.95,321.1,1.1,13.1,0.12,17.0,10.0,32.75
0.0,69.0,70.0,38.59178535606821,84.0960219478738,73.69953051643192,23.3,0.1272119815668203,136.0293103448276,0.95,76.0,263.0,67.644,0.03,0.19,34.6,11.6,1.63,27.8,33.5,83.0,0.36,8.9,2.47,358.0,4.17,12.4,4.7,3.02,441.0,125.95,321.1,1.1,13.1,0.12,17.0,10.0,32.75
0.0,28.0,27.0,46.2,68.0,73.69953051643192,11.9,0.08,94.0,0.83,62.0,183.0,95.598,0.01,0.03,37.6,13.1,1.78,29.6,34.8,85.1,0.48,9.2,1.78,168.0,4.42,12.7,4.1,5.87,1783.3,990.7,428.97,1.06,12.7,24.0,33.0,10.0,29.5
0.0,12.0,21.0,38.59178535606821,84.0960219478738,73.69953051643192,18.785260770975057,0.1272119815668203,100.0,0.64,104.25520833333331,247.0,114.364,0.05,0.13,40.0,13.3,1.53,27.5,33.3,82.6,0.36,10.6,3.53,245.0,4.84,13.2,5.6,61.5,441.0,125.95,321.1,1.1,13.1,0.12,17.0,10.0,32.75
0.0,14.0,18.0,41.93,50.0,73.69953051643192,20.1,0.19,85.0,0.75,95.0,216.0,107.304,0.02,0.04,40.3,12.9,1.34,27.4,32.0,85.7,0.24,9.6,1.02,222.0,4.7,14.6,2.7,3.17,441.0,100.6,486.28,1.11,13.2,0.12,17.0,10.0,28.5
0.0,22.0,16.0,41.7,84.0960219478738,73.69953051643192,18.785260770975057,0.1272119815668203,132.0,0.77,104.25520833333331,252.93801652892563,97.575,0.06,0.28,42.7,14.6,2.01,30.4,34.2,88.8,0.51,9.2,6.42,321.0,4.81,12.3,9.3,3.27,441.0,125.95,424.98,1.11,13.2,0.12,23.0,10.0,22.0
0.0,47.0,17.0,38.59178535606821,84.0960219478738,73.69953051643192,20.3,0.1272119815668203,216.0,0.7,18.0,252.93801652892563,88.687,0.0,0.01,43.2,14.7,1.01,30.1,34.0,88.3,0.56,9.7,3.0,170.0,4.89,12.7,4.6,3.17,441.0,123.0,321.1,1.1,13.1,0.12,8.0,10.0,32.75
0.0,18.0,40.0,41.4,69.0,73.69953051643192,18.785260770975057,0.08,146.0,0.76,65.0,252.93801652892563,82.73687055837563,0.02,0.05,41.0,13.8,3.24,27.9,33.7,82.8,0.62,10.7,3.12,310.0,4.95,12.7,7.1,6.76,526.0,125.95,321.1,1.1,13.1,0.12,17.0,10.0,32.75
0.0,35.308825910931176,33.24291497975708,38.59178535606821,84.0960219478738,73.69953051643192,18.785260770975057,0.1272119815668203,136.0293103448276,0.75,104.25520833333331,252.93801652892563,101.116,0.02,0.03,38.2,12.6,1.5,23.5,33.0,71.1,0.36,8.7,2.6,280.0,5.37,13.43869602032176,4.5,3.94,384.39,125.95,321.1,1.1,13.1,0.12,17.0,10.0,32.75
0.0,34.0,15.0,41.0,86.0,73.69953051643192,18.785260770975057,0.14,93.0,1.22,75.0,252.93801652892563,59.695,0.01,0.06,41.9,14.2,1.55,29.1,33.9,85.9,0.3,10.1,2.88,252.0,4.88,12.6,4.8,77.3,422.0,378.7,321.1,1.1,13.1,13.0,64.0,10.0,32.75
0.0,27.0,21.0,44.0,84.0960219478738,73.69953051643192,18.785260770975057,0.09,96.0,0.9,147.0,212.0,121.662,0.0,0.0,39.6,12.7,0.81,23.8,32.1,74.3,0.26,11.3,1.62,133.0,5.33,13.5,2.7,3.28,348.0,90.2,277.71,1.09,13.0,0.12,9.0,10.0,33.6
0.0,32.0,36.0,38.8,93.0,73.69953051643192,18.785260770975057,0.07,154.0,1.12,38.0,264.0,49.892,0.04,0.07,42.5,14.1,2.2,29.4,33.2,88.7,0.33,9.6,2.67,281.0,4.79,12.4,5.3,51.9,441.0,61.3,470.04,1.05,12.6,0.12,19.0,10.0,27.4
0.0,20.0,24.0,43.1,84.0960219478738,73.69953051643192,18.785260770975057,0.19,67.0,0.77,104.25520833333331,218.0,80.153,0.06,0.06,41.4,13.9,2.3,28.1,33.6,83.8,0.63,9.9,5.59,342.0,4.94,13.0,8.6,37.0,441.0,608.8,321.1,1.1,13.1,0.12,48.0,10.0,32.75
0.0,25.0,24.0,38.59178535606821,84.0960219478738,73.69953051643192,24.2,0.1272119815668203,136.0293103448276,0.95,52.0,142.0,89.123,0.02,0.05,39.0,12.8,2.92,24.9,32.8,75.7,0.39,11.0,2.89,285.0,5.15,15.2,6.3,3.02,136.0,74.6,321.1,1.1,13.1,0.12,17.0,10.0,32.75
0.0,18.0,19.0,37.6,124.0,73.69953051643192,33.0,0.1272119815668203,695.0,1.1425579536370902,60.0,333.0,82.73687055837563,0.01,0.01,40.4,14.1,1.86,29.1,34.9,83.5,0.41,8.4,2.58,234.0,4.84,12.1,4.9,3.02,441.0,26.1,321.1,1.1,13.1,0.12,17.0,10.0,32.75
0.0,68.0,46.0,30.3,84.0960219478738,73.69953051643192,18.785260770975057,0.07,113.0,1.04,25.0,173.0,72.402,0.1,0.01,47.8,15.6,2.31,27.8,32.6,85.2,0.82,14.3,17.56,186.0,5.61,14.5,20.8,19.5,0.0,125.95,321.1,1.1,13.1,0.12,17.0,10.0,32.75
0.0,22.0,21.0,38.59178535606821,84.0960219478738,73.69953051643192,18.785260770975057,0.1272119815668203,136.0293103448276,0.97,80.0,147.0,97.244,0.08,0.15,37.3,13.6,2.4,28.9,36.5,79.4,0.6,9.6,4.38,327.0,4.7,13.3,7.6,0.0,441.0,346.06,1.16,13.8,0.12,43.0,10.0,30.6,32.75
0.0,46.0,48.0,33.78,84.0960219478738,73.69953051643192,18.785260770975057,0.1272119815668203,145.0,0.78,80.0,252.93801652892563,104.514,0.04,0.33,46.1,15.6,1.78,31.1,33.8,92.0,0.45,9.2,4.79,270.0,5.01,12.4,7.4,16.2,441.0,626.7,655.0,1.1,13.1,0.12,47.0,10.0,32.75
0.0,29.0,43.0,32.0,84.0960219478738,73.69953051643192,18.785260770975057,0.09,304.0,1.16,31.0,388.0,44.89,0.03,0.0,33.1,11.6,0.94,28.1,35.0,80.1,0.48,11.0,7.61,321.0,4.13,12.2,9.1,7.83,441.0,125.95,321.1,1.1,13.1,0.12,17.0,10.0,32.75
0.0,33.0,52.0,38.3,74.0,58.0,18.5,0.13,136.0293103448276,1.05,460.0,240.0,65.784,0.0,0.0,35.9,12.2,0.68,28.0,34.0,82.3,0.1,10.8,2.99,186.0,4.36,13.8,3.8,3.02,441.0,75.8,302.81,1.1,13.1,0.12,8.0,10.0,32.75
0.0,35.308825910931176,33.24291497975708,38.59178535606821,84.0960219478738,73.69953051643192,18.785260770975057,0.1272119815668203,161.0,1.1425579536370902,104.25520833333331,252.93801652892563,82.73687055837563,0.02,0.11,45.4,15.0,2.0,29.5,33.0,89.4,0.57,11.0,2.22,151.0,5.08,12.6,4.9,29.3,11012.43,125.95,424.98,1.04,12.4,0.12,30.0,10.0,33.2
0.0,20.0,20.0,27.3,72.0,73.69953051643192,14.3,0.1272119815668203,97.0,1.1425579536370902,103.0,244.0,82.73687055837563,0.03,0.1,41.6,14.8,1.58,28.6,35.6,80.5,0.71,8.9,4.8,360.0,5.17,12.3,7.2,3.02,353.0,125.95,321.1,1.1,13.1,0.12,17.0,10.0,32.75
0.0,60.0,17.0,23.3,140.0,73.69953051643192,18.785260770975057,0.08,99.0,0.82,35.0,252.93801652892563,82.73687055837563,0.06,0.11,39.3,13.7,3.73,30.1,34.9,86.4,0.77,11.7,3.93,280.0,4.55,12.6,8.6,3.02,437.0,6.5,321.1,1.1,13.1,0.12,17.0,10.0,32.75
0.0,12.0,24.0,44.96,77.0,105.0,33.7,0.05,80.0,0.74,276.0,252.93801652892563,109.059,0.01,0.08,39.1,13.5,2.5,29.9,34.5,86.5,0.42,9.1,2.86,248.0,4.52,12.9,5.9,10.1,1590.0,125.95,314.72,1.17,13.9,0.12,17.0,10.0,32.6
0.0,15.0,26.0,38.59178535606821,84.0960219478738,73.69953051643192,18.785260770975057,0.1272119815668203,100.0,0.82,104.25520833333331,232.0,86.09,0.04,0.13,38.6,13.0,1.95,27.4,33.7,81.3,0.92,10.3,4.6,226.0,4.75,12.0,7.6,32.8,441.0,271.0,321.1,1.1,13.1,0.12,17.0,10.0,32.75
0.0,12.0,30.0,31.6,87.0,73.69953051643192,0.0,0.15,17.0,0.87,0.0,387.0,64.916,0.03,0.0,39.5,13.3,1.53,26.5,33.7,78.7,0.55,10.9,2.73,181.0,5.02,12.1,4.8,29.6,1709.44,68.8,399.26,1.1,13.1,13.0,66.0,10.0,32.75
0.0,24.0,26.0,33.4,84.0960219478738,73.69953051643192,18.785260770975057,0.1272119815668203,155.0,1.07,104.25520833333331,252.93801652892563,57.766,0.03,0.27,42.2,14.1,1.31,30.7,33.4,91.7,0.56,9.9,4.1,168.0,4.6,12.9,6.3,17.8,482.0,125.95,321.1,1.1,13.1,0.12,21.0,10.0,41.8
0.0,19.0,30.0,35.7,99.0,73.69953051643192,18.785260770975057,0.08,115.0,1.14,60.0,205.0,46.492,0.02,0.0,42.2,13.8,0.94,24.5,32.7,75.0,0.37,12.3,6.78,243.0,5.63,14.6,8.1,7.75,441.0,125.95,321.1,1.1,13.1,0.12,17.0,10.0,32.75
0.0,12.0,21.0,43.6,84.0960219478738,73.69953051643192,15.7,0.06,90.0,0.68,321.0,192.0,82.73687055837563,0.01,0.03,37.0,12.6,2.02,27.3,34.1,80.1,0.85,11.7,3.43,275.0,4.62,12.8,6.3,3.02,264.0,125.95,321.1,1.1,13.1,0.12,7.0,10.0,30.1
0.0,11.0,17.0,47.23,70.0,45.0,14.5,0.05,98.0,0.67,70.0,252.93801652892563,117.503,0.03,0.13,47.7,16.5,2.38,29.6,34.6,85.6,0.48,9.5,2.37,199.0,5.57,12.9,5.4,7.36,460.56,6.4,321.1,1.1,13.1,0.12,17.0,10.0,32.75
0.0,9.0,21.0,45.8,84.0960219478738,73.69953051643192,14.3,0.07,79.0,0.72,75.0,274.0,82.73687055837563,0.01,0.04,41.7,15.4,1.39,31.2,36.9,84.6,0.41,11.3,3.13,150.0,4.93,13.6,5.0,3.02,441.0,87.4,321.1,1.1,13.1,0.12,2.0,10.0,32.75
0.0,17.0,17.0,41.5,81.0,73.69953051643192,18.785260770975057,0.05,118.0,0.77,70.0,252.93801652892563,99.653,0.01,0.0,33.7,11.1,0.79,25.0,32.9,75.9,0.85,9.6,7.03,327.0,4.44,14.2,8.7,3.02,441.0,13.3,321.1,1.1,13.1,0.12,17.0,10.0,32.75
0.0,27.0,38.0,41.4,84.0960219478738,73.69953051643192,18.785260770975057,0.06,90.0,0.74,24.0,150.0,105.295,0.0,0.0,36.0,12.0,0.43,29.5,33.3,88.5,0.28,9.9,6.28,405.0,4.07,12.4,7.0,3.02,441.0,125.95,321.1,1.1,13.1,0.12,17.0,10.0,32.75
0.0,12.0,18.0,51.5,74.0,73.69953051643192,15.5,0.16,79.0,0.68,73.0,212.0,125.441,0.1,0.03,38.0,12.9,0.51,28.1,33.9,82.8,0.26,9.8,11.23,197.0,4.59,15.3,12.1,14.0,441.0,248.7,321.1,1.1,13.1,0.12,12.0,10.0,32.75
0.0,64.0,28.0,30.2,86.0,73.69953051643192,18.785260770975057,0.13,240.0,0.6,104.25520833333331,252.93801652892563,105.51,0.01,0.08,43.5,15.1,1.5,31.7,34.7,91.2,0.54,9.6,1.99,163.0,4.77,12.5,4.1,152.0,441.0,1311.8,321.1,1.1,13.1,0.12,52.0,10.0,34.1
0.0,60.0,66.0,30.1,244.0,73.69953051643192,16.6,0.16,266.0,1.01,76.0,332.0,75.01,0.01,0.09,40.6,12.4,2.19,25.8,30.5,84.4,0.39,10.1,1.7,233.0,4.81,14.8,4.4,7.11,441.0,395.6,321.1,1.1,13.1,0.12,48.0,10.0,32.75
0.0,25.0,20.0,45.6,79.0,73.69953051643192,18.785260770975057,0.1272119815668203,80.0,0.97,104.25520833333331,252.93801652892563,90.013,0.02,0.03,38.6,12.8,1.3,26.3,33.2,79.3,0.3,10.0,6.44,318.0,4.87,12.8,8.1,3.02,221.0,320.7,270.76,1.1,13.1,0.12,2.0,10.0,32.75
0.0,81.0,60.0,38.59178535606821,84.0960219478738,73.69953051643192,6.1,0.1272119815668203,144.0,0.73,50.0,252.93801652892563,109.686,0.02,0.09,33.9,10.7,0.91,28.9,31.6,91.6,0.25,11.8,1.53,141.0,3.7,13.2,2.8,192.0,1220.22,0.0,530.98,1.22,14.5,12.0,83.0,10.0,35.9
0.0,20.0,19.0,45.0,71.0,73.69953051643192,18.785260770975057,0.1272119815668203,83.0,0.93,104.25520833333331,252.93801652892563,99.488,0.03,0.12,35.6,12.3,2.2,28.1,34.6,81.3,0.24,10.7,3.87,157.0,4.38,13.0,6.5,4.86,205.0,116.4,287.8,1.1,13.1,0.12,2.0,10.0,32.75
0.0,19.0,22.0,28.8,58.0,73.69953051643192,18.785260770975057,0.15,170.0,1.03,104.25520833333331,252.93801652892563,64.552,0.01,0.03,27.4,9.4,0.84,27.4,34.3,79.9,0.37,10.6,4.94,214.0,3.43,14.5,6.2,84.1,441.0,1608.7,321.1,1.1,13.1,0.12,39.0,10.0,32.75
0.0,12.0,17.0,43.02,69.0,79.0,29.3,0.08,90.0,0.6,53.0,252.93801652892563,133.498,0.01,0.04,38.5,12.2,1.52,28.7,31.7,90.6,0.29,9.9,1.94,223.0,4.25,14.1,3.8,32.3,441.0,125.95,321.1,1.31,15.5,0.12,120.0,10.0,34.1
0.0,13.0,24.0,47.99,77.0,73.69953051643192,18.2,0.05,87.0,0.72,77.0,252.93801652892563,82.73687055837563,0.05,0.11,37.8,13.0,2.36,30.7,34.4,89.2,0.88,10.7,5.59,290.0,4.24,12.0,9.0,3.02,441.0,125.95,321.1,1.1,13.1,0.12,17.0,10.0,32.75
0.0,10.0,16.0,47.4,56.0,73.69953051643192,13.2,0.27,115.0,0.82,66.0,149.0,99.774,0.05,0.03,34.9,10.5,3.04,22.6,30.1,75.1,0.56,10.3,5.3,417.0,4.65,16.2,9.0,3.02,441.0,125.95,321.1,1.1,13.1,0.12,17.0,10.0,32.75
0.0,13.0,24.0,36.2,79.0,50.0,13.0,0.07,157.0,0.87,45.0,252.93801652892563,64.916,0.02,0.05,33.6,10.8,1.1,23.6,32.1,73.5,0.39,12.6,2.04,153.0,4.57,17.4,3.6,3.02,337.0,18.9,302.81,1.15,13.7,0.12,17.0,10.0,27.8
0.0,35.308825910931176,33.24291497975708,38.59178535606821,84.0960219478738,73.69953051643192,18.785260770975057,0.1272119815668203,136.0293103448276,1.1425579536370902,104.25520833333331,378.0,82.73687055837563,0.02,0.06,38.5,13.6,1.63,30.0,35.3,84.8,0.48,10.2,2.36,213.0,4.54,12.3,4.6,13.4,441.0,49.8,331.26,1.06,12.7,0.12,20.0,14.0,41.1
0.0,16.0,34.0,38.7,108.0,96.0,26.8,0.24,82.0,0.69,106.0,274.0,74.756,0.08,0.27,43.2,14.2,1.12,26.5,32.9,80.6,0.84,9.9,9.89,312.0,5.36,13.6,12.2,6.76,215.0,125.95,321.1,1.1,13.1,0.12,17.0,10.0,32.75
0.0,21.0,32.0,28.9,71.0,73.69953051643192,18.785260770975057,0.1272119815668203,152.0,1.02,104.25520833333331,252.93801652892563,49.229,0.03,0.09,42.0,14.3,2.22,30.2,34.0,88.8,0.43,11.0,4.66,267.0,4.73,13.0,7.4,3.02,690.0,125.95,290.7,1.22,14.5,0.12,26.0,10.0,38.1
0.0,108.0,92.0,38.59178535606821,84.0960219478738,73.69953051643192,2.0,0.1272119815668203,136.0,1.58,22.0,252.93801652892563,31.333,0.05,0.02,41.0,14.0,0.67,29.6,34.1,86.7,0.24,10.3,8.19,397.0,4.73,12.8,9.2,6.76,441.0,125.95,321.1,1.1,13.1,0.12,17.0,180.0,32.75
0.0,25.0,15.0,40.8,95.0,73.69953051643192,18.785260770975057,0.07,237.0,0.8,37.0,252.93801652892563,80.957,0.06,0.05,47.1,16.6,2.03,30.7,35.2,87.2,0.75,9.0,5.07,268.0,5.4,12.6,8.0,17.4,441.0,125.95,321.1,1.1,13.1,20.0,17.0,10.0,32.75
0.0,77.0,79.0,36.7,86.0,73.69953051643192,18.785260770975057,0.43,149.0,1.07,56.0,475.0,73.999,0.02,0.07,40.1,14.1,1.92,29.9,35.2,85.0,0.29,10.7,6.36,323.0,4.72,13.1,8.7,29.8,441.0,302.4,321.1,1.1,13.1,12.0,51.0,10.0,32.75
0.0,28.0,27.0,40.75,65.0,73.69953051643192,18.785260770975057,0.09,100.0,0.68,104.25520833333331,179.0,122.825,0.04,0.12,43.0,14.6,0.86,29.7,34.0,87.4,0.83,10.7,4.95,183.0,4.92,13.4,6.8,7.17,441.0,522.8,321.1,1.1,13.1,0.12,11.0,31.0,32.75
0.0,13.0,14.0,44.9,81.0,73.69953051643192,18.785260770975057,0.21,84.0,0.82,53.0,252.93801652892563,97.693,0.03,0.03,40.7,14.7,2.05,31.5,36.1,87.3,0.71,10.1,3.39,248.0,4.66,12.0,6.2,32.6,441.0,1626.6,395.85,1.02,12.2,23.0,48.0,10.0,28.1
0.0,40.0,21.0,45.5,84.0960219478738,73.69953051643192,18.785260770975057,0.12,136.0293103448276,0.83,20.0,180.0,101.124,0.01,0.07,43.0,14.8,2.97,29.7,34.4,86.3,0.56,10.5,3.12,246.0,4.98,11.5,6.7,4.07,441.0,125.95,321.1,1.1,13.1,0.12,11.0,12.0,32.75
0.0,29.0,24.0,38.59178535606821,84.0960219478738,73.69953051643192,18.785260770975057,0.1272119815668203,94.0,0.49,104.25520833333331,252.93801652892563,82.73687055837563,0.04,0.35,36.9,11.9,1.43,21.5,32.2,66.6,0.46,10.4,5.13,385.0,5.54,15.3,7.4,14.5,441.0,125.95,270.76,1.11,13.2,0.12,9.0,10.0,29.2
0.0,6.0,14.0,39.0,65.0,73.69953051643192,18.785260770975057,0.07,162.0,0.74,47.0,252.93801652892563,97.465,0.05,0.23,39.9,12.8,1.74,28.1,32.1,87.7,0.99,11.5,5.78,247.0,4.55,13.8,8.8,3.02,437.0,37.3,254.71,1.1,13.1,0.12,3.0,10.0,32.75
0.0,20.0,18.0,42.4,109.0,73.69953051643192,18.785260770975057,0.1272119815668203,95.0,0.76,104.25520833333331,252.93801652892563,90.478,0.01,0.03,36.3,10.7,1.43,21.0,29.5,71.2,0.35,11.0,3.46,299.0,5.1,18.6,5.3,3.02,441.0,125.95,321.1,1.1,13.1,0.12,17.0,10.0,32.75
0.0,13.0,41.0,28.4,84.0960219478738,73.69953051643192,18.785260770975057,0.07,118.0,2.95,60.0,233.0,15.042,0.04,0.04,46.7,14.6,0.87,28.4,31.3,90.9,0.74,10.4,5.01,246.0,5.14,13.6,6.7,6.34,522.0,17.6,314.72,1.1,13.1,0.12,17.0,10.0,32.75
0.0,187.0,70.0,32.5,136.0,73.69953051643192,13.8,0.07,147.0,1.38,34.0,270.0,34.159,0.02,0.01,45.0,14.6,1.71,27.8,32.4,85.7,0.56,11.9,4.58,143.0,5.25,14.0,6.9,65.4,441.0,509.9,290.7,1.46,17.2,15.0,48.0,10.0,39.0
0.0,29.0,26.0,37.65,82.0,52.0,13.9,0.12,183.0,0.59,45.0,308.0,88.691,0.07,0.25,41.3,14.2,2.27,27.9,34.4,81.1,0.87,10.3,4.42,264.0,5.09,14.8,7.9,53.7,2218.58,134.9,321.1,1.1,13.1,92.0,17.0,58.0,32.75
0.0,31.0,36.0,38.7,76.0,51.0,13.1,0.05,115.0,0.65,73.0,252.93801652892563,100.974,0.01,0.0,41.3,14.1,0.62,30.5,34.1,89.2,0.29,10.0,9.07,333.0,4.63,13.3,10.0,38.0,399.0,125.95,321.1,1.1,13.1,0.12,17.0,16.0,32.75
0.0,41.0,29.0,35.7,84.0960219478738,73.69953051643192,18.785260770975057,0.08,102.0,0.84,104.25520833333331,240.0,85.399,0.01,0.0,39.9,14.1,1.26,29.7,35.3,84.0,0.71,11.3,9.78,271.0,4.75,12.4,11.8,6.76,275.0,125.95,321.1,1.1,13.1,0.12,17.0,10.0,32.75
0.0,43.0,21.0,42.84,93.0,77.0,13.0,0.08,92.0,0.74,31.0,252.93801652892563,77.844,0.02,0.05,40.1,13.6,2.44,26.7,33.9,78.6,0.58,10.2,2.5,326.0,5.1,13.1,5.6,16.8,441.0,125.95,321.1,1.1,13.1,0.12,17.0,10.0,32.75
0.0,34.0,27.0,30.2,49.0,73.69953051643192,18.785260770975057,0.1,232.0,1.03,52.0,325.0,48.311,0.03,0.15,37.6,13.1,1.14,28.6,34.8,82.1,0.56,11.3,3.97,180.0,4.58,12.6,5.9,3.02,441.0,43.8,321.1,1.1,13.1,0.12,6.0,10.0,32.75
0.0,35.308825910931176,33.24291497975708,38.59178535606821,84.0960219478738,73.69953051643192,10.5,0.1272119815668203,136.0293103448276,1.1425579536370902,104.25520833333331,252.93801652892563,82.73687055837563,0.02,0.02,42.0,14.5,2.18,29.2,34.5,84.5,0.42,10.7,1.9,237.0,4.97,13.2,4.5,10.7,441.0,477.5,362.78,1.1,13.1,0.12,72.0,13.0,32.75
0.0,17.0,23.0,41.6,84.0960219478738,73.69953051643192,18.785260770975057,0.15,132.0,0.83,39.0,233.0,76.891,0.01,0.09,37.4,12.7,2.59,27.3,34.0,80.4,0.6,10.6,1.89,269.0,4.65,13.0,5.2,6.76,441.0,125.95,321.1,1.1,13.1,0.12,17.0,11.0,32.75
0.0,36.0,25.0,45.9,84.0960219478738,73.69953051643192,18.785260770975057,0.1272119815668203,91.0,0.9,75.0,252.93801652892563,87.91,0.04,0.08,39.2,13.1,1.8,26.5,33.4,79.4,0.43,10.9,2.1,249.0,4.94,14.2,4.5,44.5,411.0,368.4,166.43,1.06,12.7,0.12,48.0,10.0,33.1
0.0,16.0,20.0,42.5,74.0,73.69953051643192,18.785260770975057,0.1272119815668203,110.0,1.01,104.25520833333331,252.93801652892563,70.288,0.06,0.29,27.5,8.7,1.38,30.3,31.6,95.8,1.13,11.1,10.54,262.0,2.87,14.2,13.4,3.8,441.0,21.0,321.1,1.1,13.1,0.12,79.0,10.0,32.75
0.0,37.0,21.0,38.59178535606821,116.0,73.69953051643192,18.785260770975057,0.1272119815668203,136.0293103448276,0.83,91.0,119.0,81.909,0.03,0.06,28.4,9.4,0.99,26.5,33.1,80.0,1.0,10.0,7.6,224.0,3.55,14.8,9.7,3.02,441.0,125.95,321.1,1.1,13.1,0.12,17.0,10.0,32.75
0.0,14.0,21.0,38.59178535606821,84.0960219478738,73.69953051643192,23.5,0.1272119815668203,136.0293103448276,1.04,110.0,268.0,56.519,0.01,0.0,39.3,13.3,1.04,26.4,33.8,78.1,0.38,10.2,5.83,539.0,5.03,15.3,7.3,3.02,574.0,12.3,25471.0,1.11,13.2,0.12,11.0,10.0,26.6
0.0,47.0,47.0,42.3,120.0,73.69953051643192,18.785260770975057,0.09,97.0,0.74,47.0,265.0,88.959,0.02,0.01,40.3,13.0,1.52,28.4,32.3,88.0,0.27,11.5,3.1,208.0,4.58,14.2,4.9,3.59,441.0,169.1,406.34,1.22,14.5,0.12,15.0,10.0,43.4
0.0,27.0,38.0,36.5,84.0960219478738,73.69953051643192,18.785260770975057,0.09,102.0,0.74,33.0,216.0,94.102,0.02,0.11,34.8,11.8,1.25,27.8,33.9,81.9,0.38,10.2,2.88,262.0,4.25,13.2,4.6,61.3,1312.26,118.5,433.05,1.1,13.1,0.12,40.0,10.0,32.75
0.0,35.308825910931176,33.24291497975708,38.59178535606821,84.0960219478738,73.69953051643192,18.785260770975057,0.1272119815668203,136.0293103448276,1.09,104.25520833333331,252.93801652892563,49.083,0.03,0.15,34.2,11.7,1.28,26.7,34.2,77.9,0.5,8.5,4.77,188.0,4.39,12.7,6.7,29.8,554.0,130.2,357.19,1.04,12.5,0.12,38.0,10.0,29.5
0.0,73.0,38.0,48.6,84.0960219478738,73.69953051643192,13.8,0.16,93.0,1.06,121.0,257.0,82.73687055837563,0.01,0.0,38.3,13.2,0.42,28.6,34.5,83.1,0.3,10.7,4.88,188.0,4.61,12.6,5.6,17.6,441.0,167.2,321.1,1.1,13.1,17.0,59.0,10.0,32.75
0.0,11.0,16.0,38.59178535606821,80.0,73.69953051643192,18.785260770975057,0.1272119815668203,136.0293103448276,0.88,96.0,174.0,121.931,0.02,0.04,39.3,13.4,1.35,29.8,34.1,87.3,0.56,9.9,5.66,235.0,4.5,12.7,7.6,3.02,167.0,125.95,321.1,1.1,13.1,0.12,4.0,10.0,35.7
0.0,49.0,21.0,40.4,84.0960219478738,73.69953051643192,18.785260770975057,0.1,106.0,1.0,86.0,178.0,98.452,0.02,0.03,36.8,12.7,1.62,28.6,34.5,82.9,0.37,10.1,5.12,261.0,4.44,13.9,7.2,3.02,441.0,125.95,321.1,1.1,13.1,0.12,17.0,10.0,32.75
0.0,191.0,56.0,45.7,61.0,73.69953051643192,9.1,0.19,92.0,0.95,128.0,223.0,105.489,0.08,0.18,40.6,14.4,2.24,30.0,35.5,84.6,0.88,11.0,7.02,242.0,4.8,12.9,10.4,3.02,441.0,20.6,321.1,1.1,13.1,0.12,7.0,10.0,32.75
0.0,24.0,15.0,38.59178535606821,84.0960219478738,73.69953051643192,10.8,0.1272119815668203,136.0293103448276,1.1,89.0,182.0,89.605,0.04,0.11,34.1,10.4,1.45,27.7,30.5,90.9,0.37,9.9,1.97,145.0,3.75,13.9,3.9,3.02,441.0,37.0,289.24,1.1,13.1,0.12,17.0,10.0,32.75
0.0,38.0,22.0,38.59178535606821,59.0,73.69953051643192,18.785260770975057,0.1272119815668203,136.0293103448276,1.0,212.0,204.0,104.143,0.05,0.15,42.0,14.5,2.52,27.3,34.5,78.9,0.63,9.1,4.31,352.0,5.32,13.0,7.7,3.14,145.92,256.0,342.21,0.96,11.6,0.12,17.0,10.0,31.7
0.0,20.0,31.0,50.7,93.0,73.69953051643192,18.785260770975057,0.16,104.0,0.89,87.0,252.93801652892563,119.673,0.04,0.0,30.6,10.0,0.83,25.7,32.7,78.7,0.82,9.8,5.82,205.0,3.89,14.3,7.5,3.02,104.0,125.95,321.1,1.1,13.1,0.12,17.0,10.0,32.75
0.0,23.6,20.0,45.8,84.0960219478738,73.69953051643192,18.785260770975057,0.15,127.0,0.85,78.0,129.0,120.255,0.02,0.08,37.9,12.2,1.52,26.6,32.2,82.8,0.71,10.4,3.66,288.0,4.58,12.9,6.0,3.02,441.0,125.95,321.1,1.1,13.1,0.12,17.0,10.0,32.75
0.0,22.0,20.0,46.3,114.0,73.69953051643192,0.5,0.12,378.0,0.78,77.0,188.0,81.733,0.01,0.04,36.5,11.7,1.17,26.7,32.1,83.1,0.57,9.8,2.8,262.0,4.39,14.8,4.6,3.02,441.0,125.95,321.1,1.1,13.1,0.12,17.0,10.0,32.75
0.0,12.0,26.0,38.59178535606821,84.0960219478738,73.69953051643192,18.785260770975057,0.1272119815668203,89.0,1.48,104.25520833333331,252.93801652892563,64.377,0.05,0.06,47.5,15.8,2.32,28.7,33.3,86.2,0.39,11.5,4.25,293.0,5.51,12.0,7.1,3.78,270.05,139.4,321.1,1.1,13.1,0.12,17.0,10.0,32.75
0.0,24.0,20.0,38.59178535606821,151.0,73.69953051643192,18.785260770975057,0.1272119815668203,136.0293103448276,0.98,108.0,193.0,99.479,0.08,0.56,51.3,18.0,3.13,29.9,35.1,85.2,0.64,10.9,3.76,224.0,6.02,13.1,8.2,3.02,441.0,86.5,321.1,1.1,13.1,0.12,2.0,10.0,32.75
0.0,67.9,41.0,38.59178535606821,84.0960219478738,73.69953051643192,18.785260770975057,0.06,86.0,0.96,27.0,252.93801652892563,60.113,0.05,0.14,42.6,15.0,2.02,29.9,35.2,84.9,0.59,11.1,4.49,168.0,5.02,12.0,7.3,16.4,380.06,194.1,342.21,1.15,13.7,0.12,17.0,10.0,23.7
0.0,16.0,18.0,46.6,84.0,73.69953051643192,18.785260770975057,0.1272119815668203,80.0,0.95,104.25520833333331,252.93801652892563,112.373,0.04,0.1,43.2,14.8,1.56,28.7,34.3,83.7,0.4,10.4,2.33,171.0,5.16,12.3,4.4,27.8,441.0,125.95,321.1,1.1,13.1,0.12,11.0,10.0,32.75
0.0,97.0,43.0,38.59178535606821,84.0960219478738,73.69953051643192,18.785260770975057,0.1272119815668203,188.0,0.83,104.25520833333331,252.93801652892563,110.063,0.03,0.04,47.0,15.6,1.29,28.1,33.2,84.7,0.47,11.6,3.86,177.0,5.55,12.3,5.7,3.02,441.0,166.6,221.3,1.1,13.1,0.12,17.0,10.0,32.75
0.0,7.0,21.0,38.59178535606821,84.0960219478738,73.69953051643192,18.785260770975057,0.1272119815668203,78.0,1.09,104.25520833333331,150.0,94.5,0.03,0.1,48.8,16.9,1.96,30.3,34.6,87.6,0.42,9.7,3.29,180.0,5.57,12.3,5.8,6.76,441.0,125.95,321.1,1.1,13.1,0.12,17.0,10.0,32.75
0.0,74.0,28.0,38.59178535606821,143.0,73.69953051643192,18.785260770975057,0.1272119815668203,136.0293103448276,1.0,78.0,208.0,91.773,0.02,0.01,44.2,15.0,1.2,27.5,33.9,81.0,0.41,9.9,3.36,236.0,5.46,13.0,5.0,59.0,441.0,180.8,308.63,1.1,13.1,27.0,2.0,10.0,32.75
0.0,88.0,51.0,40.7,84.0960219478738,73.69953051643192,18.785260770975057,0.1272119815668203,133.0,0.92,150.0,252.93801652892563,95.288,0.05,0.18,49.6,16.9,2.06,28.7,34.1,84.4,0.83,9.7,4.92,216.0,5.88,12.9,8.0,5.23,441.0,68.9,257.78,1.1,13.1,14.0,2.0,10.0,32.75
0.0,35.308825910931176,33.24291497975708,38.59178535606821,84.0960219478738,73.69953051643192,18.785260770975057,0.1272119815668203,186.0,1.22,104.25520833333331,252.93801652892563,55.645,0.03,0.12,42.2,14.3,2.32,29.4,33.9,86.8,0.48,10.6,2.91,205.0,4.86,12.8,5.9,3.02,217.0,39.2,454.1,1.1,13.1,0.12,4.0,10.0,32.75
0.0,16.0,19.0,42.9,73.0,73.69953051643192,18.785260770975057,0.12,96.0,0.88,95.0,252.93801652892563,105.208,0.01,0.0,35.1,12.1,0.96,27.3,34.5,79.2,0.57,9.7,6.25,341.0,4.43,15.6,7.8,7.08,441.0,125.95,321.1,1.1,13.1,0.12,17.0,10.0,32.75
0.0,20.8,22.0,49.7,84.0960219478738,73.69953051643192,18.785260770975057,0.1272119815668203,91.0,1.14,104.25520833333331,173.0,82.276,0.04,0.02,50.2,17.5,1.38,29.8,34.9,85.4,1.02,9.9,11.83,208.0,5.88,12.0,14.3,3.02,441.0,125.95,321.1,1.1,13.1,0.12,4.0,10.0,32.75
0.0,35.0,35.0,39.6,64.0,73.69953051643192,18.785260770975057,0.21,92.0,1.47,103.0,274.0,52.944,0.03,0.08,42.8,15.0,0.49,29.6,35.0,84.6,0.79,11.0,5.45,186.0,5.06,12.2,6.8,25.2,637.11,700.6,441.55,1.11,13.2,0.12,74.0,10.0,36.0
0.0,49.0,37.0,34.7,65.0,106.0,22.4,0.07,136.0,0.81,117.0,284.0,103.631,0.03,0.14,47.5,17.0,3.14,31.0,35.8,86.5,0.68,10.7,5.01,165.0,5.49,12.2,9.0,19.2,441.0,125.95,321.1,1.1,13.1,0.12,17.0,10.0,32.75
0.0,56.0,36.0,44.0,93.0,73.69953051643192,18.785260770975057,0.21,76.0,1.03,176.0,252.93801652892563,94.996,0.03,0.22,45.5,16.3,2.72,27.4,35.8,76.5,0.63,9.2,1.93,239.0,5.95,12.4,5.5,21.9,441.0,220.8,321.1,1.1,13.1,0.12,105.0,10.0,32.75
0.0,24.0,42.0,36.1,60.0,123.0,25.7,0.54,373.0,2.68,889.0,252.93801652892563,23.877,0.02,0.04,44.9,15.7,1.97,31.8,35.0,90.9,0.52,9.5,1.28,271.0,4.94,11.5,3.8,22.2,259.32,61.4,321.1,1.1,13.1,0.12,17.0,10.0,32.75
0.0,16.0,23.0,38.59178535606821,84.0960219478738,73.69953051643192,18.785260770975057,0.1272119815668203,140.0,1.27,104.25520833333331,252.0,60.576,0.07,0.0,39.7,13.7,1.54,29.6,34.5,85.7,0.93,12.3,17.82,310.0,4.63,12.4,20.4,7.42,441.0,312.3,357.19,1.1,13.1,0.14,8.0,10.0,32.75
0.0,20.0,20.0,43.17,56.0,43.0,21.2,0.13,148.0,1.19,81.0,252.93801652892563,62.829,0.03,0.0,52.5,17.9,1.02,29.5,34.1,86.5,0.78,10.2,12.66,447.0,6.07,13.7,14.5,30.0,11800.0,514.0,350.0,1.1,13.1,0.12,17.0,10.0,32.75
0.0,52.0,12.0,39.4,102.0,63.0,0.0,0.05,285.0,0.75,10.0,188.0,104.331,0.01,0.03,38.9,13.3,1.11,25.4,34.2,74.2,0.3,9.8,2.21,126.0,5.24,13.8,3.7,28.9,441.0,513.0,334.82,1.11,13.2,0.12,17.0,10.0,31.6
0.0,20.6,35.0,38.59178535606821,84.0960219478738,73.69953051643192,18.785260770975057,0.11,105.0,0.9,87.0,252.93801652892563,95.814,0.01,0.07,33.6,11.5,0.92,27.8,34.2,81.2,0.22,9.6,3.77,199.0,4.14,13.0,5.0,3.14,177.96,125.95,281.31,1.07,12.8,0.12,2.0,10.0,31.2
0.0,18.0,19.0,39.59,66.0,51.0,30.0,0.1272119815668203,103.0,1.04,106.0,179.0,82.73687055837563,0.02,0.03,38.0,13.1,0.36,26.6,34.5,77.1,0.6,9.1,3.57,164.0,4.93,12.8,4.6,155.0,441.0,125.95,321.1,1.27,15.0,0.12,13.0,10.0,28.7
0.0,40.0,110.0,24.2,43.0,73.69953051643192,18.785260770975057,0.63,148.0,0.97,104.25520833333331,252.93801652892563,97.244,0.02,0.04,44.5,15.4,2.42,29.6,34.6,85.6,0.62,10.2,3.45,172.0,5.2,12.6,6.6,3.02,441.0,125.95,321.1,1.1,13.1,0.12,2.0,10.0,32.75
0.0,27.0,28.0,43.7,123.0,73.69953051643192,18.785260770975057,0.13,89.0,0.9,147.0,252.93801652892563,111.826,0.02,0.09,37.8,13.2,1.04,29.1,34.9,83.3,0.69,11.5,2.57,171.0,4.54,11.9,4.4,4.17,441.0,125.95,321.1,1.1,13.1,0.12,17.0,10.0,32.75
0.0,57.0,49.0,49.79,113.0,42.0,0.0,0.22,121.0,1.18,349.0,252.93801652892563,80.597,0.03,1.18,38.3,13.0,1.38,29.4,33.9,86.7,0.62,9.4,5.18,231.0,4.42,12.4,8.4,9.59,441.0,338.0,321.1,1.1,13.1,0.12,29.0,11.0,32.75
0.0,58.0,71.0,38.59178535606821,84.0960219478738,73.69953051643192,14.1,0.1,100.0,0.65,23.0,238.0,112.646,0.03,0.07,46.7,16.5,1.38,30.2,35.3,85.4,0.81,9.7,2.76,221.0,5.47,12.2,5.1,46.8,441.0,125.5,342.21,1.1,13.1,0.12,51.0,10.0,32.75
0.0,22.2,21.0,38.59178535606821,84.0960219478738,73.69953051643192,18.785260770975057,0.09,88.0,1.01,105.0,252.93801652892563,97.96,0.02,0.06,34.1,11.6,0.57,28.4,34.0,83.4,0.69,10.6,19.31,202.0,4.09,13.6,20.7,56.7,1210.0,232.4,321.1,1.1,13.1,0.12,53.0,10.0,32.75
0.0,35.308825910931176,33.24291497975708,38.59178535606821,84.0960219478738,73.69953051643192,18.785260770975057,0.1272119815668203,136.0293103448276,1.46,104.25520833333331,252.93801652892563,43.544,0.03,0.05,44.9,14.9,2.27,32.2,33.2,97.0,0.79,9.2,7.9,375.0,4.63,13.3,11.0,3.02,417.0,125.95,321.1,1.1,13.1,0.12,17.0,10.0,32.75
0.0,39.0,36.0,34.7,62.0,73.69953051643192,18.785260770975057,0.25,86.0,1.14,104.25520833333331,252.93801652892563,50.227,0.01,0.01,45.2,16.2,1.87,29.3,35.8,81.7,0.64,10.2,2.81,171.0,5.53,12.9,5.3,3.02,680.0,96.2,257.78,1.22,14.5,0.12,17.0,10.0,33.6
0.0,10.0,30.0,50.43,69.0,34.0,50.5,0.09,97.0,0.79,130.0,252.93801652892563,106.595,0.12,0.0,39.6,13.2,1.88,25.7,33.3,77.0,1.17,9.7,16.72,576.0,5.14,13.5,19.9,4.7,9550.82,644.4,321.1,1.14,13.6,0.12,11.0,10.0,28.0
0.0,97.0,44.0,37.0,148.0,73.69953051643192,16.4,0.2,89.0,0.83,33.0,361.0,87.255,0.02,0.09,39.1,13.7,1.87,29.2,35.0,83.4,0.8,9.3,4.08,520.0,4.69,13.1,6.9,3.14,122.46,342.8,321.1,1.1,13.1,0.12,17.0,10.0,32.75
0.0,23.0,24.0,39.6,84.0960219478738,73.69953051643192,18.785260770975057,0.1272119815668203,76.0,0.67,104.25520833333331,220.0,99.273,0.02,0.07,42.7,15.0,1.97,28.2,35.1,80.4,0.62,9.2,2.69,151.0,5.31,12.9,5.4,23.4,441.0,125.95,311.64,0.96,11.5,0.12,3.0,10.0,23.1
0.0,11.0,22.0,44.6,93.0,95.0,22.8,0.15,112.0,0.79,84.0,266.0,129.263,0.01,0.0,25.4,9.1,0.59,29.0,35.8,80.9,0.5,9.4,7.14,95.0,3.14,13.2,8.2,8.07,441.0,90.4,321.1,1.1,13.1,0.12,8.0,10.0,32.75
0.0,20.0,22.0,42.54,86.0,47.0,13.7,0.1272119815668203,92.0,0.48,44.0,172.0,135.816,0.02,0.18,47.6,15.9,2.41,29.4,33.4,88.1,0.49,10.1,3.11,223.0,5.4,12.5,6.2,3.02,441.0,175.3,321.1,1.1,13.1,0.12,16.0,10.0,32.75
0.0,37.0,24.0,38.59178535606821,55.0,73.69953051643192,18.785260770975057,0.1272119815668203,136.0293103448276,0.75,82.0,158.0,113.506,0.01,0.01,49.7,17.8,1.01,29.3,35.8,81.9,0.49,8.9,9.37,214.0,6.07,12.1,10.9,79.4,441.0,0.0,364.89,1.1,13.1,16.0,17.0,10.0,32.75
0.0,16.0,16.0,42.6,60.0,73.69953051643192,18.785260770975057,0.1272119815668203,89.0,0.85,104.25520833333331,252.93801652892563,83.011,0.02,0.01,39.9,14.3,0.77,28.3,35.8,79.0,0.24,10.2,3.39,169.0,5.05,12.6,4.4,3.02,173.0,204.7,281.31,1.1,13.1,0.12,2.0,10.0,32.75
0.0,35.308825910931176,33.24291497975708,38.59178535606821,84.0960219478738,73.69953051643192,18.785260770975057,0.1272119815668203,488.0,0.89,104.25520833333331,252.93801652892563,63.156,0.01,0.16,38.6,13.3,0.85,27.9,34.5,81.1,0.34,11.3,1.82,141.0,4.76,13.0,3.2,6.76,441.0,263.4,321.1,1.1,13.1,0.12,17.0,10.0,32.75
0.0,37.0,36.0,38.59178535606821,84.0960219478738,73.69953051643192,18.785260770975057,0.1272119815668203,111.0,0.46,104.25520833333331,252.93801652892563,132.047,0.02,0.16,36.2,12.7,1.33,30.8,35.1,87.7,0.68,10.8,4.59,330.0,4.13,12.7,6.8,3.02,192.0,125.95,321.1,1.1,13.1,0.12,17.0,10.0,32.75
0.0,26.0,22.0,39.7,84.0960219478738,73.69953051643192,18.785260770975057,0.1272119815668203,114.0,0.89,64.0,252.93801652892563,90.366,0.06,0.12,48.6,16.4,2.17,29.1,33.7,86.2,0.52,10.4,4.09,220.0,5.64,13.2,7.0,10.0,441.0,30.9,327.79,1.1,13.1,0.12,4.0,10.0,32.75
0.0,15.0,12.0,46.1,71.0,73.69953051643192,4.6,0.07,101.0,0.82,76.0,184.0,91.708,0.0,0.0,34.9,11.9,0.54,30.2,34.1,88.6,0.18,11.0,2.2,91.0,3.94,12.9,2.9,3.02,441.0,59.0,287.8,1.1,13.1,0.12,38.0,10.0,32.75
0.0,20.0,31.0,46.2,84.0960219478738,73.69953051643192,18.785260770975057,0.1272119815668203,93.0,0.83,104.25520833333331,415.0,93.605,0.26,0.0,36.2,12.0,0.53,27.0,33.1,81.3,1.56,10.389577103801797,29.0,110.0,4.45,16.8,31.4,6.44,441.0,76.6,321.1,1.37,16.1,0.12,16.0,10.0,39.0
0.0,0.0,21.0,45.8,59.0,73.69953051643192,11.0,0.15,114.0,0.68,130.0,248.0,120.264,0.0,0.05,38.5,12.5,1.29,27.7,32.5,85.4,0.69,11.0,2.91,165.0,4.51,13.2,4.9,3.02,441.0,125.95,321.1,1.1,13.1,0.12,17.0,10.0,32.75
0.0,60.0,39.0,42.7,84.0960219478738,73.69953051643192,18.785260770975057,0.1272119815668203,128.0,1.21,104.25520833333331,216.0,57.699,0.06,0.12,45.0,13.8,2.84,23.5,30.7,76.7,0.54,9.0,4.25,330.0,5.87,14.6,7.8,3.02,441.0,125.95,321.1,1.1,13.1,0.12,17.0,10.0,32.75
0.0,18.0,25.0,48.5,61.0,73.69953051643192,11.5,0.11,94.0,0.93,102.0,233.0,75.511,0.01,0.02,38.2,13.3,0.91,27.6,34.8,79.3,0.21,9.6,1.95,159.0,4.82,12.6,3.1,6.9,441.0,7.9,321.1,1.1,13.1,0.12,68.0,10.0,32.75
0.0,91.0,50.0,32.4,87.0,73.69953051643192,18.785260770975057,0.14,130.0,0.87,236.0,430.0,88.679,0.03,0.72,48.0,15.6,1.38,26.3,32.5,80.8,0.53,10.3,3.91,398.0,5.94,12.5,6.6,69.7,441.0,125.95,321.1,1.1,13.1,0.12,17.0,10.0,32.75
0.0,9.9,19.0,38.59178535606821,84.0960219478738,73.69953051643192,18.785260770975057,0.11,90.0,0.84,64.0,252.93801652892563,86.001,0.01,0.15,38.8,12.8,1.37,25.4,33.0,77.0,0.38,9.0,2.01,195.0,5.04,13.43869602032176,3.9,3.02,388.0,8.1,486.28,1.1,13.1,0.12,32.0,10.0,32.75
0.0,23.0,24.0,45.4,84.0960219478738,73.69953051643192,18.3,0.08,83.0,0.84,191.0,248.0,82.73687055837563,0.04,0.09,42.0,14.2,1.24,28.7,33.8,84.8,0.49,10.9,3.68,261.0,4.95,12.7,5.5,21.3,441.0,125.95,321.1,1.1,13.1,0.12,17.0,10.0,32.75
0.0,16.0,28.0,40.88,77.0,60.0,13.2,0.06,100.0,0.89,76.0,164.0,81.902,0.01,0.0,34.5,11.7,0.95,27.2,33.9,80.2,0.52,8.7,3.43,262.0,4.3,13.6,4.9,3.02,441.0,125.95,321.1,2.88,32.6,0.12,17.0,10.0,34.7
0.0,35.0,36.0,34.3,65.0,73.69953051643192,18.785260770975057,0.15,150.0,1.0,114.0,252.93801652892563,79.186,0.01,0.07,39.0,13.5,2.2,26.5,34.6,76.6,0.37,10.6,1.91,176.0,5.09,14.7,4.6,3.14,137.39,14.9,338.47,0.99,11.9,0.12,17.0,10.0,24.6
0.0,14.0,20.0,43.4,84.0960219478738,73.69953051643192,18.785260770975057,0.1272119815668203,109.0,0.58,66.0,252.93801652892563,133.112,0.01,0.0,31.6,10.6,1.02,26.5,33.5,79.0,0.54,12.1,7.1,184.0,4.0,14.6,8.7,5.54,441.0,13.3,314.72,1.1,13.1,0.12,2.0,10.0,32.75
0.0,35.308825910931176,33.24291497975708,38.59178535606821,84.0960219478738,73.69953051643192,18.785260770975057,0.1272119815668203,136.0293103448276,1.28,104.25520833333331,252.93801652892563,41.569,0.03,0.03,38.1,12.7,2.6,28.7,33.3,86.2,0.83,11.1,3.71,307.0,4.42,13.9,7.2,3.14,128.86,37.4,324.41,1.04,12.4,0.12,17.0,10.0,29.5
0.0,6.0,12.0,33.3,84.0960219478738,73.69953051643192,18.785260770975057,0.1272119815668203,179.0,2.16,104.25520833333331,252.93801652892563,82.73687055837563,0.02,0.09,38.3,13.1,1.95,26.8,34.2,78.3,0.37,11.9,2.54,44.0,4.89,12.8,5.0,3.02,537.27,32.5,486.29,1.1,13.1,0.12,19.0,10.0,32.75
0.0,35.308825910931176,33.24291497975708,38.59178535606821,84.0960219478738,73.69953051643192,18.785260770975057,0.1272119815668203,136.0293103448276,1.15,104.25520833333331,252.93801652892563,50.05,0.02,0.04,39.2,13.1,2.75,28.7,33.4,86.0,0.58,9.3,6.55,416.0,4.56,13.8,9.9,3.02,441.0,125.95,321.1,1.1,13.1,0.12,17.0,10.0,32.75
0.0,125.0,44.0,38.59178535606821,84.0960219478738,73.69953051643192,18.785260770975057,0.1272119815668203,150.0,0.62,104.25520833333331,252.93801652892563,82.73687055837563,0.04,0.05,45.0,15.1,1.96,28.9,33.6,86.0,0.67,12.0,10.16,263.0,5.23,12.0,12.9,3.02,441.0,8.5,321.1,1.1,13.1,0.12,17.0,10.0,32.75
0.0,19.0,29.0,35.1,84.0960219478738,73.69953051643192,18.785260770975057,0.08,111.0,0.73,63.0,282.0,91.072,0.04,0.11,38.3,12.9,2.38,26.8,33.7,79.5,0.5,9.3,4.72,278.0,4.82,13.4,7.8,3.14,231.44,34.0,308.63,0.99,11.9,0.12,17.0,10.0,33.6
0.0,11.2,18.0,43.5,42.0,73.69953051643192,18.785260770975057,0.25,112.0,0.91,79.0,252.93801652892563,79.731,0.03,0.19,41.2,13.9,1.91,26.2,33.7,77.6,0.4,10.7,3.64,385.0,5.31,13.4,6.2,26.8,1549.22,766.9,354.74,1.1,13.1,0.12,17.0,10.0,32.75
0.0,18.0,35.0,44.78,107.0,73.69953051643192,33.2,0.12,126.0,0.74,67.0,252.93801652892563,87.718,0.01,0.01,37.3,13.3,0.68,31.4,35.7,88.2,0.64,11.1,2.85,211.0,4.23,12.5,4.2,3.02,441.0,72.7,188.11,1.1,13.1,0.12,4.0,10.0,32.75
0.0,30.0,50.0,41.8,72.0,73.69953051643192,18.785260770975057,0.11,109.0,0.76,30.0,259.0,86.744,0.07,0.13,45.1,15.5,1.46,29.1,34.4,84.8,0.83,9.7,6.9,404.0,5.32,13.2,9.4,3.02,348.0,3.1,267.4,1.1,13.1,0.12,4.0,10.0,32.75
0.0,16.0,23.0,35.2,93.0,73.69953051643192,20.4,0.09,90.0,1.5,434.0,253.0,43.959,0.16,0.01,43.8,15.4,2.73,28.5,35.2,81.1,1.2,9.5,15.07,476.0,5.4,12.9,19.2,3.02,748.0,125.95,321.1,1.1,13.1,0.12,17.0,10.0,35.0
0.0,41.0,20.0,29.9,84.0960219478738,73.69953051643192,18.785260770975057,0.13,314.0,0.93,41.0,244.0,81.724,0.05,0.06,44.5,16.2,3.31,28.7,36.4,78.8,0.61,9.3,8.17,308.0,5.65,12.4,12.2,3.02,462.0,125.95,321.1,1.1,13.1,0.12,17.0,10.0,32.75
0.0,35.308825910931176,33.24291497975708,38.59178535606821,84.0960219478738,73.69953051643192,18.785260770975057,0.1272119815668203,136.0293103448276,2.58,104.25520833333331,252.93801652892563,22.819,0.05,0.06,37.0,11.7,2.51,26.8,31.6,84.7,0.54,12.0,6.49,290.0,4.37,13.7,9.7,41.5,927.84,645.6,321.1,1.1,13.1,0.12,17.0,10.0,32.75
0.0,17.7,17.0,38.59178535606821,84.0960219478738,73.69953051643192,18.785260770975057,0.16,131.0,0.71,88.0,252.93801652892563,101.037,0.03,0.03,43.3,14.0,2.59,28.1,32.3,86.8,0.4,9.7,2.17,225.0,4.99,13.6,5.2,3.43,441.0,30.8,389.24,1.1,13.1,0.12,12.0,10.0,32.75
0.0,20.0,19.0,40.2,86.0,73.69953051643192,18.785260770975057,0.1272119815668203,93.0,0.89,104.25520833333331,252.93801652892563,70.174,0.0,0.02,34.6,11.2,1.87,26.4,32.4,81.6,0.39,9.5,1.14,273.0,4.24,14.1,3.4,9.48,441.0,125.95,321.1,1.1,13.1,0.12,17.0,10.0,32.75
0.0,23.0,15.0,36.0,74.0,79.0,12.0,0.1,575.0,0.84,38.0,209.0,73.686,0.02,0.0,43.8,14.8,0.77,27.9,33.8,82.6,0.64,9.6,7.3,286.0,5.3,12.9,8.7,9.79,441.0,125.95,321.1,1.1,13.1,0.12,17.0,10.0,32.75
0.0,73.0,81.0,38.59178535606821,68.0,73.69953051643192,18.785260770975057,0.1272119815668203,136.0293103448276,0.85,146.0,268.0,76.3,0.01,0.0,38.1,13.6,1.13,31.0,35.7,86.8,0.52,11.2,6.54,239.0,4.39,11.9,8.2,10.1,441.0,87.5,321.1,1.1,13.1,0.12,17.0,10.0,32.75
0.0,13.0,20.0,28.3,84.0960219478738,73.69953051643192,18.785260770975057,0.1272119815668203,136.0293103448276,0.59,104.25520833333331,252.93801652892563,93.623,0.06,0.11,38.9,13.1,2.29,28.7,33.7,85.3,0.83,10.0,5.63,256.0,4.56,12.3,8.9,16.0,441.0,816.7,460.0,1.1,13.1,0.0,52.0,10.0,32.75
0.0,42.0,33.0,45.0,37.0,73.69953051643192,18.785260770975057,0.09,124.0,0.81,168.0,252.93801652892563,115.146,0.03,0.09,35.5,11.3,2.54,25.3,31.8,79.6,0.39,10.5,2.12,269.0,4.46,14.1,5.2,4.34,441.0,125.95,321.1,1.1,13.1,0.12,17.0,10.0,32.75
0.0,8.5,26.0,24.9,126.0,43.0,12.4,0.11,93.0,0.68,29.0,229.0,85.869,0.01,0.0,29.8,8.9,0.39,27.2,29.9,91.1,0.26,10.6,6.2,154.0,3.27,15.9,6.9,3.02,441.0,35.0,286.39,1.1,13.1,0.0,15.0,10.0,32.75
0.0,78.0,29.0,33.0,85.0,73.69953051643192,12.4,0.14,182.0,0.9,85.0,264.0,99.239,0.01,0.01,27.8,10.2,0.75,31.4,36.7,85.5,0.11,10.5,1.84,145.0,3.25,12.0,2.7,12.9,358.4,257.6,289.24,1.1,13.1,0.12,36.0,10.0,32.75
0.0,47.0,36.0,38.59178535606821,98.0,73.69953051643192,18.785260770975057,0.1272119815668203,136.0293103448276,1.07,34.0,239.0,83.385,0.04,0.01,42.2,14.4,2.04,28.6,34.1,83.7,0.74,8.8,10.61,670.0,5.04,12.7,13.4,3.02,441.0,189.2,191.31,1.1,13.1,0.12,2.0,10.0,27.6
0.0,29.0,24.0,48.7,84.0960219478738,73.69953051643192,18.785260770975057,0.1272119815668203,132.0,0.93,104.25520833333331,280.0,100.895,0.04,0.12,36.1,12.2,2.37,29.6,33.8,87.6,0.44,11.6,3.47,225.0,4.12,13.0,6.4,3.02,441.0,4.8,270.76,1.2,14.2,0.12,12.0,10.0,29.2
0.0,23.0,31.0,39.9,76.0,73.69953051643192,18.785260770975057,0.08,111.0,0.96,136.0,252.93801652892563,93.745,0.0,0.02,34.0,11.4,1.34,29.5,33.5,87.9,0.24,10.4,2.24,160.0,3.87,12.6,3.8,11.1,441.0,125.95,321.1,1.1,13.1,0.12,17.0,10.0,32.75
0.0,22.3,21.0,38.59178535606821,84.0960219478738,73.69953051643192,18.785260770975057,0.12,111.0,0.97,176.0,252.93801652892563,86.298,0.02,0.0,39.4,12.8,1.12,25.5,32.5,78.5,0.21,10.5,6.03,430.0,5.02,14.7,7.4,4.62,441.0,125.95,321.1,1.1,13.1,0.12,17.0,10.0,32.75
0.0,46.0,44.0,43.1,91.0,73.69953051643192,18.785260770975057,0.08,109.0,0.88,112.0,335.0,106.696,0.02,0.01,40.8,12.5,1.89,24.2,30.6,78.9,0.38,10.6,3.88,327.0,5.17,15.3,6.2,86.7,975.0,111.6,385.27,1.02,12.2,0.12,17.0,10.0,28.6
0.0,24.1,23.0,38.59178535606821,84.0960219478738,73.69953051643192,18.785260770975057,0.11,88.0,0.89,85.0,252.93801652892563,117.177,0.01,0.01,44.3,15.6,1.44,29.5,35.2,83.7,0.65,9.7,3.71,200.0,5.29,11.9,5.8,14.9,441.0,951.5,331.26,1.1,13.1,18.0,40.0,10.0,32.75
0.0,18.0,20.0,47.7,60.0,73.69953051643192,18.785260770975057,0.1272119815668203,96.0,0.87,104.25520833333331,252.93801652892563,117.449,0.03,0.02,38.1,12.6,1.66,26.0,33.1,78.7,0.48,11.0,4.47,196.0,4.84,14.9,6.7,3.02,560.0,4.1,245.9,1.1,13.1,0.12,10.0,10.0,32.75
0.0,29.8,29.0,38.59178535606821,84.0960219478738,73.69953051643192,18.785260770975057,0.12,117.0,1.03,108.0,252.93801652892563,101.195,0.01,0.01,39.1,13.2,1.03,30.1,33.8,89.1,0.34,10.2,3.36,124.0,4.39,12.3,4.8,3.02,321.0,97.1,295.23,1.1,13.1,0.12,10.0,10.0,32.75
0.0,25.5,22.0,38.59178535606821,84.0960219478738,73.69953051643192,18.785260770975057,0.08,106.0,0.98,105.0,252.93801652892563,94.705,0.06,0.38,33.5,10.2,1.13,28.6,30.4,93.8,1.22,10.8,8.1,282.0,3.57,14.9,10.9,83.0,441.0,189.9,417.31,1.1,13.1,0.12,17.0,10.0,32.75
0.0,63.0,13.0,35.1,33.0,73.69953051643192,21.0,0.1272119815668203,149.0,1.1425579536370902,84.0,319.0,82.73687055837563,0.02,0.0,41.4,13.6,0.64,28.5,32.9,86.6,0.66,11.0,8.98,206.0,4.78,13.4,10.3,5.57,441.0,125.95,321.1,1.1,13.1,14.0,17.0,10.0,32.75
0.0,54.0,23.0,45.0,49.0,73.69953051643192,18.785260770975057,0.1272119815668203,80.0,0.94,104.25520833333331,252.93801652892563,111.447,0.02,0.0,35.7,12.5,0.46,29.7,35.0,84.8,0.33,10.8,7.5,194.0,4.21,13.4,8.3,16.2,566.14,159.7,321.1,1.1,13.1,0.12,17.0,10.0,32.75
0.0,11.0,27.0,38.59178535606821,84.0960219478738,73.69953051643192,21.7,0.1272119815668203,136.0293103448276,2.04,34.0,339.0,22.845,0.03,0.07,29.1,8.6,0.98,20.6,29.6,69.8,0.83,10.0,2.52,289.0,4.17,18.7,4.4,101.0,441.0,518.4,327.79,1.07,12.8,20.0,17.0,15.0,54.0
0.0,29.0,33.0,32.0,59.0,73.69953051643192,18.785260770975057,0.14,190.0,2.16,104.25520833333331,252.93801652892563,19.873,0.02,0.06,43.0,14.5,1.34,30.6,33.7,90.7,0.37,12.3,1.99,147.0,4.74,13.7,3.8,80.1,441.0,125.95,321.1,1.1,13.1,15.0,17.0,10.0,32.75
0.0,30.0,46.0,33.17,84.0960219478738,73.69953051643192,18.785260770975057,0.1272119815668203,196.0,0.59,104.25520833333331,252.93801652892563,21.073,0.01,0.0,35.6,11.8,0.71,26.0,33.1,78.4,0.13,10.0,2.96,272.0,4.54,15.2,3.8,3.02,265.04,102.3,318.61,1.1,13.1,0.12,8.0,10.0,32.75
0.0,45.0,46.0,36.9,84.0960219478738,73.69953051643192,15.2,0.09,133.0,0.94,41.0,285.0,82.73687055837563,0.05,0.05,41.1,13.1,1.17,28.3,31.9,88.8,0.8,10.5,4.81,229.0,4.63,14.0,6.9,3.14,270.05,102.0,321.1,1.1,13.1,0.12,17.0,10.0,32.75
0.0,19.8,23.0,33.7,78.0,73.69953051643192,18.785260770975057,0.09,82.0,0.79,130.0,252.93801652892563,88.801,0.05,0.24,43.8,15.3,2.45,28.4,34.9,81.4,0.61,10.6,4.98,233.0,5.38,13.1,8.3,3.02,359.0,128.1,302.81,1.1,13.1,0.12,3.0,10.0,32.75
0.0,28.0,20.0,38.59178535606821,84.0960219478738,73.69953051643192,18.785260770975057,0.1272119815668203,342.0,1.03,104.25520833333331,252.93801652892563,82.73687055837563,0.01,0.01,38.1,11.9,0.73,20.4,31.2,65.2,0.32,10.9,3.43,192.0,5.84,18.5,4.5,21.2,441.0,443.9,501.36,1.1,13.1,0.12,35.0,10.0,32.75
0.0,15.0,24.0,43.5,59.0,73.69953051643192,13.5,0.09,104.0,0.76,65.0,195.0,104.86,0.02,0.0,43.6,15.4,1.3,29.2,35.3,82.7,0.55,10.8,6.11,195.0,5.27,12.3,8.0,3.02,125.0,107.8,237.64,1.1,13.1,0.12,4.0,10.0,32.75
0.0,30.0,40.0,38.0,84.0960219478738,73.69953051643192,18.785260770975057,0.01,98.0,0.84,83.0,228.0,87.217,0.05,0.06,45.3,14.8,1.92,29.5,32.7,90.4,0.47,11.3,5.51,166.0,5.01,13.1,8.0,5.38,192.0,154.1,311.64,1.1,13.1,0.12,28.0,10.0,32.75
0.0,74.0,64.0,31.8,84.0960219478738,73.69953051643192,18.785260770975057,0.13,95.0,0.74,39.0,309.0,91.494,0.01,0.09,42.5,14.4,1.7,26.9,33.9,79.4,0.43,10.5,1.96,211.0,5.35,12.3,4.2,3.02,195.0,96.1,217.07,1.1,13.1,0.12,2.0,10.0,32.75
0.0,40.0,33.0,39.5,47.0,73.69953051643192,14.8,0.1,100.0,0.64,44.0,198.0,104.383,0.05,0.06,46.0,16.0,1.61,29.7,34.8,85.5,0.56,10.7,5.0,251.0,5.38,12.5,7.3,3.02,205.0,96.2,248.77,1.1,13.1,0.12,3.0,10.0,32.75
0.0,36.0,25.0,30.9,27.0,73.69953051643192,55.0,0.1272119815668203,202.0,1.1425579536370902,65.0,471.0,82.73687055837563,0.01,0.14,41.9,14.7,1.9,31.2,35.1,89.0,0.4,9.4,2.62,225.0,4.71,12.5,5.1,3.02,441.0,1365.0,237.68,1.01,12.1,0.12,4.0,10.0,17.8
0.0,18.0,21.0,38.59178535606821,84.0960219478738,73.69953051643192,18.785260770975057,0.24,95.0,1.1425579536370902,55.0,252.93801652892563,125.674,0.02,0.04,44.7,16.0,2.48,29.9,35.8,83.6,0.67,11.3,4.56,243.0,5.35,12.5,7.8,3.02,441.0,100.3,285.0,1.1,13.1,0.12,5.0,10.0,32.75
0.0,31.0,35.0,38.59178535606821,84.0960219478738,73.69953051643192,18.785260770975057,0.14,111.0,0.88,52.0,252.93801652892563,75.782,0.01,0.17,39.8,14.2,2.06,31.2,35.7,87.5,0.39,10.5,3.14,233.0,4.55,11.1,5.8,39.1,1170.0,45.4,379.07,1.07,12.8,17.0,75.0,10.0,28.3
0.0,35.308825910931176,33.24291497975708,41.6,53.0,130.0,18.7,0.14,101.0,0.93,71.0,252.93801652892563,65.154,0.03,0.13,46.5,16.9,1.75,31.3,36.3,86.1,0.48,9.4,2.63,208.0,5.4,11.4,5.0,125.0,3500.75,335.7,376.08,1.13,13.5,30.0,75.0,53.0,27.3
0.0,35.308825910931176,33.24291497975708,38.59178535606821,84.0960219478738,73.69953051643192,18.785260770975057,0.1272119815668203,136.0293103448276,0.7,104.25520833333331,252.93801652892563,80.38,0.06,0.15,45.7,15.9,3.75,31.6,34.8,90.9,0.61,10.1,5.51,250.0,5.03,12.1,10.1,8.54,441.0,965.8,149.37,0.96,11.5,0.12,17.0,10.0,32.8
0.0,52.0,45.0,40.8,132.0,73.69953051643192,18.785260770975057,0.17,195.0,1.03,70.0,237.0,52.192,0.05,0.0,39.9,13.4,1.21,30.4,33.6,90.5,1.14,8.1,17.51,471.0,4.41,13.9,19.9,3.66,441.0,125.95,321.1,1.1,13.1,0.12,17.0,10.0,32.75
0.0,16.0,14.0,29.6,84.0960219478738,73.69953051643192,18.785260770975057,0.11,372.0,0.69,27.0,244.0,70.671,0.09,0.19,45.9,15.9,3.28,30.6,34.6,88.3,0.83,10.7,5.69,339.0,5.2,12.2,10.1,3.02,441.0,140.4,321.1,1.1,13.1,0.12,17.0,10.0,32.75
0.0,31.0,22.0,33.0,75.0,73.69953051643192,19.2,0.07,151.0,0.93,54.0,340.0,61.594,0.02,0.21,30.0,9.0,1.78,25.5,30.0,85.0,1.02,10.8,6.54,332.0,3.53,14.1,9.6,14.6,441.0,18.7,321.1,1.1,13.1,0.12,37.0,10.0,32.75
0.0,16.0,23.0,49.46,70.0,83.0,17.4,0.08,114.0,0.77,77.0,252.93801652892563,90.319,0.02,0.0,38.1,11.9,0.86,28.0,31.2,89.6,0.96,12.1,13.08,254.0,4.25,13.6,14.9,3.02,441.0,125.95,321.1,1.1,13.1,0.12,17.0,10.0,32.75
0.0,22.0,25.0,35.2,54.0,73.69953051643192,18.785260770975057,0.03,368.0,1.01,61.0,424.0,56.534,0.01,0.01,36.3,12.6,0.67,27.6,34.7,79.6,0.46,10.3,5.02,289.0,4.56,13.0,6.2,3.14,750.62,114.9,321.1,1.1,13.1,0.12,21.0,10.0,32.75
0.0,13.8,12.0,37.4,85.0,73.69953051643192,18.785260770975057,0.1,173.0,0.74,21.0,191.0,84.098,0.01,0.03,39.4,12.4,2.21,22.6,31.5,71.8,0.51,9.5,3.04,405.0,5.49,15.2,5.8,3.14,506.59,12.1,305.69,0.97,11.7,0.12,17.0,10.0,27.0
0.0,14.8,49.0,38.59178535606821,84.0960219478738,73.69953051643192,35.6,0.19,148.0,1.37,220.0,252.93801652892563,37.229,0.01,0.0,34.8,12.1,0.54,29.0,34.8,83.5,0.13,9.7,2.59,226.0,4.17,12.3,3.3,27.2,441.0,256.5,321.1,1.1,13.1,0.12,31.0,10.0,32.75
0.0,15.0,20.0,38.59178535606821,84.0960219478738,73.69953051643192,18.785260770975057,0.1272119815668203,98.0,0.71,104.25520833333331,199.0,119.591,0.02,0.12,32.4,9.7,1.2,21.0,29.9,70.3,0.31,11.2,2.47,181.0,4.61,17.4,4.1,3.02,367.0,125.95,298.38,1.03,12.3,0.12,17.0,10.0,27.9
0.0,19.0,21.0,46.7,91.0,73.69953051643192,18.785260770975057,0.1272119815668203,113.0,0.98,104.25520833333331,252.93801652892563,62.022,0.04,0.01,37.4,13.1,1.36,29.6,35.0,84.6,0.56,9.9,13.69,168.0,4.42,13.0,15.7,3.94,441.0,1049.2,285.0,1.39,16.4,0.12,4.0,10.0,32.8
0.0,26.0,14.0,37.4,75.0,73.69953051643192,18.785260770975057,0.16,369.0,2.17,104.25520833333331,252.93801652892563,21.501,0.01,0.0,39.3,12.8,1.52,25.2,32.6,77.4,0.61,11.3,2.24,176.0,5.08,13.8,4.4,14.9,441.0,125.95,321.1,1.1,13.1,13.0,17.0,10.0,32.75
0.0,68.0,30.0,38.59178535606821,84.0960219478738,73.69953051643192,18.785260770975057,0.1272119815668203,101.0,0.92,104.25520833333331,252.93801652892563,82.73687055837563,0.01,0.01,36.3,11.8,1.3,25.4,32.5,78.1,0.24,9.0,2.71,229.0,4.65,13.5,4.3,3.02,1230.0,15.8,423.16,1.1,13.1,0.12,16.0,10.0,32.75
0.0,101.0,51.0,38.1,46.0,73.69953051643192,18.785260770975057,0.06,281.0,1.24,38.0,320.0,47.659,0.01,0.01,43.1,15.2,1.06,30.0,35.3,85.0,0.26,11.4,2.52,167.0,5.07,16.5,3.9,34.3,663.0,399.6,321.1,1.1,13.1,0.12,18.0,10.0,32.75
0.0,44.0,43.0,34.2,51.0,73.69953051643192,13.0,0.15,102.0,0.75,63.0,301.0,81.59,0.01,0.04,37.0,11.5,1.38,24.2,31.1,77.9,0.42,10.4,1.37,180.0,4.75,14.2,3.2,12.5,441.0,125.95,321.1,1.1,13.1,0.12,17.0,10.0,32.75
0.0,40.0,25.0,38.59178535606821,70.0,73.69953051643192,1.0,0.1272119815668203,136.0293103448276,0.94,25.0,205.0,54.722,0.03,0.0,47.6,15.3,0.69,25.7,32.1,79.9,0.37,10.0,10.17,427.0,5.96,13.8,11.3,13.0,441.0,336.2,321.1,1.1,13.1,0.12,17.0,10.0,32.75
0.0,28.4,24.0,38.59178535606821,84.0960219478738,73.69953051643192,18.785260770975057,0.08,196.0,1.01,67.0,252.93801652892563,78.791,0.04,0.06,38.9,13.8,2.18,29.2,35.5,82.2,0.68,11.4,3.76,318.0,4.73,11.7,6.7,48.6,441.0,125.95,321.1,1.1,13.1,0.12,17.0,10.0,32.75
0.0,6.0,16.0,38.59178535606821,84.0960219478738,73.69953051643192,18.785260770975057,0.1272119815668203,133.0,1.97,104.25520833333331,195.0,27.424,0.02,0.08,38.1,12.4,2.0,26.0,32.5,79.9,0.54,10.3,1.88,213.0,4.77,16.3,4.5,22.8,441.0,117.1,371.06,1.1,13.1,0.12,32.0,21.0,32.75
0.0,63.0,61.0,30.8,84.0960219478738,73.69953051643192,18.785260770975057,0.29,117.0,0.91,72.0,258.0,81.576,0.01,0.0,45.0,14.9,2.02,27.8,33.1,84.0,0.36,9.9,3.53,221.0,5.36,12.3,5.9,65.3,949.78,146.9,300.0,1.1,13.1,0.12,48.0,10.0,32.75
0.0,17.0,20.0,38.59178535606821,84.0960219478738,73.69953051643192,18.785260770975057,0.1272119815668203,105.0,0.94,104.25520833333331,252.93801652892563,85.337,0.02,0.02,33.8,11.0,1.26,27.9,32.5,85.8,0.46,10.3,1.3,160.0,3.94,13.9,3.1,6.08,441.0,125.95,321.1,1.1,13.1,0.12,17.0,10.0,32.75
0.0,28.0,43.0,32.0,96.0,73.69953051643192,18.785260770975057,0.1,299.0,1.24,139.0,252.93801652892563,56.911,0.02,0.14,39.3,13.1,1.96,27.6,33.3,82.7,0.37,10.9,1.64,180.0,4.75,13.1,4.1,4.94,441.0,29.8,321.1,1.1,13.1,0.12,18.0,10.0,32.75
0.0,18.0,21.0,33.2,48.0,73.69953051643192,10.7,0.06,86.0,0.55,14.0,112.0,129.868,0.0,0.01,34.2,11.7,0.87,28.5,34.2,83.2,0.41,10.4,1.59,154.0,4.11,13.3,2.9,27.6,441.0,77.0,334.82,1.13,13.5,0.12,17.0,10.0,29.7
0.0,14.0,21.0,38.59178535606821,122.0,73.69953051643192,18.785260770975057,0.1272119815668203,136.0293103448276,0.75,79.0,231.0,105.066,0.0,0.0,34.4,11.9,0.28,26.8,34.6,77.5,0.06,10.1,1.01,131.0,4.44,13.6,1.4,7.3,293.0,125.95,321.1,1.1,13.1,0.12,17.0,10.0,32.75
0.0,468.0,168.0,47.3,84.0960219478738,73.69953051643192,18.785260770975057,0.08,77.0,0.98,82.0,193.0,103.035,0.02,0.0,35.7,11.8,0.53,28.4,33.1,85.8,0.53,9.5,6.09,397.0,4.16,11.7,7.2,31.1,441.0,248.1,194.63,1.1,13.1,0.12,4.0,10.0,32.75
0.0,16.0,26.0,49.5,84.0960219478738,73.69953051643192,18.785260770975057,0.1272119815668203,92.0,1.02,104.25520833333331,203.0,95.45,0.02,0.12,28.9,9.4,1.3,27.5,32.5,84.5,0.47,10.4,4.29,378.0,3.42,14.8,6.2,14.0,441.0,195.8,365.48,1.1,13.1,0.12,15.0,10.0,32.75
0.0,28.0,33.0,43.2,84.0960219478738,73.69953051643192,18.785260770975057,0.16,93.0,1.2,193.0,350.0,82.376,0.0,0.09,42.0,14.2,1.67,29.2,33.8,86.4,0.62,10.3,1.65,197.0,4.86,12.8,4.0,7.34,441.0,354.4,479.27,1.12,13.4,0.0,17.0,10.0,32.75
0.0,53.0,38.0,43.8,84.0960219478738,73.69953051643192,18.785260770975057,0.08,108.0,0.82,104.25520833333331,133.0,110.613,0.02,0.12,43.0,14.0,0.75,25.1,32.6,77.2,0.52,9.2,5.55,215.0,5.57,24.2,7.0,0.0,31.0,0.0,321.1,1.1,13.1,0.12,17.0,10.0,32.75
0.0,74.0,61.0,37.6,86.0,73.69953051643192,16.6,0.11,95.0,0.8,57.0,229.0,73.375,0.05,0.0,40.8,13.6,1.0,28.2,33.3,84.5,0.52,12.5,10.93,296.0,4.83,13.5,12.5,0.0,32.2,125.95,321.1,1.1,13.1,0.12,17.0,10.0,32.75
0.0,28.0,29.0,45.1,84.0960219478738,73.69953051643192,18.785260770975057,0.1272119815668203,95.0,0.87,104.25520833333331,248.0,121.648,0.02,0.0,33.1,11.8,1.04,28.2,35.6,79.0,0.48,11.4,7.74,262.0,4.19,12.2,9.3,50.9,441.0,870.3,321.1,1.1,13.1,28.0,36.0,10.0,36.7
0.0,22.0,17.0,38.59178535606821,97.0,73.69953051643192,18.785260770975057,0.1272119815668203,136.0293103448276,0.88,44.0,211.0,69.168,0.02,0.0,38.1,12.3,7.58,26.6,32.3,82.5,0.38,12.7,6.89,175.0,4.62,14.0,14.9,3.02,353.0,30.1,321.1,1.1,13.1,0.12,17.0,10.0,32.75
0.0,25.0,25.0,29.0,84.0960219478738,73.69953051643192,18.785260770975057,0.5,99.0,0.93,104.25520833333331,479.0,84.053,0.02,0.04,41.3,13.9,1.85,30.6,33.7,91.0,0.37,9.9,3.4,277.0,4.54,12.1,5.7,20.3,455.0,153.3,317.88,1.1,13.1,0.12,28.0,10.0,32.75
0.0,13.0,25.0,31.7,84.0960219478738,73.69953051643192,18.785260770975057,0.11,188.0,1.41,104.25520833333331,269.0,50.821,0.03,0.15,41.1,14.0,1.99,29.1,34.1,85.4,0.69,9.6,3.71,269.0,4.81,12.4,6.6,34.7,441.0,125.95,321.1,1.1,13.1,0.12,17.0,10.0,32.75
0.0,12.9,20.0,38.59178535606821,84.0960219478738,73.69953051643192,18.785260770975057,0.06,138.0,1.03,16.0,252.93801652892563,53.68,0.01,0.0,34.4,11.8,0.87,25.9,34.3,75.6,0.59,10.0,8.07,482.0,4.55,14.6,9.5,3.02,552.0,125.95,321.1,1.1,13.1,0.12,51.0,10.0,32.75
0.0,35.0,33.0,26.5,80.0,73.69953051643192,18.785260770975057,0.13,192.0,0.76,104.25520833333331,252.93801652892563,86.744,0.03,0.12,35.9,12.1,1.73,28.7,33.7,85.3,0.58,10.4,3.94,334.0,4.21,12.4,6.4,3.14,973.85,186.3,321.1,1.1,13.1,0.12,13.0,10.0,32.75
0.0,43.0,82.0,26.8,149.0,73.69953051643192,18.785260770975057,0.51,172.0,1.25,104.25520833333331,252.93801652892563,38.5,0.02,0.0,35.8,12.0,1.13,30.8,33.5,91.8,0.54,10.7,6.87,335.0,3.9,13.0,8.6,4.73,441.0,517.9,346.56,1.1,13.1,0.12,66.0,10.0,32.75
0.0,26.0,27.0,43.2,128.0,73.69953051643192,18.785260770975057,0.1272119815668203,154.0,0.87,104.25520833333331,252.93801652892563,67.71,0.02,0.0,42.4,13.9,1.11,28.4,32.8,86.5,0.56,10.9,7.35,471.0,4.9,13.8,9.0,8.13,441.0,131.1,321.1,1.1,13.1,0.12,33.0,10.0,32.75
0.0,21.0,22.0,42.08,138.0,42.0,12.3,0.2,269.0,0.65,59.0,252.93801652892563,94.788,0.23,0.46,29.0,10.0,2.27,30.0,34.5,87.1,0.92,14.3,16.97,66.0,3.33,14.2,20.9,3.02,441.0,204.5,215.02,1.1,13.1,0.12,28.0,10.0,32.75
0.0,22.0,27.0,36.9,57.0,83.0,6.0,0.05,130.0,2.9,36.0,307.0,15.684,0.02,0.0,40.6,13.7,0.84,28.8,33.7,85.5,0.58,10.7,10.63,270.0,4.75,13.9,12.1,4.26,441.0,125.95,321.1,1.1,13.1,0.12,17.0,10.0,32.75
0.0,29.0,34.0,38.59178535606821,84.0960219478738,73.69953051643192,29.0,0.1272119815668203,136.0293103448276,0.76,42.0,341.0,74.323,0.04,0.1,45.2,16.1,2.6,31.3,35.6,87.9,0.45,11.2,5.49,178.0,5.14,12.1,8.7,3.02,694.0,84.8,277.71,1.1,13.1,0.12,2.0,10.0,32.75
0.0,9.0,27.0,34.1,86.0,73.69953051643192,18.785260770975057,0.13,81.0,1.13,41.0,252.93801652892563,46.661,0.08,0.05,34.4,11.1,2.17,26.8,32.3,83.1,0.4,11.7,4.6,200.0,4.14,14.2,7.3,4.91,693.0,45.6,321.1,1.1,13.1,0.12,34.0,10.0,32.75
0.0,19.0,20.0,38.59178535606821,68.0,73.69953051643192,18.785260770975057,0.1272119815668203,136.0293103448276,0.93,56.0,190.0,79.316,0.07,0.01,38.3,13.2,1.45,27.6,34.5,80.0,0.69,11.4,9.32,291.0,4.79,12.4,11.5,77.3,441.0,382.2,321.1,1.1,13.1,15.0,39.0,10.0,32.75
0.0,93.0,69.0,40.15,57.0,150.0,41.9,0.1272119815668203,75.0,0.92,84.0,234.0,106.623,0.01,0.01,33.7,11.9,0.78,30.5,35.3,86.4,0.56,10.4,7.1,297.0,3.9,12.3,8.5,23.6,441.0,125.95,321.1,1.1,13.1,0.12,17.0,10.0,32.75
0.0,67.6,42.0,39.6,79.0,73.69953051643192,18.785260770975057,0.16,91.0,1.21,62.0,154.0,63.777,0.01,0.02,47.7,16.4,1.16,27.8,34.4,80.8,1.04,10.0,2.43,152.0,5.9,13.9,4.7,117.0,1272.65,504.6,321.1,1.1,13.1,0.12,17.0,10.0,32.75
0.0,42.0,119.0,38.59178535606821,84.0960219478738,73.69953051643192,18.785260770975057,0.1272119815668203,238.0,2.2,104.25520833333331,252.93801652892563,27.666,0.02,0.02,32.5,11.2,0.29,28.1,34.5,81.7,0.33,11.8,10.37,160.0,3.98,13.7,11.0,3.02,10400.0,126.0,317.88,1.05,12.6,0.12,17.0,10.0,25.8
0.0,13.0,17.0,43.3,116.0,73.69953051643192,18.785260770975057,0.06,86.0,0.9,58.0,252.93801652892563,95.143,0.02,0.12,27.8,9.7,1.26,30.7,34.9,88.0,0.47,10.9,5.01,188.0,3.16,13.0,6.9,3.02,441.0,125.95,321.1,1.1,13.1,0.12,17.0,10.0,32.75
0.0,10.0,12.0,38.59178535606821,84.0960219478738,73.69953051643192,18.785260770975057,0.14,83.0,0.64,65.0,142.0,82.73687055837563,0.07,0.08,48.8,15.7,1.54,31.2,32.2,96.8,0.68,11.1,5.67,185.0,5.04,11.9,8.0,3.02,441.0,303.2,321.1,1.1,13.1,0.12,2.0,10.0,32.75
0.0,13.0,9.0,38.5,84.0960219478738,73.69953051643192,18.785260770975057,0.1,101.0,0.93,63.0,150.0,62.465,0.02,0.07,44.6,15.2,2.35,27.4,34.1,80.5,0.49,10.2,2.3,194.0,5.54,12.5,5.2,3.02,441.0,83.2,267.4,1.1,13.1,0.12,2.0,0.0,32.75
0.0,15.0,22.0,36.3,50.0,89.0,12.8,0.1,94.0,0.95,41.0,238.0,53.272,0.04,0.24,51.4,17.0,3.76,27.2,33.1,82.1,0.5,10.3,3.43,232.0,6.26,15.1,8.0,0.0,441.0,125.95,321.1,1.1,13.1,0.12,17.0,10.0,32.75
0.0,27.0,28.0,38.5,84.0960219478738,73.69953051643192,48.0,0.08,78.0,0.57,48.0,290.0,82.73687055837563,0.01,0.0,43.4,13.9,0.75,29.4,32.0,91.8,0.15,10.4,1.28,160.0,4.73,13.4,2.2,5.23,441.0,125.95,321.1,1.1,13.1,0.12,17.0,10.0,32.75
0.0,23.0,21.0,42.2,67.0,73.69953051643192,18.785260770975057,0.1272119815668203,109.0,0.77,104.25520833333331,252.93801652892563,98.263,0.07,0.09,46.8,16.3,2.62,30.4,34.8,87.3,0.55,9.2,4.87,291.0,5.36,13.2,8.2,3.14,143.79,125.95,321.1,1.1,13.1,0.12,17.0,10.0,32.75
0.0,18.0,18.0,44.1,89.0,73.69953051643192,17.4,0.05,116.0,0.7,46.0,167.0,99.936,0.04,0.34,44.8,15.0,2.26,28.4,33.5,84.8,0.6,11.0,5.91,266.0,5.28,12.0,9.2,10.5,441.0,487.1,321.1,0.99,11.9,0.12,17.0,10.0,33.5
0.0,65.0,34.0,35.3,51.0,74.0,15.0,0.14,179.0,0.77,31.0,355.0,107.659,0.05,0.14,36.9,12.2,1.47,27.2,33.1,82.4,0.52,9.6,3.37,378.0,4.48,13.2,5.6,3.02,246.0,70.1,302.81,1.1,13.1,0.12,2.0,10.0,32.75
0.0,15.0,21.0,39.42,102.0,73.0,15.5,0.07,99.0,1.21,96.0,252.93801652892563,82.73687055837563,0.01,0.25,39.7,12.8,2.56,28.3,32.2,87.6,0.54,10.7,4.55,298.0,4.53,12.9,7.9,3.02,441.0,61.4,232.61,1.1,13.1,0.12,2.0,34.0,32.75
0.0,201.0,140.0,45.9,62.0,73.69953051643192,18.785260770975057,0.1272119815668203,84.0,0.74,104.25520833333331,252.93801652892563,109.059,0.02,0.11,46.2,15.9,0.49,29.2,34.4,84.9,0.26,10.6,7.83,244.0,5.44,14.3,8.7,3.02,441.0,26.2,321.1,1.1,13.1,0.12,21.0,10.0,32.75
0.0,20.0,18.0,37.8,72.0,73.69953051643192,18.785260770975057,0.07,228.0,0.83,36.0,308.0,81.336,0.01,0.11,34.2,11.4,0.94,28.4,33.3,85.1,0.5,10.0,2.57,149.0,4.02,13.2,4.1,12.0,441.0,125.95,321.1,1.1,13.1,0.12,17.0,10.0,32.75
0.0,23.0,21.0,28.9,82.0,73.69953051643192,18.785260770975057,0.12,120.0,1.1425579536370902,47.0,252.93801652892563,82.73687055837563,0.01,0.0,38.8,13.5,1.13,28.4,34.8,81.7,0.36,11.7,8.2,221.0,4.75,12.7,9.7,168.0,441.0,125.95,321.1,1.1,13.1,0.12,17.0,10.0,32.75
0.0,32.0,20.0,38.59178535606821,73.0,73.69953051643192,18.785260770975057,0.1272119815668203,136.0293103448276,0.89,35.0,178.0,64.956,0.0,0.0,31.8,10.9,0.38,28.2,34.3,82.2,0.16,10.9,3.83,134.0,3.87,12.9,4.4,16.1,1462.79,125.95,321.1,1.1,13.1,0.12,17.0,10.0,32.75
0.0,24.0,24.0,45.59,58.0,19.0,18.9,0.1,561.0,0.68,37.0,252.93801652892563,136.517,0.07,0.15,41.3,13.7,0.4,31.0,33.2,93.4,0.6,11.4,26.78,235.0,4.42,15.2,28.0,3.02,441.0,1253.5,321.1,1.17,13.9,0.12,28.0,320.0,35.8
0.0,22.0,32.0,43.1,93.0,73.69953051643192,18.785260770975057,0.22,89.0,0.86,189.0,252.93801652892563,121.371,0.02,0.03,39.7,13.7,1.26,28.3,34.5,82.0,0.37,9.4,3.52,186.0,4.84,14.0,5.2,17.3,273.0,145.0,287.8,1.1,13.1,0.12,10.0,11.0,32.75
0.0,66.0,34.0,39.9,123.0,53.0,24.4,0.09,83.0,0.7,43.0,339.0,115.011,0.0,0.0,41.9,14.3,1.87,27.3,34.1,80.0,0.6,10.2,6.23,137.0,5.24,12.3,8.7,87.3,441.0,125.95,321.1,1.18,14.0,14.0,48.0,10.0,27.1
0.0,20.0,20.0,38.59178535606821,84.0960219478738,73.69953051643192,18.785260770975057,0.1272119815668203,96.0,0.76,104.25520833333331,252.93801652892563,100.532,0.01,0.0,31.2,11.0,2.17,30.0,35.3,85.0,0.59,10.4,1.72,180.0,3.67,12.7,4.5,258.0,441.0,1050.6,321.1,1.31,15.5,0.12,99.0,15.0,33.6
0.0,23.0,24.0,53.61,58.0,38.0,23.6,0.12,89.0,0.62,151.0,252.93801652892563,129.312,0.02,0.0,35.4,12.4,0.5,27.1,35.0,77.5,0.53,11.4,16.58,254.0,4.57,13.6,17.6,35.4,441.0,285.8,338.47,1.1,13.1,0.12,56.0,10.0,32.75
0.0,15.0,19.0,38.2,84.0960219478738,73.69953051643192,18.785260770975057,0.05,205.0,1.2,72.0,257.0,46.223,0.06,0.23,39.7,13.4,1.83,28.5,33.8,84.3,0.48,9.8,3.47,365.0,4.71,12.7,6.1,59.6,441.0,125.95,321.1,1.1,13.1,0.12,17.0,10.0,32.75
0.0,9.0,18.0,38.59178535606821,84.0960219478738,73.69953051643192,6.0,0.1272119815668203,144.0,1.42,33.0,252.93801652892563,35.401,0.01,0.04,38.6,11.7,2.11,25.5,30.3,84.1,0.45,10.3,3.18,197.0,4.59,13.3,5.8,6.45,441.0,549.7,379.86,1.1,13.1,0.12,17.0,10.0,32.75
0.0,116.0,47.0,38.59178535606821,84.0960219478738,73.69953051643192,18.785260770975057,0.1272119815668203,347.0,1.07,104.25520833333331,252.93801652892563,68.497,0.01,0.01,43.2,15.7,2.47,30.3,36.3,83.2,0.97,10.5,1.34,173.0,5.19,12.3,4.8,23.0,441.0,125.95,321.1,1.1,13.1,0.12,17.0,10.0,32.75
0.0,11.0,20.0,38.59178535606821,84.0960219478738,73.69953051643192,16.1,0.1272119815668203,136.0293103448276,0.65,86.0,278.0,87.125,0.02,0.09,45.9,16.1,1.41,29.9,35.1,85.2,0.39,8.7,3.29,226.0,5.39,13.0,5.2,3.02,441.0,125.95,321.1,1.1,13.1,0.12,17.0,10.0,32.75
0.0,10.0,15.0,44.6,76.0,73.69953051643192,8.2,0.11,85.0,0.65,58.0,186.0,128.214,0.03,0.09,42.0,14.1,2.03,28.6,33.6,85.2,0.51,9.7,2.52,135.0,4.93,13.8,5.2,3.5,441.0,33.5,308.63,1.1,13.1,0.12,15.0,10.0,32.75
0.0,31.0,19.0,41.9,106.0,73.69953051643192,18.785260770975057,0.17,94.0,1.02,150.0,252.93801652892563,94.118,0.01,0.0,44.2,16.4,0.95,30.5,37.1,82.2,0.45,10.4,6.66,229.0,5.38,13.4,8.1,6.15,441.0,125.95,321.1,1.1,13.1,0.12,17.0,10.0,32.75
0.0,24.0,33.0,44.1,102.0,73.69953051643192,18.785260770975057,0.25,81.0,1.06,249.0,252.93801652892563,96.379,0.0,0.06,45.7,15.8,2.1,28.6,34.6,82.6,0.56,9.3,2.01,212.0,5.53,12.7,4.7,3.02,441.0,49.8,281.31,1.1,13.1,0.12,17.0,10.0,32.75
0.0,16.0,15.0,44.4,62.0,73.69953051643192,8.4,0.25,80.0,0.88,175.0,155.0,121.931,0.11,0.09,42.6,14.9,0.89,29.9,35.0,85.4,1.33,8.7,7.42,259.0,4.99,14.0,9.8,3.02,441.0,52.0,213.0,1.1,13.1,0.12,3.0,10.0,32.75
0.0,27.0,23.0,42.4,84.0960219478738,73.69953051643192,18.785260770975057,0.1272119815668203,110.0,1.1,95.0,252.93801652892563,82.361,0.03,0.07,40.8,13.6,1.73,28.9,33.3,86.8,0.47,9.9,4.89,266.0,4.7,13.2,7.2,3.02,441.0,528.8,321.1,1.1,13.1,0.12,4.0,10.0,32.75
0.0,68.0,31.0,38.59178535606821,84.0960219478738,73.69953051643192,18.785260770975057,0.1272119815668203,146.0,0.74,104.25520833333331,252.93801652892563,125.527,0.01,0.02,47.3,15.4,1.21,31.2,32.6,95.9,0.37,9.8,3.38,123.0,4.93,13.3,5.0,6.14,441.0,278.3,270.76,1.01,12.1,12.0,11.0,10.0,35.0
0.0,42.0,38.0,32.9,84.0960219478738,73.69953051643192,18.785260770975057,0.14,246.0,0.89,120.0,410.0,106.951,0.06,0.15,37.5,12.6,2.11,28.0,33.6,83.3,0.64,10.2,5.16,307.0,4.5,12.4,8.1,92.6,441.0,125.95,321.1,1.1,13.1,0.12,17.0,10.0,32.75
0.0,35.308825910931176,33.24291497975708,38.59178535606821,84.0960219478738,73.69953051643192,18.785260770975057,0.1272119815668203,136.0293103448276,0.66,104.25520833333331,252.93801652892563,117.259,0.05,0.36,34.0,11.3,2.13,28.9,33.2,87.0,0.7,10.8,3.04,246.0,3.91,13.4,6.3,56.4,441.0,112.6,321.1,1.1,13.1,0.12,80.0,16.0,32.75
0.0,10.0,14.0,38.5,67.0,73.69953051643192,18.785260770975057,0.07,92.0,0.71,28.0,139.0,97.55,0.05,0.07,38.9,12.1,2.0,23.8,31.1,76.4,0.65,10.2,5.6,251.0,5.09,15.4,8.4,3.02,441.0,125.95,321.1,1.1,13.1,0.12,17.0,10.0,32.75
0.0,15.0,19.0,42.8,66.0,73.69953051643192,18.785260770975057,0.16,96.0,0.81,83.0,252.93801652892563,84.361,0.01,0.0,36.6,12.5,0.75,28.0,34.2,81.9,0.59,13.0,5.82,238.0,4.47,12.8,7.2,19.9,1120.62,125.95,362.26,1.03,12.3,0.12,14.0,10.0,33.6
0.0,27.0,26.0,42.46,79.0,92.0,18.7,0.09,133.0,0.63,78.0,292.0,97.807,0.03,0.02,33.0,10.7,1.16,26.3,32.4,81.1,0.41,11.0,5.27,247.0,4.07,15.5,6.9,3.02,212.0,12.3,321.1,1.1,13.1,0.12,17.0,10.0,32.75
0.0,14.5,19.0,38.59178535606821,84.0960219478738,73.69953051643192,18.785260770975057,0.09,93.0,0.68,34.0,252.93801652892563,113.692,0.02,0.03,43.4,13.2,2.18,29.3,30.4,96.4,0.38,11.2,1.6,200.0,4.5,13.2,4.2,46.1,441.0,125.95,321.1,1.1,13.1,0.12,2.0,10.0,32.75
0.0,35.308825910931176,33.24291497975708,38.59178535606821,84.0960219478738,73.69953051643192,18.785260770975057,0.1272119815668203,100.0,0.95,104.25520833333331,252.93801652892563,60.879,0.13,0.04,42.9,14.4,1.69,30.5,33.6,90.9,0.32,9.6,9.64,451.0,4.72,13.7,11.8,3.02,441.0,82.1,321.1,1.1,13.1,0.12,9.0,10.0,32.75
0.0,27.0,22.0,41.4,111.0,73.69953051643192,8.0,0.09,94.0,0.84,97.0,255.0,76.858,0.02,0.02,42.7,13.8,1.92,24.9,32.3,76.9,0.41,11.4,2.38,220.0,5.55,14.0,4.8,3.02,441.0,85.1,302.81,1.13,13.5,0.12,17.0,10.0,37.4
0.0,13.0,25.0,35.7,86.0,30.0,21.9,0.19,121.0,0.85,65.0,280.0,64.917,0.07,0.11,39.4,12.7,2.13,24.9,32.2,77.1,0.54,11.7,4.7,241.0,5.11,14.7,7.6,6.16,441.0,13.3,286.39,1.1,13.1,0.12,19.0,10.0,32.75
0.0,15.4,18.0,38.59178535606821,71.0,73.69953051643192,18.785260770975057,0.1272119815668203,102.0,0.9,51.0,195.0,84.876,0.05,0.01,39.0,13.6,1.98,28.8,34.9,82.5,0.6,11.1,4.45,298.0,4.73,12.4,7.1,3.02,441.0,125.95,321.1,1.1,13.1,0.12,17.0,10.0,32.75
0.0,26.0,34.0,33.8,84.0960219478738,73.69953051643192,18.785260770975057,0.13,104.0,0.59,77.0,470.0,110.269,0.01,0.17,41.1,13.7,2.1,29.1,33.3,87.4,0.52,10.8,4.24,186.0,4.7,12.7,7.0,3.02,390.0,40.9,479.27,1.37,16.1,0.12,3.0,10.0,49.9
0.0,47.0,43.0,38.59178535606821,84.0960219478738,73.69953051643192,18.785260770975057,0.1272119815668203,136.0293103448276,0.78,104.25520833333331,252.93801652892563,86.458,0.04,0.02,39.2,13.6,1.6,28.3,34.7,81.5,0.28,12.2,2.09,233.0,4.81,12.0,4.0,3.02,247.0,53.2,274.19,1.1,13.1,0.12,2.0,10.0,32.75
0.0,12.0,22.0,49.3,84.0960219478738,73.69953051643192,11.3,0.14,93.0,0.86,96.0,244.0,82.73687055837563,0.01,0.04,37.6,12.6,1.96,28.2,33.5,84.1,0.55,11.3,3.05,194.0,4.47,13.0,5.6,3.14,790.67,89.1,433.05,1.05,12.6,0.12,17.0,10.0,33.8
0.0,18.0,15.0,41.2,64.0,73.69953051643192,18.785260770975057,0.1272119815668203,92.0,0.77,104.25520833333331,252.93801652892563,92.893,0.05,0.07,37.1,13.0,1.34,28.0,35.0,80.0,0.69,10.2,11.47,370.0,4.64,12.9,13.6,3.02,441.0,125.95,321.1,1.1,13.1,0.12,17.0,10.0,32.75
0.0,26.6,48.0,38.59178535606821,84.0960219478738,73.69953051643192,18.785260770975057,0.1272119815668203,120.0,1.0,72.0,252.93801652892563,82.73687055837563,0.06,0.01,32.6,11.6,0.55,26.9,35.6,75.6,0.32,9.8,11.91,311.0,4.31,14.5,12.9,5.22,1341.33,621.3,360.12,1.1,13.1,0.12,17.0,10.0,31.4
0.0,31.3,23.0,38.59178535606821,84.0960219478738,73.69953051643192,18.785260770975057,0.06,347.0,0.97,46.0,252.93801652892563,63.239,0.03,0.01,44.6,14.1,1.54,27.6,31.6,87.3,0.45,9.9,4.53,210.0,5.11,12.3,6.6,3.02,347.0,125.95,321.1,1.1,13.1,0.12,17.0,10.0,32.75
0.0,19.0,19.0,46.4,84.0960219478738,73.69953051643192,18.785260770975057,0.04,128.0,1.11,353.0,247.0,54.106,0.03,0.09,39.9,13.0,2.28,27.0,32.6,83.0,0.6,11.2,4.31,294.0,4.81,13.4,7.3,4.24,441.0,125.95,321.1,1.1,13.1,0.12,17.0,10.0,32.75
0.0,8.6,36.0,29.5,37.0,110.0,44.3,0.21,121.0,1.11,198.0,520.0,43.214,0.06,0.36,45.5,15.0,3.1,29.1,33.0,88.2,0.73,11.0,4.87,287.0,5.16,13.7,9.1,18.0,441.0,146.4,357.52,1.1,13.1,0.12,17.0,10.0,32.75
0.0,19.0,9.0,35.4,139.0,48.0,24.1,0.1,238.0,0.64,75.0,217.0,91.985,0.01,0.18,38.9,12.5,1.46,28.3,32.1,88.0,0.27,9.8,2.49,241.0,4.42,12.9,4.4,90.5,441.0,682.4,373.18,1.05,12.6,0.12,89.0,10.0,26.1
0.0,17.0,15.0,40.96,61.0,73.69953051643192,7.9,0.1,129.0,0.79,56.0,152.0,102.916,0.03,0.01,47.1,15.4,2.86,28.5,32.7,87.1,1.3,10.5,2.94,232.0,5.41,12.1,7.1,9.49,441.0,125.95,321.1,1.1,13.1,0.12,17.0,10.0,32.75
0.0,60.0,41.0,35.0,73.0,73.69953051643192,13.4,0.28,139.0,1.11,104.25520833333331,252.93801652892563,52.607,0.04,0.89,51.3,17.4,1.62,28.6,33.9,84.2,1.09,10.8,4.92,167.0,6.09,12.5,8.6,3.02,441.0,16.3,293.69,1.1,13.1,0.12,9.0,10.0,32.75
0.0,19.2,47.0,38.59178535606821,84.0960219478738,73.69953051643192,16.0,0.1272119815668203,136.0293103448276,0.7,34.0,363.0,89.942,0.08,0.09,47.3,16.4,2.59,30.1,34.7,86.8,0.91,9.6,7.32,264.0,5.45,13.0,11.0,19.0,441.0,539.0,285.0,1.09,13.0,0.12,47.0,10.0,31.3
0.0,27.0,16.0,40.9,85.0,73.69953051643192,18.785260770975057,0.1272119815668203,150.0,0.82,104.25520833333331,252.93801652892563,76.938,0.06,0.28,39.9,12.0,3.46,24.0,30.1,80.0,0.71,9.6,6.61,426.0,4.99,15.5,11.1,3.02,441.0,125.95,321.1,1.1,13.1,0.12,17.0,10.0,32.75
0.0,24.0,28.0,41.0,86.0,46.0,20.3,0.09,112.0,1.0,32.0,228.0,57.218,0.01,0.06,42.6,14.3,2.33,31.0,33.6,92.4,0.48,10.8,2.92,174.0,4.61,12.1,5.8,4.01,520.0,50.6,321.1,1.02,12.2,0.12,17.0,10.0,28.3
0.0,18.0,26.0,44.1,100.0,73.69953051643192,18.785260770975057,0.1,113.0,0.71,70.0,252.93801652892563,122.138,0.0,0.06,42.0,14.3,2.04,29.9,34.0,87.7,0.27,9.2,2.44,224.0,4.79,12.7,4.8,6.28,441.0,125.95,321.1,1.1,13.1,0.12,17.0,10.0,32.75
0.0,21.0,24.0,38.59178535606821,84.0960219478738,73.69953051643192,18.785260770975057,0.1272119815668203,113.0,0.68,104.25520833333331,252.93801652892563,105.237,0.0,0.0,33.1,11.0,0.9,26.8,33.2,80.5,0.44,10.4,5.98,170.0,4.11,14.8,7.3,18.1,194.0,125.95,292.18,1.32,15.6,0.12,3.0,10.0,47.3
0.0,41.0,55.0,33.7,74.0,53.0,35.8,0.18,79.0,0.71,82.0,586.0,106.129,0.01,0.21,33.7,11.2,0.48,25.1,33.2,75.6,0.35,9.9,5.9,204.0,4.46,13.8,7.0,3.02,441.0,125.95,321.1,1.1,13.1,0.12,17.0,10.0,32.75
0.0,126.0,116.0,36.4,84.0960219478738,73.69953051643192,18.785260770975057,0.07,86.0,0.7,104.25520833333331,272.0,89.312,0.02,0.0,32.7,11.6,0.36,29.0,35.5,81.8,0.54,9.3,5.12,373.0,4.0,12.2,6.0,7.5,746.0,41.1,406.14,1.2,14.3,0.12,17.0,10.0,55.2
0.0,12.0,18.0,36.9,46.0,73.69953051643192,18.785260770975057,0.04,78.0,0.54,70.0,252.93801652892563,116.764,0.01,0.01,41.7,14.2,0.93,29.8,34.1,87.6,0.64,9.2,2.51,161.0,4.76,13.3,4.1,3.02,441.0,125.95,321.1,1.1,13.1,0.12,17.0,10.0,32.75
0.0,12.0,20.0,41.9,66.0,73.69953051643192,18.785260770975057,0.12,88.0,1.2,29.0,252.93801652892563,41.893,0.03,0.0,36.5,12.3,1.26,28.5,33.7,84.7,0.53,9.1,6.16,258.0,4.31,13.4,8.0,5.77,441.0,8.1,321.1,1.1,13.1,0.12,17.0,10.0,32.75
0.0,10.0,16.0,42.3,53.0,73.69953051643192,13.6,0.08,126.0,0.89,80.0,178.0,81.329,0.05,0.37,37.3,12.2,2.49,26.6,32.7,81.4,0.76,9.1,4.37,395.0,4.58,14.6,8.0,3.02,190.0,125.95,321.1,1.1,13.1,0.12,17.0,10.0,32.75
0.0,11.6,28.0,31.8,84.0960219478738,73.69953051643192,18.785260770975057,0.13,77.0,0.93,51.0,208.0,56.218,0.03,0.01,41.3,14.8,0.49,31.8,35.8,88.8,0.51,9.4,7.28,176.0,4.65,13.2,8.3,22.3,4207.33,48.6,287.8,1.1,13.1,0.12,22.0,10.0,32.75
0.0,224.0,191.0,35.6,84.0960219478738,73.69953051643192,18.785260770975057,0.09,97.0,0.86,17.0,355.0,74.179,0.09,0.09,42.0,15.4,2.61,31.3,36.7,85.4,1.01,9.1,5.8,229.0,4.92,11.1,9.6,13.2,824.06,176.5,331.26,1.1,13.1,0.12,17.0,10.0,32.75
0.0,19.3,25.0,38.59178535606821,84.0960219478738,73.69953051643192,18.785260770975057,0.16,111.0,0.92,23.0,252.93801652892563,61.533,0.04,0.16,42.9,15.7,2.24,31.6,36.6,86.3,0.48,11.0,2.88,175.0,4.97,11.7,5.8,10.0,441.0,125.95,321.1,1.1,13.1,0.12,17.0,10.0,32.75
0.0,31.0,39.0,41.2,89.0,73.69953051643192,18.785260770975057,0.06,225.0,0.74,77.0,252.93801652892563,86.494,0.02,0.16,42.2,14.0,2.35,25.5,33.2,76.7,0.56,12.2,3.83,205.0,5.5,13.6,6.9,5.14,441.0,125.95,321.1,1.1,13.1,0.12,17.0,10.0,32.75
0.0,27.0,24.0,45.9,73.0,73.69953051643192,19.8,0.08,159.0,0.68,44.0,169.0,111.321,0.02,0.14,41.5,14.5,1.26,29.2,34.9,83.5,0.36,9.7,4.76,234.0,4.97,11.7,6.5,94.1,441.0,125.95,321.1,1.1,13.1,0.12,17.0,10.0,32.75
0.0,29.0,21.0,39.62,84.0,53.0,25.0,0.07,254.0,0.78,113.0,220.0,82.889,0.03,0.0,36.8,12.7,1.28,28.8,34.5,83.4,0.5,13.0,5.98,246.0,4.41,13.7,7.8,3.14,165.14,5.6,295.23,1.04,12.4,0.12,17.0,10.0,29.5
0.0,0.0,45.0,38.59178535606821,43.0,73.69953051643192,18.785260770975057,0.1272119815668203,208.0,2.86,104.25520833333331,252.93801652892563,15.078,0.05,0.06,41.7,14.5,2.59,28.2,34.8,81.0,0.55,13.4,4.03,175.0,5.15,12.8,7.3,155.0,464.94,572.2,321.1,1.1,13.1,0.12,17.0,10.0,32.75
0.0,23.0,19.0,42.7,75.0,73.69953051643192,18.785260770975057,0.1272119815668203,79.0,0.75,104.25520833333331,252.93801652892563,88.144,0.03,0.01,40.5,13.3,2.31,27.5,32.8,83.7,0.48,10.0,4.08,199.0,4.84,13.9,6.9,7.86,94.72,51.7,321.1,1.1,13.1,0.12,17.0,10.0,32.75
0.0,62.0,29.0,38.1,134.0,73.69953051643192,18.785260770975057,0.09,161.0,0.93,70.0,277.0,63.796,0.06,0.09,34.4,10.6,2.34,18.3,30.8,59.5,0.44,9.9,2.93,278.0,5.78,18.2,5.9,3.14,107.54,121.2,237.64,1.05,12.6,0.12,17.0,10.0,28.0
0.0,10.0,20.0,43.29,84.0960219478738,73.69953051643192,18.785260770975057,0.1272119815668203,191.0,0.68,104.25520833333331,158.0,60.915,0.0,0.14,44.5,15.5,1.89,28.9,34.8,82.9,0.67,10.9,4.26,174.0,5.37,12.9,7.0,7.83,502.2,76.3,350.0,1.1,13.1,0.12,19.0,10.0,32.75
0.0,17.0,22.0,43.5,140.0,73.69953051643192,15.3,0.08,108.0,0.68,120.0,111.0,94.05,0.06,0.18,37.7,12.7,2.53,29.3,33.7,87.1,0.54,10.6,5.61,191.0,4.33,12.1,8.9,7.03,441.0,125.95,321.1,1.1,13.1,0.12,17.0,10.0,32.75
0.0,21.0,29.0,34.4,84.0960219478738,73.69953051643192,18.785260770975057,0.07,84.0,0.98,54.0,232.0,60.304,0.02,0.02,40.1,13.6,1.89,27.9,33.9,82.2,0.6,9.4,6.02,355.0,4.88,13.4,8.6,35.3,634.88,0.0,295.23,1.1,13.1,15.0,17.0,10.0,32.75
0.0,15.0,17.0,37.2,79.0,56.0,18.785260770975057,0.16,104.0,0.68,121.0,274.0,92.738,0.07,0.16,39.2,12.8,1.8,29.2,32.7,89.3,0.56,11.1,4.8,373.0,4.39,12.8,7.4,6.76,182.86,50.6,221.3,1.1,13.1,0.12,17.0,10.0,32.75
0.0,18.0,10.0,38.59178535606821,84.0960219478738,73.69953051643192,19.3,0.06,228.0,1.0,47.0,145.0,58.437,0.01,0.02,40.5,13.7,0.9,30.9,33.8,91.2,0.46,10.3,1.82,127.0,4.44,12.5,3.2,6.13,177.95,125.95,308.63,1.11,13.2,0.12,11.0,10.0,32.0
0.0,28.0,31.0,38.59178535606821,84.0960219478738,73.69953051643192,18.785260770975057,0.1272119815668203,154.0,0.56,104.25520833333331,252.93801652892563,90.863,0.02,0.01,37.0,11.7,1.24,28.2,31.6,89.2,0.21,10.3,1.19,152.0,4.15,13.0,2.7,24.4,449.0,125.95,321.1,1.1,13.1,0.12,17.0,10.0,32.75
0.0,25.0,26.0,33.9,61.0,73.69953051643192,9.0,0.11,97.0,0.64,44.0,380.0,94.606,0.02,0.06,39.2,13.3,1.96,29.5,33.9,86.9,0.55,11.2,2.11,173.0,4.51,12.9,4.7,3.02,256.0,29.0,289.24,1.1,13.1,0.12,5.0,10.0,32.75
0.0,45.0,38.0,37.4,120.0,73.69953051643192,18.785260770975057,0.04,119.0,0.84,32.0,191.0,71.644,0.02,0.12,38.3,13.6,2.16,29.9,35.5,84.2,0.49,10.6,6.85,325.0,4.55,12.0,9.6,3.14,441.0,125.95,321.1,1.1,13.1,0.12,17.0,10.0,32.75
0.0,17.0,29.0,39.9,74.0,95.0,10.5,0.08,115.0,0.91,49.0,252.93801652892563,64.129,0.01,0.01,38.8,13.1,0.57,29.2,33.8,86.6,0.51,10.0,4.46,234.0,4.48,11.6,5.6,6.76,625.0,36.3,302.81,1.1,13.1,0.12,17.0,10.0,32.75
0.0,14.0,16.0,29.2,74.0,73.69953051643192,18.785260770975057,0.1,270.0,0.66,104.25520833333331,252.93801652892563,89.788,0.04,0.02,37.5,12.9,2.15,28.2,34.4,82.1,0.85,10.2,5.7,374.0,4.57,13.2,8.8,5.22,441.0,125.95,321.1,1.1,13.1,0.12,17.0,10.0,32.75
0.0,14.0,25.0,39.1,73.0,73.69953051643192,18.785260770975057,0.14,134.0,0.88,44.0,252.93801652892563,72.655,0.01,0.0,35.3,12.3,0.57,29.1,34.8,83.6,0.15,10.7,3.35,159.0,4.22,13.2,4.1,80.6,441.0,187.5,331.26,1.29,15.3,13.0,17.0,10.0,38.6
0.0,32.5,24.0,30.4,72.0,28.0,18.785260770975057,0.16,205.0,0.86,109.0,252.93801652892563,71.619,0.01,0.01,35.7,11.8,0.99,26.2,33.1,79.2,0.2,10.0,2.35,245.0,4.51,16.3,3.6,32.0,1060.0,125.95,296.79,1.02,12.2,0.12,17.0,10.0,23.9
0.0,42.0,33.0,35.4,62.0,73.69953051643192,15.0,0.1,164.0,0.91,74.0,352.0,63.68,0.02,0.01,44.6,14.7,1.26,28.9,33.0,87.8,0.5,10.0,4.34,200.0,5.08,12.2,6.1,3.02,441.0,28.5,257.78,1.1,13.1,0.12,17.0,10.0,32.75
0.0,16.0,31.0,37.4,88.0,73.69953051643192,14.0,0.07,134.0,1.04,76.0,363.0,48.087,0.06,0.42,35.1,12.0,2.34,30.7,34.2,89.8,0.46,10.4,4.08,249.0,3.91,13.0,7.4,22.6,441.0,125.95,321.1,1.1,13.1,0.12,17.0,10.0,32.75
0.0,22.0,19.0,42.3,86.0,73.69953051643192,18.785260770975057,0.1272119815668203,189.0,0.79,104.25520833333331,252.93801652892563,81.051,0.0,0.01,27.8,9.5,0.42,39.9,34.2,116.8,0.09,11.7,2.05,206.0,2.38,13.8,2.6,3.37,624.0,125.95,321.1,1.1,13.1,0.12,8.0,10.0,32.3
0.0,25.9,33.0,37.2,84.0960219478738,73.69953051643192,18.785260770975057,0.15,100.0,0.63,104.0,325.0,93.114,0.02,0.0,27.6,9.7,0.73,29.8,35.1,84.9,0.38,11.0,6.15,369.0,3.25,12.6,7.3,3.02,384.0,70.9,277.71,1.1,13.1,0.12,11.0,10.0,32.75
0.0,24.0,24.0,41.4,50.0,68.0,13.3,0.1272119815668203,98.0,0.63,74.0,280.0,109.442,0.04,0.13,37.8,12.8,2.59,27.4,33.9,80.9,0.54,8.8,5.12,333.0,4.67,13.4,8.4,70.5,441.0,392.0,305.69,1.1,13.1,0.12,17.0,10.0,32.75
0.0,25.0,24.0,38.59178535606821,84.0960219478738,73.69953051643192,18.785260770975057,0.1272119815668203,177.0,1.37,104.25520833333331,252.93801652892563,82.73687055837563,0.0,0.0,35.4,12.3,0.36,28.3,34.7,81.4,0.13,12.2,0.94,118.0,4.35,12.1,1.4,8.34,418.0,102.6,324.41,1.1,13.1,0.12,20.0,10.0,32.75
0.0,12.3,29.0,38.59178535606821,84.0960219478738,73.69953051643192,12.3,0.1272119815668203,136.0293103448276,1.33,36.0,214.0,38.049,0.02,0.0,38.6,13.7,1.35,29.7,35.5,83.7,0.3,10.6,5.03,203.0,4.61,12.0,6.7,99.9,441.0,755.1,302.81,1.17,13.9,22.0,17.0,16.0,38.8
0.0,31.0,47.0,37.1,71.0,73.69953051643192,21.4,0.21,157.0,0.93,104.0,461.0,62.028,0.04,0.08,31.8,10.2,1.04,25.8,32.1,80.3,1.49,10.9,4.13,265.0,3.96,22.5,6.8,34.0,441.0,139.3,437.76,1.18,14.0,0.12,44.0,10.0,34.6
0.0,22.5,36.0,37.8,78.0,73.69953051643192,18.785260770975057,0.08,97.0,0.93,63.0,292.0,66.542,0.02,0.05,36.7,11.8,1.46,25.3,32.2,78.6,0.42,9.4,3.61,277.0,4.67,14.1,5.6,28.2,441.0,125.95,311.64,1.12,13.4,0.12,11.0,10.0,25.6
0.0,16.0,19.0,38.59178535606821,84.0960219478738,73.69953051643192,18.785260770975057,0.1272119815668203,87.0,0.83,104.25520833333331,252.93801652892563,89.113,0.05,0.07,37.9,12.8,1.41,24.9,33.8,73.7,0.52,11.6,3.49,276.0,5.14,14.8,5.5,103.0,441.0,125.95,321.1,1.1,13.1,0.12,17.0,10.0,32.75
0.0,35.308825910931176,33.24291497975708,38.59178535606821,84.0960219478738,73.69953051643192,18.785260770975057,0.1272119815668203,136.0293103448276,1.1425579536370902,104.25520833333331,252.93801652892563,82.73687055837563,0.04,0.13,39.0,13.2,2.49,26.9,33.8,79.6,0.63,9.4,6.04,389.0,4.9,14.5,9.3,63.9,441.0,125.95,321.1,1.1,13.1,0.12,17.0,10.0,32.75
0.0,12.0,15.0,40.5,84.0960219478738,73.69953051643192,18.785260770975057,0.1272119815668203,114.0,1.04,87.0,252.93801652892563,74.332,0.01,0.01,33.5,10.2,1.42,20.0,30.4,65.8,0.46,9.4,5.66,332.0,5.09,17.2,7.6,47.0,441.0,169.3,321.1,1.1,13.1,58.0,51.0,10.0,32.75
0.0,131.0,62.0,40.6,84.0960219478738,73.69953051643192,18.785260770975057,0.1272119815668203,335.0,0.71,26.0,252.93801652892563,99.627,0.02,0.05,34.2,11.4,1.11,26.8,33.3,80.3,0.35,11.9,1.92,121.0,4.26,13.2,3.5,3.02,717.0,5.1,296.79,1.1,13.1,0.12,17.0,10.0,32.75
0.0,43.6,42.0,35.3,135.0,73.69953051643192,12.7,0.1272119815668203,82.0,1.1425579536370902,101.0,255.0,82.73687055837563,0.04,0.07,40.7,13.0,2.58,27.8,31.9,87.2,0.51,11.0,4.91,288.0,4.67,13.8,8.1,6.76,441.0,125.95,321.1,1.1,13.1,0.12,17.0,47.0,32.75
0.0,30.0,46.0,40.3,84.0960219478738,73.69953051643192,24.8,0.1,139.0,0.78,311.0,298.0,82.73687055837563,0.05,0.14,34.4,11.7,2.47,28.6,34.0,84.1,0.97,9.2,7.31,263.0,4.09,13.3,10.9,3.14,399.57,11.2,321.1,1.1,13.1,0.12,17.0,10.0,32.75
0.0,17.0,23.0,41.8,84.0960219478738,73.69953051643192,18.785260770975057,0.11,117.0,0.59,44.0,202.0,91.862,0.04,0.17,41.8,13.0,1.65,27.4,31.1,88.2,0.68,11.5,4.84,169.0,4.74,14.3,7.4,92.5,441.0,125.95,321.1,1.1,13.1,0.12,17.0,10.0,32.75
0.0,18.0,23.0,40.4,40.0,73.0,15.0,0.1,93.0,0.72,37.0,252.93801652892563,108.08,0.06,0.3,39.3,13.5,2.5,29.2,34.4,84.9,0.93,9.7,4.33,251.0,4.63,14.5,8.1,65.9,441.0,125.95,321.1,1.1,13.1,0.12,17.0,10.0,32.75
0.0,28.0,30.0,38.59178535606821,84.0960219478738,73.69953051643192,20.6,0.1272119815668203,136.0293103448276,0.69,80.0,238.0,96.945,0.01,0.01,38.2,11.5,1.03,27.7,30.1,92.0,0.43,10.6,0.87,190.0,4.15,16.9,2.4,33.8,827.0,125.9,321.1,1.03,12.3,0.12,40.0,46.0,38.8
0.0,35.308825910931176,33.24291497975708,38.59178535606821,84.0960219478738,73.69953051643192,18.785260770975057,0.1272119815668203,136.0293103448276,0.98,36.0,252.93801652892563,60.304,0.05,0.14,44.0,15.1,1.65,27.3,34.3,79.4,0.48,9.1,3.76,353.0,5.54,13.2,6.1,9.21,441.0,125.95,321.1,1.1,13.1,0.12,17.0,10.0,32.75
0.0,18.0,26.0,37.7,71.0,73.69953051643192,18.785260770975057,0.1272119815668203,92.0,0.75,104.25520833333331,252.93801652892563,83.327,0.07,0.19,41.1,14.4,2.78,30.8,35.0,88.0,0.66,10.0,5.39,378.0,4.67,12.4,9.1,4.97,441.0,19.0,321.1,1.1,13.1,0.12,54.0,10.0,32.75
0.0,34.0,60.0,31.0,84.0960219478738,73.69953051643192,18.785260770975057,0.15,133.0,0.84,188.0,297.0,76.32,0.01,0.1,38.7,13.2,1.1,27.3,34.1,80.1,0.43,10.5,2.39,142.0,4.83,13.2,4.0,4.81,449.0,24.9,367.59,1.04,12.4,0.12,27.0,10.0,26.7
0.0,17.0,31.0,34.9,84.0960219478738,73.69953051643192,18.785260770975057,0.15,114.0,1.27,43.0,202.0,39.951,0.02,0.0,42.7,13.9,0.87,27.6,32.6,84.7,0.13,11.2,3.02,208.0,5.04,14.0,4.0,3.02,7590.0,125.95,221.3,1.51,17.7,0.12,34.0,10.0,38.2
0.0,96.0,79.0,31.1,84.0960219478738,73.69953051643192,18.785260770975057,0.1272119815668203,236.0,0.75,104.25520833333331,252.93801652892563,85.102,0.03,0.03,42.2,14.4,1.4,27.3,34.1,80.1,0.5,10.8,3.38,241.0,5.27,12.7,5.3,7.41,441.0,12.4,321.1,1.1,13.1,0.12,72.0,10.0,32.75
0.0,35.308825910931176,33.24291497975708,38.59178535606821,84.0960219478738,73.69953051643192,18.785260770975057,0.1272119815668203,136.0293103448276,4.01,104.25520833333331,252.93801652892563,17.12,0.0,0.04,39.6,14.0,1.52,27.2,35.4,77.0,0.48,10.5,1.87,272.0,5.14,11.9,3.9,3.02,198.0,6.0,290.7,0.89,10.8,0.12,17.0,10.0,30.5
0.0,17.0,17.0,37.7,60.0,73.69953051643192,18.785260770975057,0.14,136.0,0.84,27.0,240.0,74.205,0.05,0.05,38.6,12.9,1.62,28.5,33.4,85.4,0.5,10.0,5.86,262.0,4.52,13.0,8.1,5.79,736.0,18.8,321.1,1.1,13.1,25.0,22.0,10.0,32.75
0.0,40.0,40.0,37.7,66.0,73.69953051643192,18.785260770975057,0.07,143.0,0.52,33.0,252.93801652892563,82.73687055837563,0.04,0.0,37.9,12.8,0.81,26.4,33.8,78.3,0.52,12.4,7.52,88.0,4.84,12.9,8.9,22.6,571.0,61.2,373.18,1.11,13.2,13.0,17.0,10.0,30.0
0.0,18.0,33.0,32.0,92.0,73.69953051643192,12.6,0.12,74.0,1.03,42.0,231.0,48.652,0.03,0.04,38.0,12.7,0.93,29.9,33.4,89.4,0.62,10.4,2.5,255.0,4.25,13.7,4.1,6.69,285.1,125.95,321.1,1.1,13.1,0.12,17.0,10.0,32.75
0.0,18.0,30.0,37.4,84.0960219478738,73.69953051643192,18.785260770975057,0.1272119815668203,136.0293103448276,0.87,104.25520833333331,252.93801652892563,66.298,0.01,0.0,36.1,11.8,0.7,25.1,32.7,76.6,0.48,12.0,5.19,250.0,4.71,14.5,6.4,3.02,441.0,125.95,321.1,1.1,13.1,0.12,17.0,10.0,32.75
0.0,35.308825910931176,33.24291497975708,38.59178535606821,84.0960219478738,73.69953051643192,18.785260770975057,0.1272119815668203,136.0293103448276,1.55,104.25520833333331,252.93801652892563,30.315,0.04,0.16,38.5,12.7,1.17,28.2,33.0,85.4,0.52,10.1,5.9,185.0,4.51,12.5,7.8,9.36,441.0,38.4,352.34,1.1,13.1,0.12,17.0,10.0,32.75
0.0,18.0,36.0,38.59178535606821,84.0960219478738,73.69953051643192,20.0,0.1272119815668203,136.0293103448276,0.92,209.0,329.0,56.163,0.03,0.06,37.6,12.8,2.23,28.2,34.0,82.8,0.34,9.4,3.13,247.0,4.54,14.1,5.8,6.31,654.89,492.8,399.26,1.02,12.2,0.12,19.0,10.0,26.3
0.0,21.0,27.0,44.99,97.0,51.0,14.0,0.05,206.0,0.94,69.0,252.93801652892563,92.843,0.02,0.09,33.9,11.6,1.76,28.2,34.2,82.3,0.59,9.9,2.87,301.0,4.12,12.3,5.3,3.14,120.33,45.5,327.79,1.01,12.1,0.12,17.0,10.0,26.6
0.0,47.0,33.0,43.9,84.0960219478738,73.69953051643192,18.785260770975057,0.1272119815668203,94.0,0.91,104.25520833333331,231.0,70.756,0.04,0.15,36.6,11.8,2.77,26.6,32.2,82.6,0.58,11.0,2.91,233.0,4.43,12.4,6.5,7.13,441.0,125.95,321.1,1.1,13.1,0.12,17.0,10.0,32.75
0.0,11.0,16.0,40.8,84.0960219478738,73.69953051643192,18.785260770975057,0.08,105.0,0.77,101.0,153.0,100.356,0.03,0.18,33.1,11.2,2.16,25.3,33.8,74.7,0.63,9.7,2.62,158.0,4.43,17.9,5.6,25.9,441.0,42.1,321.1,1.1,13.1,0.12,36.0,10.0,32.75
0.0,15.0,18.0,38.59178535606821,84.0960219478738,73.69953051643192,18.785260770975057,0.1272119815668203,136.0293103448276,0.72,104.25520833333331,252.93801652892563,83.342,0.02,0.17,38.5,12.5,1.41,24.2,32.5,74.6,0.85,10.5,3.73,151.0,5.16,15.0,6.2,16.0,441.0,125.95,321.1,1.1,13.1,0.12,17.0,10.0,32.75
0.0,35.0,25.0,40.6,82.0,44.0,21.7,0.08,134.0,0.77,146.0,382.0,75.242,0.01,0.01,32.0,10.8,1.22,31.6,33.8,93.6,0.28,11.4,2.03,173.0,3.42,13.1,3.6,3.38,441.0,42.6,267.4,1.1,13.1,0.12,4.0,10.0,32.75
0.0,24.0,20.0,42.67,74.0,92.0,11.8,0.1272119815668203,91.0,0.72,78.0,194.0,114.253,0.03,0.04,38.7,13.3,1.48,29.4,34.4,85.4,0.4,10.0,2.23,237.0,4.53,12.4,4.2,84.5,441.0,768.1,352.34,1.1,13.1,100.0,17.0,10.0,32.75
0.0,20.0,27.0,44.3,68.0,73.69953051643192,14.7,0.23,136.0,1.0,427.0,215.0,85.548,0.0,0.0,32.1,10.8,0.77,29.6,33.6,87.9,0.84,13.8,0.62,56.0,3.65,13.9,2.2,18.2,1737.43,203.6,321.1,1.1,13.1,0.12,17.0,10.0,32.75
0.0,53.0,38.0,47.1,84.0,73.69953051643192,18.785260770975057,0.1272119815668203,117.0,1.02,104.25520833333331,252.93801652892563,79.516,0.05,0.01,37.4,12.3,0.61,27.4,32.9,83.3,0.89,10.2,15.06,364.0,4.49,13.5,16.6,3.02,253.02,21.1,267.56,1.1,13.1,0.12,11.0,10.0,32.75
0.0,11.0,24.0,37.3,61.0,73.69953051643192,20.5,0.11,305.0,1.44,176.0,360.0,52.777,0.01,0.01,39.0,12.6,0.44,29.3,32.3,90.7,0.23,11.1,1.75,113.0,4.3,13.2,2.4,4.74,188.64,30.3,352.34,1.03,12.3,0.12,17.0,10.0,25.3
0.0,16.0,25.0,38.59178535606821,84.0960219478738,73.69953051643192,18.785260770975057,0.1272119815668203,90.0,0.87,89.0,187.0,74.708,0.02,0.01,36.2,11.6,0.99,25.8,32.0,80.4,0.46,12.3,7.26,37.0,4.5,13.2,8.7,6.76,441.0,125.95,321.1,1.1,13.1,0.12,17.0,10.0,32.75
0.0,18.8,30.0,40.0,74.0,73.69953051643192,18.785260770975057,0.1,89.0,1.03,73.0,433.0,63.537,0.01,0.0,30.5,10.1,0.61,24.9,33.1,75.3,0.53,9.5,6.44,290.0,4.05,14.2,7.6,3.02,441.0,76.1,321.1,1.1,13.1,0.12,6.0,10.0,32.75
0.0,52.0,36.0,44.9,102.0,73.69953051643192,18.785260770975057,0.1272119815668203,107.0,0.72,104.25520833333331,252.93801652892563,93.914,0.01,0.0,37.8,12.8,0.46,29.5,33.9,87.1,0.34,11.1,12.56,268.0,4.34,13.4,13.4,19.4,441.0,125.95,321.1,1.1,13.1,0.12,17.0,10.0,32.75
0.0,26.0,32.0,37.3,86.0,73.69953051643192,18.785260770975057,0.1,104.0,0.81,67.0,252.93801652892563,75.924,0.02,0.06,36.9,12.2,2.39,28.2,33.1,85.2,0.39,9.9,3.98,276.0,4.33,13.2,6.8,9.96,441.0,125.95,321.1,1.1,13.1,0.12,17.0,10.0,32.75
0.0,83.0,59.0,32.26,66.0,50.0,9.6,0.2,108.0,0.71,62.0,252.93801652892563,92.869,0.03,0.01,41.0,13.9,2.22,30.4,33.9,89.7,0.74,10.0,2.27,182.0,4.57,14.0,5.3,55.7,441.0,142.3,305.69,1.1,13.1,0.12,57.0,10.0,32.75
0.0,16.0,16.0,36.0,84.0960219478738,73.69953051643192,18.785260770975057,0.09,246.0,1.1,39.0,238.0,55.475,0.04,0.03,35.1,12.1,1.25,28.5,34.5,82.6,0.75,10.9,2.95,193.0,4.25,12.9,5.0,6.76,1070.0,271.7,359.7,1.1,13.1,22.0,50.0,10.0,32.75
0.0,19.0,31.0,39.52,108.0,60.0,19.6,0.11,115.0,0.81,151.0,279.0,80.313,0.0,0.0,37.1,11.9,0.73,27.7,32.1,86.5,0.26,10.8,2.47,175.0,4.29,13.3,3.5,6.76,441.0,125.95,321.1,1.1,13.1,0.12,17.0,10.0,32.75
0.0,15.0,25.0,38.8,60.0,73.69953051643192,18.785260770975057,0.1,80.0,1.35,58.0,210.0,60.358,0.02,0.03,34.9,11.9,0.47,26.0,34.1,76.2,0.53,10.0,4.59,267.0,4.58,13.3,5.6,55.3,441.0,125.95,321.1,1.1,13.1,0.12,17.0,10.0,32.75
0.0,12.0,15.0,38.5,71.0,73.69953051643192,18.785260770975057,0.17,246.0,0.78,81.0,252.93801652892563,85.852,0.01,0.02,40.9,12.9,1.44,25.4,31.5,80.5,0.29,11.7,2.05,171.0,5.08,14.3,3.8,6.76,441.0,125.95,321.1,1.13,13.5,0.12,10.0,10.0,35.0
0.0,23.0,43.0,28.0,97.0,73.69953051643192,18.785260770975057,0.06,116.0,1.01,40.0,146.0,51.239,0.04,0.04,38.3,12.8,1.96,29.1,33.4,87.0,0.39,10.3,4.99,286.0,4.4,12.5,7.4,85.6,441.0,125.95,321.1,1.1,13.1,0.12,17.0,10.0,32.75
0.0,23.0,25.0,37.5,104.0,73.69953051643192,16.7,0.05,105.0,0.81,62.0,241.0,84.361,0.02,0.03,28.9,10.0,1.66,26.8,34.6,77.5,0.37,9.6,5.32,312.0,3.73,13.2,7.4,17.8,1279.12,758.6,285.0,1.25,14.8,0.12,17.0,10.0,34.5
0.0,14.0,16.0,32.7,51.0,62.0,11.0,0.11,88.0,0.71,45.0,193.0,111.478,0.04,0.42,39.6,13.4,2.1,29.9,33.8,88.4,0.75,8.9,8.83,385.0,4.48,12.8,12.1,5.8,441.0,15.4,302.81,1.1,13.1,0.12,20.0,10.0,32.75
0.0,40.0,26.0,33.4,47.0,73.69953051643192,18.785260770975057,0.07,246.0,0.98,81.0,252.93801652892563,82.73687055837563,0.02,0.0,38.0,12.9,1.24,26.9,33.9,79.3,0.39,11.1,5.06,248.0,4.79,12.0,6.7,17.6,1120.0,271.3,321.1,1.1,13.1,0.12,10.0,10.0,32.75
0.0,115.0,55.0,43.38,100.0,73.69953051643192,17.8,0.14,90.0,1.16,111.0,267.0,83.444,0.03,0.03,43.8,14.7,0.92,28.1,33.6,83.7,0.53,9.3,3.4,201.0,5.23,14.4,4.9,3.02,441.0,125.95,321.1,1.1,13.1,0.12,17.0,10.0,32.75
0.0,62.0,36.0,45.3,84.0960219478738,73.69953051643192,18.785260770975057,0.1272119815668203,98.0,0.96,104.25520833333331,155.0,88.622,0.05,0.1,37.5,12.6,1.37,27.8,33.6,82.8,0.51,9.2,4.11,410.0,4.53,13.3,6.1,8.05,743.95,65.9,321.1,1.1,13.1,0.12,23.0,10.0,32.75
0.0,20.0,15.0,43.2,75.0,73.69953051643192,18.785260770975057,0.1272119815668203,106.0,0.94,104.25520833333331,252.93801652892563,96.162,0.05,0.0,34.6,11.1,1.14,25.7,32.1,80.1,0.82,10.5,10.12,383.0,4.32,15.9,12.1,116.0,441.0,0.0,479.27,1.1,13.1,22.0,62.0,11.0,32.75
0.0,26.6,21.0,44.1,99.0,73.69953051643192,18.785260770975057,0.14,107.0,1.16,53.0,252.93801652892563,76.698,0.06,0.46,39.9,13.4,1.67,28.1,33.6,83.6,0.44,10.6,3.28,180.0,4.77,11.7,5.9,34.2,441.0,58.3,305.69,1.04,12.5,0.12,12.0,10.0,38.1
0.0,39.0,31.0,47.1,84.0960219478738,73.69953051643192,18.785260770975057,0.13,75.0,0.86,61.0,227.0,120.522,0.03,0.03,43.6,14.9,1.79,28.4,34.2,83.0,0.56,12.2,2.18,120.0,5.25,13.2,4.6,3.02,444.0,19.6,321.1,1.1,13.1,0.12,17.0,10.0,32.75
0.0,23.0,18.0,37.7,84.0960219478738,73.69953051643192,18.785260770975057,0.08,86.0,1.13,53.0,160.0,82.575,0.04,0.02,41.0,14.0,1.68,27.8,34.1,81.3,0.57,11.0,5.34,339.0,5.04,13.3,7.7,13.8,441.0,125.95,413.61,1.02,12.2,0.12,82.0,10.0,34.9
0.0,31.0,50.0,41.05,66.0,73.69953051643192,65.0,0.13,142.0,1.14,150.0,252.93801652892563,79.436,0.01,0.0,34.6,10.8,1.27,26.2,31.2,84.0,0.26,10.3,1.72,213.0,4.12,15.4,3.3,3.02,441.0,14.0,336.67,1.1,13.1,0.12,3.0,10.0,32.75
0.0,112.0,150.0,36.7,95.0,73.69953051643192,18.785260770975057,0.09,149.0,0.89,37.0,307.0,94.248,0.01,0.01,35.7,12.3,1.16,26.4,34.5,76.6,0.29,9.5,2.06,168.0,4.66,12.7,3.5,15.9,702.0,68.2,311.64,1.17,13.9,19.0,8.0,10.0,30.4
0.0,31.0,40.0,42.4,137.0,73.69953051643192,18.785260770975057,0.03,96.0,0.82,63.0,252.93801652892563,84.294,0.01,0.0,39.2,13.3,0.6,26.7,33.9,78.7,0.47,10.0,9.59,387.0,4.98,13.2,10.7,37.7,441.0,87.0,331.26,1.06,12.7,0.12,48.0,10.0,32.0
0.0,74.0,43.0,25.9,118.0,73.69953051643192,18.785260770975057,0.24,49.0,0.99,104.25520833333331,252.93801652892563,71.633,0.04,0.04,36.7,13.5,1.63,27.4,36.8,74.4,0.56,10.1,5.08,278.0,4.93,12.1,7.4,11.5,441.0,125.95,321.1,1.1,13.1,0.12,17.0,10.0,32.75
0.0,31.0,29.0,38.5,84.0960219478738,73.69953051643192,18.785260770975057,0.08,140.0,1.03,38.0,203.0,78.584,0.16,0.0,29.8,11.3,0.27,32.3,37.9,85.1,0.82,10.6,16.41,76.0,3.5,12.5,17.7,3.02,441.0,21.4,203.41,1.37,16.1,0.12,6.0,10.0,42.8
0.0,54.0,37.0,43.9,84.0960219478738,73.69953051643192,14.0,0.08,78.0,1.11,202.0,212.0,82.73687055837563,0.01,0.02,38.9,13.6,1.36,28.9,35.0,82.6,0.5,9.3,5.62,325.0,4.71,12.2,7.5,6.76,342.0,50.2,293.69,1.09,13.0,0.12,16.0,10.0,26.4
0.0,11.0,18.0,43.9,54.0,73.69953051643192,20.2,0.09,91.0,0.61,98.0,182.0,123.767,0.06,0.0,34.8,12.2,1.87,29.3,35.1,83.7,0.59,10.1,9.07,383.0,4.16,12.0,11.6,42.9,678.0,198.8,342.21,1.1,13.1,0.12,32.0,10.0,32.75
0.0,32.4,21.0,47.4,128.0,107.0,15.1,0.09,103.0,1.01,62.0,252.93801652892563,98.651,0.01,0.0,40.6,13.7,1.3,29.4,33.7,87.1,0.39,12.6,4.25,171.0,4.66,12.4,6.0,55.3,602.0,125.95,305.69,0.98,11.8,16.0,40.0,10.0,31.2
0.0,12.0,26.0,34.4,70.0,73.69953051643192,18.785260770975057,0.09,154.0,1.49,53.0,257.0,44.006,0.01,0.03,33.4,10.7,1.57,27.4,32.0,85.6,0.47,10.2,2.66,183.0,3.9,15.3,4.7,75.3,441.0,123.1,321.1,1.1,13.1,0.12,79.0,10.0,32.75
0.0,18.0,18.0,38.59178535606821,84.0960219478738,73.69953051643192,18.785260770975057,0.12,103.0,1.01,49.0,252.93801652892563,86.934,0.02,0.08,34.6,11.8,0.89,27.2,34.1,79.7,0.29,9.9,4.97,364.0,4.34,12.8,6.3,110.0,441.0,0.0,321.1,1.1,13.1,25.0,17.0,12.0,32.75
0.0,12.0,17.0,41.4,66.0,124.0,19.5,0.07,87.0,1.45,106.0,252.93801652892563,45.798,0.03,0.01,42.5,15.3,1.43,28.3,36.0,78.7,0.63,10.1,3.72,138.0,5.4,12.0,5.8,59.0,441.0,125.95,321.1,1.1,13.1,0.12,17.0,10.0,32.75
0.0,15.0,10.0,37.1,84.0960219478738,73.69953051643192,18.785260770975057,0.1272119815668203,199.0,0.73,28.0,252.93801652892563,98.717,0.01,0.01,42.7,13.8,1.8,27.4,32.3,84.9,0.33,9.4,3.63,241.0,5.03,13.2,5.8,10.1,441.0,111.0,321.1,1.1,13.1,0.12,35.0,10.0,32.75
0.0,52.0,56.0,38.59178535606821,84.0960219478738,73.69953051643192,5.0,0.1272119815668203,96.0,1.06,128.0,252.93801652892563,91.755,0.01,0.23,36.3,11.6,1.36,25.6,32.0,80.0,0.4,11.3,3.19,221.0,4.54,16.1,5.2,3.14,425.66,167.3,333.51,1.1,13.1,0.12,17.0,10.0,32.75
0.0,24.0,29.0,38.59178535606821,84.0960219478738,73.69953051643192,18.785260770975057,0.1272119815668203,129.0,1.01,104.25520833333331,252.93801652892563,82.73687055837563,0.07,0.05,36.5,11.8,2.55,29.8,32.3,92.2,0.81,10.4,3.15,402.0,3.96,14.3,6.6,3.84,441.0,125.95,321.1,1.1,13.1,0.12,17.0,10.0,32.75
0.0,44.0,24.0,30.8,89.0,173.0,14.0,0.13,117.0,1.22,18.0,173.0,60.539,0.01,0.02,34.9,12.3,1.89,28.7,35.2,81.4,0.37,9.4,1.53,242.0,4.29,12.8,3.8,25.4,441.0,105.5,270.76,1.25,14.8,0.12,17.0,10.0,54.3
0.0,12.0,23.0,45.85,58.0,74.0,14.4,0.16,99.0,1.52,79.0,252.93801652892563,44.807,0.02,0.05,48.7,16.9,1.25,30.5,34.7,87.7,0.9,10.1,4.23,143.0,5.55,12.6,6.5,82.5,981.0,521.6,321.1,1.1,13.1,37.0,80.0,18.0,32.75
0.0,17.0,19.0,42.2,114.0,73.69953051643192,18.785260770975057,0.1272119815668203,93.0,0.89,104.25520833333331,252.93801652892563,120.516,0.09,0.68,43.3,14.6,2.53,30.2,33.7,89.6,0.77,8.7,5.29,310.0,4.83,12.7,9.4,5.58,441.0,125.95,321.1,1.1,13.1,0.12,17.0,10.0,32.75
0.0,24.0,31.0,38.59178535606821,84.0960219478738,73.69953051643192,10.0,0.1272119815668203,297.0,0.83,28.0,252.93801652892563,86.073,0.01,0.04,39.2,13.0,1.37,29.1,33.2,87.9,0.35,11.8,2.26,136.0,4.46,14.4,4.0,3.02,441.0,117.4,342.21,1.1,13.1,0.12,21.0,10.0,32.75
0.0,19.0,18.0,45.0,81.0,91.0,12.5,0.08,83.0,1.15,109.0,170.0,84.917,0.01,0.01,47.1,16.2,1.1,31.4,34.4,91.3,0.36,10.4,3.0,163.0,5.16,12.9,4.5,3.02,441.0,13.6,321.1,1.1,13.1,0.12,15.0,10.0,32.75
0.0,35.308825910931176,33.24291497975708,38.59178535606821,84.0960219478738,73.69953051643192,18.785260770975057,0.1272119815668203,136.0293103448276,1.1425579536370902,104.25520833333331,252.93801652892563,82.73687055837563,0.01,0.0,37.6,12.6,1.22,30.9,33.5,92.2,0.38,9.9,3.8,167.0,4.08,12.3,5.4,8.39,441.0,620.8,321.1,1.1,13.1,12.0,22.0,10.0,32.75
0.0,42.0,20.0,38.8,84.0960219478738,73.69953051643192,18.785260770975057,0.06,94.0,0.92,50.0,149.0,93.959,0.01,0.01,40.6,13.6,1.88,28.8,33.5,85.8,0.34,9.7,2.43,279.0,4.73,12.5,4.7,9.73,441.0,293.3,237.64,1.3,15.4,12.0,17.0,10.0,53.8
0.0,9.0,17.0,25.3,84.0960219478738,73.69953051643192,18.785260770975057,0.1272119815668203,134.0,0.7,104.25520833333331,252.93801652892563,84.258,0.01,0.06,29.5,9.5,0.55,28.5,32.2,88.6,0.5,11.6,3.86,151.0,3.33,19.0,5.0,11.6,441.0,14.0,305.69,1.12,13.4,0.12,17.0,10.0,36.0
0.0,108.0,68.0,43.96,95.0,153.0,15.5,0.1272119815668203,146.0,0.83,71.0,191.0,101.166,0.04,0.24,36.1,11.7,3.22,26.1,32.4,80.6,0.63,9.8,4.04,402.0,4.48,13.5,8.2,3.02,441.0,125.95,321.1,1.1,13.1,0.12,17.0,10.0,32.75
0.0,37.0,29.0,48.3,84.0960219478738,73.69953051643192,18.785260770975057,0.16,106.0,1.13,145.0,252.93801652892563,75.9,0.04,0.11,45.5,15.4,1.94,27.5,33.8,81.3,0.62,11.1,5.29,217.0,5.6,13.0,8.0,3.02,441.0,125.95,321.1,1.1,13.1,0.12,17.0,10.0,32.75
0.0,21.0,29.0,38.78,124.0,73.69953051643192,69.3,0.11,103.0,0.82,321.0,204.0,93.452,0.02,0.11,38.9,13.4,1.14,26.9,34.4,78.1,0.78,9.9,6.57,324.0,4.98,13.6,8.6,3.02,416.0,51.5,281.31,1.04,12.4,0.12,17.0,10.0,28.1
0.0,6.0,19.0,38.59178535606821,84.0960219478738,73.69953051643192,18.785260770975057,0.1272119815668203,136.0293103448276,1.06,104.25520833333331,252.93801652892563,75.903,0.01,0.0,33.6,11.1,0.55,26.7,33.0,80.8,0.27,11.3,4.54,143.0,4.16,13.6,5.4,12.4,441.0,125.95,321.1,1.1,13.1,0.12,17.0,10.0,32.75
0.0,24.0,29.0,42.5,66.0,73.69953051643192,18.785260770975057,0.11,176.0,1.23,119.0,252.93801652892563,69.473,0.01,0.0,34.8,12.6,1.75,28.0,36.2,77.3,0.35,9.4,3.79,195.0,4.5,13.5,5.9,3.02,322.0,211.7,296.79,1.1,13.1,0.12,9.0,10.0,32.75
0.0,23.0,84.0,31.0,105.0,73.69953051643192,44.5,0.23,71.0,1.19,181.0,456.0,57.75,0.04,0.36,49.2,17.1,1.81,27.4,34.8,78.7,0.78,10.7,2.56,194.0,6.25,14.0,5.6,112.0,564.0,541.7,388.5,1.04,12.4,0.12,17.0,10.0,44.6
0.0,27.0,19.0,46.57,80.0,43.0,18.785260770975057,0.07,110.0,0.97,127.0,196.0,107.293,0.01,0.13,29.9,10.2,0.67,29.7,34.1,87.2,0.44,10.0,5.02,144.0,3.43,18.5,6.3,3.02,474.0,126.2,321.1,1.1,13.1,0.12,17.0,10.0,32.75
0.0,17.0,29.0,32.5,84.0960219478738,73.69953051643192,17.7,0.09,115.0,1.0,97.0,272.0,82.73687055837563,0.01,0.11,34.1,12.0,1.09,29.6,35.2,84.2,0.43,11.3,1.3,159.0,4.05,11.9,2.9,3.02,441.0,72.0,423.16,1.08,12.9,0.12,23.0,10.0,32.6
0.0,43.0,34.0,33.0,72.0,73.69953051643192,18.785260770975057,0.12,141.0,0.92,67.0,252.93801652892563,74.518,0.02,0.03,31.2,10.1,1.21,25.6,32.4,79.2,0.44,10.1,1.85,180.0,3.94,12.4,3.6,7.87,441.0,126.0,300.0,1.1,13.1,0.12,11.0,10.0,32.75
0.0,21.0,40.0,32.9,84.0960219478738,73.69953051643192,18.785260770975057,0.1,100.0,0.88,41.0,189.0,86.423,0.02,0.03,38.4,12.1,1.78,27.8,31.5,88.3,0.34,11.5,1.79,177.0,4.35,13.2,4.0,88.6,441.0,125.95,321.1,1.1,13.1,0.12,17.0,10.0,32.75
0.0,24.0,29.0,44.4,62.0,66.0,1.0,0.12,99.0,1.18,99.0,252.93801652892563,63.029,0.03,0.05,30.2,9.9,1.43,25.9,32.8,79.1,0.39,11.2,2.53,203.0,3.82,13.8,4.4,12.9,441.0,125.95,321.1,1.1,13.1,0.12,33.0,10.0,32.75
0.0,22.0,23.0,38.59178535606821,84.0960219478738,73.69953051643192,18.785260770975057,0.1272119815668203,104.0,0.9,104.25520833333331,252.93801652892563,87.452,0.03,0.01,34.3,11.3,1.17,25.1,32.9,76.1,0.08,11.3,3.97,279.0,4.51,13.1,5.3,3.14,506.59,104.8,336.67,1.1,13.1,0.12,2.0,10.0,32.75
0.0,84.6,58.0,40.5,92.0,114.0,32.2,0.17,93.0,0.92,50.0,312.0,108.132,0.01,0.0,40.6,13.7,1.56,31.5,33.7,93.3,0.41,11.4,3.27,138.0,4.35,11.6,5.3,42.4,5538.77,141.3,321.1,1.1,13.1,0.12,17.0,10.0,32.75
0.0,218.0,87.0,33.0,84.0960219478738,73.69953051643192,18.785260770975057,0.11,120.0,0.89,104.25520833333331,278.0,70.669,0.01,0.12,50.3,17.7,2.7,31.4,35.2,89.2,0.43,9.8,3.03,252.0,5.64,12.3,6.3,99.2,441.0,125.95,501.36,1.1,13.1,0.12,86.0,10.0,32.75
0.0,17.0,23.0,34.8,65.0,91.0,14.1,0.08,115.0,0.84,47.0,252.93801652892563,90.601,0.04,0.08,40.2,13.1,1.14,23.7,32.6,72.7,0.96,8.8,3.42,191.0,5.53,15.6,5.6,3.02,441.0,96.4,298.38,1.05,12.6,0.12,19.0,10.0,34.9
0.0,35.308825910931176,33.24291497975708,37.96,81.0,62.0,23.3,0.12,86.0,0.87,737.0,252.93801652892563,95.132,0.04,0.14,41.3,13.5,2.15,28.8,32.7,88.2,0.62,10.6,3.08,205.0,4.68,12.7,6.0,3.02,441.0,8.1,318.61,1.1,13.1,0.12,17.0,10.0,32.75
0.0,31.0,39.0,35.9,84.0960219478738,73.69953051643192,21.3,0.06,94.0,0.9,71.0,291.0,82.73687055837563,0.03,0.08,44.2,15.1,1.42,28.8,34.2,84.4,0.75,9.5,3.16,191.0,5.24,11.8,5.4,80.1,669.0,534.8,352.34,1.15,13.7,0.12,17.0,10.0,33.7
0.0,30.0,19.0,37.9,96.0,73.69953051643192,16.2,0.08,270.0,0.66,22.0,224.0,106.276,0.03,0.18,42.6,14.9,3.17,27.7,35.0,79.3,0.46,11.2,2.55,335.0,5.37,12.8,6.4,5.59,1707.44,125.95,339.9,1.14,13.6,0.12,79.0,10.0,26.7
0.0,30.0,28.0,31.3,84.0960219478738,73.69953051643192,18.785260770975057,0.1272119815668203,95.0,0.95,71.0,252.93801652892563,81.918,0.02,0.02,45.9,16.0,1.72,29.4,34.9,84.2,0.45,10.7,4.47,156.0,5.45,12.4,6.7,3.02,265.0,125.95,338.47,1.1,13.1,0.12,17.0,10.0,32.75
0.0,59.0,41.0,44.4,84.0960219478738,73.69953051643192,18.785260770975057,0.05,112.0,0.88,164.0,189.0,121.077,0.0,0.0,42.1,14.0,1.32,28.7,33.3,86.4,0.46,10.7,4.56,316.0,4.87,12.8,6.3,3.02,309.79,5.7,219.17,1.1,13.1,0.12,7.0,10.0,32.75
0.0,63.0,52.0,32.4,86.0,49.0,16.6,0.14,108.0,0.92,56.0,374.0,86.972,0.01,0.0,42.0,14.2,0.98,29.5,33.8,87.1,0.49,12.0,1.98,170.0,4.82,13.5,3.5,3.02,715.0,147.7,327.79,1.1,13.1,0.12,10.0,10.0,32.75
0.0,50.0,59.0,41.9,89.0,73.69953051643192,18.785260770975057,0.09,78.0,0.77,33.0,252.93801652892563,96.214,0.03,0.01,39.1,13.3,1.0,28.2,34.0,82.8,0.44,10.8,10.27,173.0,4.72,14.4,11.8,5.56,441.0,126.8,321.1,1.1,13.1,0.12,17.0,10.0,32.75
0.0,16.0,23.0,38.59178535606821,84.0960219478738,73.69953051643192,18.785260770975057,0.06,88.0,0.8,63.0,252.93801652892563,103.522,0.09,0.2,44.5,14.9,2.86,27.1,33.5,81.1,0.71,10.0,10.16,367.0,5.49,14.9,14.0,3.02,441.0,139.7,321.1,1.1,13.1,0.12,9.0,10.0,32.75
0.0,17.0,23.0,36.6,72.0,73.69953051643192,18.785260770975057,0.05,435.0,0.99,79.0,252.93801652892563,58.737,0.04,0.26,38.2,13.1,2.31,28.9,34.3,84.1,0.44,9.0,3.37,280.0,4.54,12.4,6.4,40.2,441.0,259.5,321.1,1.1,13.1,0.12,37.0,10.0,32.75
0.0,30.0,48.0,36.8,84.0960219478738,73.69953051643192,18.3,0.12,95.0,0.84,39.0,371.0,82.73687055837563,0.04,0.06,45.1,16.0,2.31,29.1,35.5,82.1,0.7,10.2,5.34,244.0,5.49,11.9,8.5,5.2,441.0,125.95,321.1,1.1,13.1,15.0,17.0,10.0,32.75
0.0,17.0,22.0,38.59178535606821,84.0960219478738,73.69953051643192,23.0,0.1272119815668203,136.0293103448276,0.83,19.0,306.0,66.813,0.02,0.0,38.1,13.1,0.84,28.5,34.4,83.0,0.69,10.9,12.85,226.0,4.59,12.9,14.4,3.53,1525.98,441.9,295.23,0.87,10.5,0.12,14.0,10.0,25.3
0.0,15.0,38.0,36.0,91.0,73.69953051643192,18.785260770975057,0.15,118.0,1.0,124.0,252.93801652892563,49.719,0.05,0.08,44.9,15.7,2.07,30.1,35.0,86.0,0.36,9.8,2.49,419.0,5.22,11.6,5.1,6.76,441.0,125.95,321.1,1.1,13.1,0.12,17.0,10.0,32.75
0.0,17.0,7.0,26.7,61.0,73.69953051643192,18.785260770975057,0.19,239.0,0.74,43.0,255.0,80.063,0.07,0.0,39.0,12.7,1.35,27.1,32.6,83.3,0.66,9.4,9.09,261.0,4.68,13.9,11.2,5.36,1335.11,39.6,321.1,1.1,13.1,0.12,17.0,10.0,32.75
0.0,24.0,29.0,38.59178535606821,84.0960219478738,73.69953051643192,20.0,0.1272119815668203,136.0293103448276,0.81,59.0,329.0,64.145,0.07,0.42,35.9,11.4,2.17,29.3,31.8,92.3,0.45,9.9,3.01,157.0,3.89,14.4,6.1,62.3,6453.82,663.2,321.1,0.99,11.9,50.0,31.0,10.0,23.5
0.0,8.3,25.0,28.8,57.0,73.69953051643192,18.785260770975057,0.2,252.0,1.31,104.25520833333331,252.93801652892563,41.865,0.01,0.0,41.5,13.5,0.51,28.7,32.5,88.1,0.07,9.5,4.68,332.0,4.71,12.5,5.3,3.02,393.0,34.2,300.0,1.1,13.1,0.12,2.0,10.0,45.0
0.0,10.0,16.0,35.2,62.0,73.69953051643192,10.1,0.08,107.0,0.83,92.0,176.0,75.288,0.01,0.0,40.1,13.8,1.51,28.7,34.4,83.4,0.29,10.6,2.41,212.0,4.81,12.3,4.2,3.14,135.26,18.5,318.61,1.19,14.1,0.12,17.0,10.0,32.2
0.0,37.1,35.0,36.2,46.0,73.69953051643192,18.785260770975057,0.12,214.0,1.11,24.0,217.0,49.384,0.04,0.02,49.3,17.1,2.29,29.4,34.7,84.7,0.76,9.8,3.61,230.0,5.82,13.8,6.7,3.02,441.0,125.95,321.1,1.1,13.1,0.12,17.0,10.0,32.75
0.0,45.0,41.0,38.59178535606821,74.0,73.69953051643192,18.785260770975057,0.1272119815668203,136.0293103448276,1.03,322.0,394.0,86.705,0.02,0.16,34.7,11.9,2.2,30.1,34.3,87.6,0.83,10.4,7.47,266.0,3.96,12.2,10.7,4.93,615.0,58.5,338.47,1.1,13.1,0.12,17.0,10.0,32.75
0.0,76.8,65.0,38.59178535606821,68.0,73.69953051643192,18.785260770975057,0.1272119815668203,136.0293103448276,0.9,55.0,251.0,94.477,0.01,0.03,42.6,14.4,1.31,29.3,33.8,86.8,0.79,10.0,6.07,228.0,4.91,13.2,8.2,6.76,488.0,125.95,321.1,1.1,13.1,0.12,17.0,10.0,32.75
0.0,29.0,29.0,40.07,66.0,103.0,14.4,0.1272119815668203,115.0,0.81,98.0,238.0,82.73687055837563,0.02,0.12,38.1,12.9,1.68,32.3,33.9,95.5,0.67,9.7,4.38,178.0,3.99,13.5,6.9,35.8,441.0,256.9,321.1,1.1,13.1,0.12,20.0,10.0,32.75
0.0,36.0,52.0,30.2,88.0,70.0,15.1,0.15,200.0,1.45,73.0,335.0,48.106,0.03,0.11,47.2,16.2,2.08,29.7,34.3,86.4,0.92,9.9,3.9,216.0,5.46,12.3,7.0,6.76,1100.0,45.4,321.1,1.1,13.1,0.12,17.0,10.0,33.3
0.0,23.0,41.0,38.59178535606821,84.0960219478738,73.69953051643192,9.0,0.1272119815668203,116.0,0.97,64.0,252.93801652892563,70.393,0.02,0.0,43.6,15.3,0.54,28.5,35.1,81.3,0.71,10.5,6.55,406.0,5.36,12.5,7.8,74.5,441.0,204.9,417.31,1.07,12.8,0.12,17.0,10.0,32.75
0.0,15.0,27.0,22.8,84.0960219478738,73.69953051643192,18.785260770975057,0.1272119815668203,237.0,2.06,161.0,252.93801652892563,31.026,0.02,0.01,35.7,10.9,0.75,29.6,30.5,97.0,0.52,11.1,6.68,223.0,3.68,15.4,8.0,3.13,441.0,125.95,321.1,1.1,13.1,0.12,17.0,10.0,32.75
0.0,21.0,29.0,34.7,78.0,95.0,11.2,0.11,101.0,1.0,131.0,244.0,79.745,0.0,0.01,41.8,14.6,2.96,28.7,34.9,82.1,0.5,9.0,3.73,221.0,5.09,12.1,7.2,43.1,441.0,318.3,523.91,1.1,13.1,0.12,17.0,10.0,32.75
0.0,21.0,20.0,50.5,74.0,73.69953051643192,18.785260770975057,0.1272119815668203,72.0,0.9,104.25520833333331,252.93801652892563,119.125,0.03,0.02,49.2,17.0,1.48,28.0,34.6,80.9,1.26,11.0,2.78,177.0,6.08,12.6,5.6,59.2,441.0,125.95,321.1,1.1,13.1,0.12,17.0,10.0,32.75
0.0,29.4,45.0,36.6,69.0,73.69953051643192,18.785260770975057,0.27,112.0,1.37,71.0,252.93801652892563,56.449,0.06,0.15,29.5,9.3,0.85,27.6,31.5,87.5,0.77,9.5,8.81,250.0,3.37,17.8,10.6,20.5,441.0,125.95,321.1,2.17,24.9,0.12,17.0,16.0,33.1
0.0,16.0,27.0,33.3,88.0,73.69953051643192,11.6,0.17,105.0,1.01,56.0,305.0,76.072,0.02,0.03,36.3,11.8,1.15,26.7,32.5,82.1,0.49,11.3,2.51,259.0,4.42,14.0,4.2,3.02,280.0,132.6,186.54,1.1,13.1,0.12,19.0,10.0,32.75
0.0,17.0,44.0,35.0,75.0,43.0,20.4,0.17,92.0,0.84,247.0,360.0,83.277,0.02,0.21,41.9,14.8,2.99,30.5,35.3,86.4,0.66,10.3,1.8,309.0,4.85,12.0,5.7,3.02,441.0,125.95,321.1,1.1,13.1,0.12,17.0,10.0,32.75
0.0,7.0,17.0,37.0,113.0,73.69953051643192,18.785260770975057,0.16,108.0,1.53,58.0,252.93801652892563,44.453,0.05,0.14,29.0,8.5,1.85,22.8,29.3,77.7,0.78,10.6,5.81,269.0,3.73,18.0,8.6,56.4,441.0,430.9,339.9,1.12,13.4,13.0,48.0,10.0,25.9
0.0,50.0,24.0,28.7,84.0960219478738,73.69953051643192,18.785260770975057,0.11,252.0,0.93,21.0,208.0,78.903,0.02,0.0,44.5,16.0,1.62,29.9,36.0,83.0,0.66,9.1,1.79,178.0,5.36,12.6,4.1,33.1,441.0,125.95,321.1,1.1,13.1,0.12,17.0,10.0,32.75
0.0,15.0,27.0,40.4,84.0960219478738,73.69953051643192,18.785260770975057,0.1272119815668203,89.0,1.21,104.25520833333331,262.0,63.777,0.04,0.17,38.1,13.0,2.57,29.4,34.1,86.2,1.34,10.6,4.36,301.0,4.42,12.2,8.5,3.9,198.0,105.8,509.48,1.07,12.8,0.12,17.0,10.0,37.1
0.0,100.0,92.0,38.59178535606821,84.0960219478738,73.69953051643192,36.3,0.1272119815668203,183.0,1.06,42.0,252.93801652892563,73.283,0.06,0.08,47.9,16.0,1.89,29.2,33.4,87.4,0.58,10.0,5.58,277.0,5.48,12.7,8.2,6.76,441.0,44.7,321.1,1.1,13.1,0.12,17.0,10.0,32.75
0.0,17.0,22.0,43.8,84.0960219478738,73.69953051643192,18.785260770975057,0.1272119815668203,68.0,0.85,104.25520833333331,231.0,103.035,0.01,0.01,45.0,15.3,0.9,28.2,34.0,83.0,0.4,11.6,2.99,122.0,5.42,12.3,4.3,6.15,441.0,125.95,321.1,1.1,13.1,0.12,17.0,10.0,32.75
0.0,52.0,79.0,22.7,1748.0,73.69953051643192,18.785260770975057,0.1272119815668203,121.0,0.74,53.0,252.93801652892563,87.73,0.02,0.02,45.3,16.5,2.13,31.3,36.4,85.8,0.42,10.8,3.49,307.0,5.28,13.4,6.1,21.1,441.0,125.95,321.1,2.22,25.5,0.12,17.0,10.0,34.9
0.0,15.0,26.0,25.3,71.0,68.0,16.5,0.07,89.0,0.7,16.0,252.93801652892563,87.27,0.0,0.0,32.3,11.1,0.48,26.6,34.4,77.5,0.41,10.8,3.37,246.0,4.17,13.7,4.3,74.4,441.0,811.8,321.1,1.1,13.1,14.0,76.0,10.0,32.75
0.0,81.0,49.0,33.8,60.0,73.69953051643192,14.1,0.14,81.0,1.26,28.0,238.0,63.791,0.02,0.04,45.4,13.4,2.03,22.1,29.5,74.9,0.75,10.5,4.59,290.0,6.06,24.0,7.4,3.02,441.0,125.95,321.1,1.1,13.1,0.12,17.0,10.0,32.75
0.0,26.3,35.0,38.59178535606821,84.0960219478738,73.69953051643192,18.785260770975057,0.14,108.0,0.97,171.0,252.93801652892563,86.906,0.02,0.01,41.1,14.3,1.46,28.3,34.8,81.4,0.23,11.0,1.12,139.0,5.05,12.8,2.8,3.02,441.0,265.0,321.1,1.1,13.1,0.12,3.0,10.0,32.75
0.0,28.0,28.0,41.08,70.0,80.0,17.1,0.1,146.0,0.94,454.0,252.93801652892563,89.638,0.01,0.01,32.8,10.1,0.61,28.0,30.8,90.9,0.21,13.4,0.77,83.0,3.61,17.6,1.6,20.0,473.0,154.8,331.26,1.15,13.7,0.12,17.0,10.0,27.0
0.0,29.0,45.0,36.5,84.0960219478738,73.69953051643192,18.785260770975057,0.09,96.0,0.93,139.0,305.0,80.584,0.01,0.0,36.0,12.0,1.45,30.8,33.3,92.5,0.3,11.5,3.64,98.0,3.89,13.5,5.4,6.76,441.0,125.95,321.1,1.1,13.1,0.12,17.0,53.0,32.75
0.0,21.0,31.0,37.7,84.0960219478738,73.69953051643192,18.785260770975057,0.11,209.0,0.87,99.0,302.0,67.236,0.01,0.02,37.7,12.7,1.98,27.5,33.7,81.8,0.33,11.1,3.79,118.0,4.61,12.2,6.1,3.02,441.0,125.95,321.1,1.1,13.1,0.12,17.0,10.0,32.75
0.0,45.0,34.0,31.8,84.0,73.69953051643192,16.0,0.11,469.0,0.95,52.0,265.0,58.366,0.02,0.01,31.5,10.7,0.92,26.5,34.0,78.0,0.63,10.6,2.88,184.0,4.04,14.1,4.5,9.06,351.91,295.4,321.1,1.1,13.1,0.12,17.0,10.0,32.75
0.0,24.0,21.0,40.68,98.0,89.0,40.4,0.09,136.0,0.82,124.0,252.93801652892563,96.792,0.01,0.03,41.9,14.8,1.64,29.8,35.3,84.3,1.06,10.6,4.88,204.0,4.97,13.5,7.6,3.37,441.0,82.4,211.01,1.68,19.6,14.0,17.0,10.0,51.9
0.0,32.0,23.0,44.3,84.0960219478738,73.69953051643192,18.785260770975057,0.04,298.0,0.72,104.25520833333331,191.0,91.955,0.05,0.5,42.4,14.4,1.78,29.3,34.0,86.4,1.05,10.1,3.96,195.0,4.91,12.6,7.3,3.02,441.0,125.95,321.1,1.04,12.5,0.12,17.0,10.0,27.2
0.0,45.0,71.0,38.11,89.0,70.0,28.4,0.1272119815668203,122.0,1.33,902.0,310.0,38.859,0.04,0.2,47.2,15.4,1.45,29.7,32.6,90.9,0.4,10.8,1.89,187.0,5.19,12.5,4.0,6.76,441.0,125.95,501.36,1.07,12.8,0.12,17.0,10.0,37.0
0.0,92.0,46.0,37.8,104.0,73.69953051643192,23.6,0.15,98.0,0.68,27.0,304.0,99.486,0.02,0.06,41.7,13.5,1.59,27.6,32.4,85.3,0.79,9.6,10.26,332.0,4.89,14.9,12.7,23.3,777.32,375.5,402.76,1.1,13.1,0.12,71.0,10.0,32.75
0.0,36.0,32.0,38.0,84.0960219478738,73.69953051643192,18.785260770975057,0.17,115.0,0.91,60.0,196.0,60.624,0.05,0.08,46.8,16.1,2.29,30.3,34.4,88.0,0.62,10.0,4.66,251.0,5.32,13.0,7.7,5.48,441.0,125.95,321.1,1.1,13.1,0.12,17.0,10.0,32.75
0.0,39.0,26.0,35.5,74.0,73.69953051643192,18.785260770975057,0.12,131.0,0.7,21.0,243.0,91.215,0.01,0.03,40.2,13.9,1.07,29.8,34.6,86.3,0.37,10.2,2.74,132.0,4.66,13.2,4.2,6.76,441.0,125.95,321.1,1.1,13.1,0.12,17.0,10.0,32.75
0.0,22.0,27.0,42.9,68.0,73.69953051643192,17.1,0.14,98.0,0.79,214.0,251.0,100.77,0.02,0.07,34.1,11.1,2.13,25.5,32.6,78.2,0.76,9.5,2.61,210.0,4.36,16.0,5.6,48.1,261.46,125.95,321.1,1.1,13.1,0.12,17.0,10.0,32.75
0.0,18.0,23.0,34.9,84.0960219478738,73.69953051643192,18.785260770975057,0.14,93.0,1.76,216.0,208.0,29.091,0.01,0.01,41.9,13.5,0.96,28.2,32.2,87.5,0.2,11.6,2.75,128.0,4.79,14.0,3.9,12.4,441.0,821.2,362.26,1.1,13.1,14.0,17.0,10.0,38.4
0.0,17.0,22.0,38.59178535606821,84.0960219478738,73.69953051643192,18.785260770975057,0.1272119815668203,83.0,0.85,104.25520833333331,238.0,80.146,0.02,0.06,39.4,12.9,1.38,27.0,32.7,82.4,0.32,10.2,1.49,259.0,4.78,12.7,3.3,10.4,528.6,125.95,321.1,1.1,13.1,22.0,17.0,10.0,32.75
0.0,25.0,28.0,44.7,84.0960219478738,73.69953051643192,13.3,0.11,90.0,0.68,65.0,174.0,82.73687055837563,0.0,0.0,44.2,14.3,1.22,25.8,32.4,79.6,0.54,11.2,6.69,267.0,5.55,14.3,8.5,3.02,441.0,125.95,321.1,1.1,13.1,0.0,17.0,10.0,32.75
0.0,18.0,19.0,43.0,90.0,53.0,15.3,0.1,324.0,0.84,46.0,317.0,81.301,0.01,0.03,40.2,13.7,0.58,28.1,34.1,82.5,0.24,9.8,2.62,151.0,4.87,14.4,3.5,53.3,311.0,125.95,321.1,1.1,13.1,0.12,17.0,10.0,32.75
0.0,42.0,33.0,33.9,84.0960219478738,73.69953051643192,18.785260770975057,0.13,183.0,0.72,104.25520833333331,302.0,91.312,0.11,0.15,39.0,13.5,1.44,27.2,34.6,78.5,1.07,9.4,14.13,316.0,4.97,13.7,16.9,16.3,441.0,125.95,321.1,1.1,13.1,0.12,17.0,10.0,32.75
0.0,22.0,14.0,35.5,84.0960219478738,73.69953051643192,18.785260770975057,0.06,195.0,1.08,90.0,216.0,55.148,0.03,0.09,33.9,11.7,2.64,28.3,34.5,81.9,0.48,9.6,2.32,227.0,4.14,12.8,5.6,22.0,741.0,125.95,321.1,0.92,11.1,13.0,17.0,10.0,33.9
0.0,20.0,25.0,38.3,43.0,73.69953051643192,18.785260770975057,0.1,73.0,0.72,37.0,211.0,99.343,0.02,0.0,34.9,11.8,0.8,27.9,33.8,82.5,0.64,11.1,7.87,359.0,4.23,12.4,9.3,3.02,241.0,125.95,486.28,1.05,12.6,0.12,17.0,10.0,40.5
0.0,43.0,50.0,35.7,55.0,27.0,8.0,0.09,106.0,0.72,37.0,266.0,86.93,0.01,0.0,39.2,12.6,1.24,26.0,32.1,81.0,0.4,10.3,4.99,264.0,4.84,13.2,6.6,27.4,441.0,828.4,305.69,1.06,12.7,0.12,17.0,10.0,23.7
0.0,30.0,31.0,33.24,84.0960219478738,73.69953051643192,18.785260770975057,0.1272119815668203,372.0,0.62,104.25520833333331,252.93801652892563,68.67,0.01,0.05,32.9,11.3,1.0,26.3,34.3,76.5,0.37,10.9,2.2,216.0,4.3,13.2,3.6,27.4,519.79,152.2,428.97,1.08,12.9,23.0,17.0,10.0,32.75
0.0,48.0,32.0,38.3,107.0,68.0,14.7,0.12,126.0,0.74,110.0,219.0,90.854,0.01,0.01,43.4,14.0,1.03,30.2,32.3,93.7,0.09,12.3,2.55,125.0,4.63,14.6,3.7,3.02,441.0,85.3,321.1,1.1,13.1,0.12,13.0,10.0,32.75
0.0,17.0,22.0,41.5,84.0960219478738,73.69953051643192,18.785260770975057,0.16,184.0,1.0,104.25520833333331,167.0,51.859,0.02,0.0,40.3,13.0,0.75,25.0,32.3,77.6,1.0,11.6,8.41,286.0,5.19,15.6,10.2,55.4,10160.02,217.5,260.91,1.24,14.7,42.0,17.0,10.0,28.3
0.0,35.308825910931176,33.24291497975708,38.59178535606821,84.0960219478738,73.69953051643192,18.785260770975057,0.1272119815668203,102.0,1.33,104.25520833333331,252.93801652892563,38.587,0.03,0.0,41.1,14.3,0.54,28.5,34.8,81.9,0.73,9.8,4.54,310.0,5.02,12.1,5.8,8.26,441.0,125.95,321.1,1.1,13.1,0.12,17.0,670.0,32.75
0.0,25.0,27.0,33.1,84.0960219478738,73.69953051643192,18.785260770975057,0.09,114.0,0.96,113.0,331.0,58.859,0.01,0.11,50.0,15.8,0.95,25.0,31.6,79.2,0.72,11.1,4.74,197.0,6.31,19.2,6.5,131.0,441.0,438.7,370.35,1.1,13.1,14.0,112.0,10.0,32.75
0.0,8.0,15.0,38.59178535606821,84.0960219478738,73.69953051643192,18.785260770975057,0.1272119815668203,98.0,0.52,104.25520833333331,252.93801652892563,119.057,0.01,0.01,34.9,12.0,0.72,31.2,34.4,90.6,0.43,10.2,1.22,167.0,3.85,11.7,2.4,6.76,441.0,125.95,321.1,1.1,13.1,0.12,17.0,10.0,32.75
0.0,26.0,21.0,41.7,84.0960219478738,73.69953051643192,18.785260770975057,0.06,96.0,0.83,104.25520833333331,162.0,85.435,0.02,0.0,34.7,12.6,1.27,27.9,36.3,76.8,0.44,12.3,3.49,263.0,4.52,12.9,5.2,77.1,441.0,125.95,321.1,1.1,13.1,0.12,17.0,10.0,32.75
0.0,41.0,37.0,35.0,56.0,73.69953051643192,18.785260770975057,0.1272119815668203,201.0,0.73,37.0,252.93801652892563,84.894,0.01,0.03,46.8,15.8,1.49,29.6,33.8,87.6,0.58,10.0,2.14,155.0,5.34,12.3,4.3,47.7,1380.0,125.95,295.23,1.3,15.4,28.0,34.0,10.0,58.9
0.0,6.0,9.0,32.9,89.0,73.69953051643192,16.9,0.12,112.0,0.67,104.25520833333331,252.93801652892563,88.098,0.01,0.01,44.3,15.1,0.76,26.4,34.1,77.4,0.52,9.2,2.65,199.0,5.72,14.3,4.0,5.42,1097.11,110.6,188.11,1.29,15.3,16.0,9.0,10.0,26.6
0.0,35.0,36.0,38.59178535606821,43.0,73.69953051643192,18.785260770975057,0.1272119815668203,136.0293103448276,0.98,88.0,283.0,68.914,0.04,0.07,35.2,11.1,2.21,24.3,31.5,77.0,0.62,10.9,4.43,83.0,4.57,17.6,7.4,25.8,441.0,310.4,321.1,1.1,13.1,0.12,17.0,10.0,32.75
0.0,12.0,29.0,21.0,84.0960219478738,73.69953051643192,18.785260770975057,0.1272119815668203,83.0,0.81,104.25520833333331,252.93801652892563,66.906,0.03,0.15,38.5,12.2,1.76,28.0,31.7,88.3,0.71,10.0,3.51,251.0,4.36,15.4,6.2,8.54,517.72,194.2,493.64,1.05,12.6,0.12,17.0,10.0,28.1
0.0,16.0,22.0,34.1,84.0960219478738,73.69953051643192,18.785260770975057,0.1272119815668203,98.0,1.23,104.25520833333331,252.93801652892563,43.62,0.07,0.0,37.0,12.5,0.81,25.7,33.8,76.1,0.51,10.3,5.42,340.0,4.86,13.6,6.8,3.02,441.0,125.95,321.1,1.08,12.9,0.12,4.0,10.0,35.5
0.0,0.0,53.0,40.6,84.0960219478738,73.69953051643192,18.785260770975057,0.06,106.0,1.0,104.25520833333331,252.93801652892563,56.818,0.06,0.46,37.2,11.3,2.66,26.3,30.4,86.5,0.93,10.8,4.39,310.0,4.3,14.9,8.5,40.1,1510.0,125.95,321.1,1.1,13.1,0.12,17.0,10.0,32.75
0.0,61.0,51.0,31.9,84.0960219478738,73.69953051643192,18.785260770975057,0.15,135.0,0.84,211.0,459.0,67.729,0.01,0.01,47.3,16.7,1.11,30.5,35.3,86.5,0.61,9.7,2.16,200.0,5.47,12.8,3.9,5.56,441.0,403.9,479.27,1.31,15.5,0.12,46.0,10.0,39.9
0.0,56.0,57.0,38.59178535606821,58.0,73.69953051643192,16.7,0.1272119815668203,136.0293103448276,0.77,61.0,328.0,92.893,0.01,0.0,40.6,13.9,0.88,29.5,34.2,86.2,0.28,10.6,5.76,254.0,4.71,13.5,6.9,6.76,441.0,125.95,321.1,1.1,13.1,0.12,17.0,10.0,32.75
0.0,13.0,17.0,39.8,84.0960219478738,73.69953051643192,12.5,0.09,154.0,0.98,42.0,223.0,82.73687055837563,0.02,0.02,43.5,14.5,1.15,28.7,33.3,86.1,0.41,10.5,3.33,264.0,5.05,13.3,4.9,15.6,441.0,125.95,321.1,1.1,13.1,0.12,17.0,10.0,32.75
0.0,59.0,32.0,32.6,84.0960219478738,73.69953051643192,18.785260770975057,0.07,171.0,1.02,88.0,345.0,57.862,0.02,0.01,30.0,9.8,1.21,26.7,32.7,81.7,0.81,9.9,9.35,53.0,3.67,16.2,11.4,14.8,1434.11,398.2,311.64,1.05,12.6,13.0,52.0,10.0,31.4
0.0,31.3,33.0,32.4,74.0,73.69953051643192,18.785260770975057,0.04,107.0,1.13,35.0,164.0,46.99,0.01,0.07,38.1,13.0,1.36,26.7,34.1,78.2,0.57,9.7,5.76,237.0,4.87,13.7,7.8,20.5,441.0,51.8,399.26,1.12,13.4,0.12,30.0,10.0,22.3
0.0,11.0,25.0,38.59178535606821,84.0960219478738,73.69953051643192,18.785260770975057,0.1272119815668203,105.0,0.73,104.25520833333331,252.93801652892563,76.943,0.02,0.0,29.6,10.2,1.21,29.2,34.5,84.8,0.86,10.2,10.0,464.0,3.49,13.4,12.1,23.4,441.0,125.95,321.1,1.1,13.1,23.0,17.0,10.0,32.75
0.0,73.0,68.0,36.9,84.0960219478738,73.69953051643192,18.785260770975057,0.09,102.0,1.05,78.0,294.0,52.816,0.05,0.01,44.7,15.4,1.15,30.9,34.5,89.8,0.95,10.3,7.16,206.0,4.98,11.8,9.3,6.76,441.0,125.95,321.1,1.1,13.1,0.12,17.0,52.0,32.75
0.0,36.0,23.0,38.59178535606821,64.0,73.69953051643192,18.785260770975057,0.1272119815668203,136.0293103448276,0.79,39.0,316.0,71.928,0.02,0.0,33.6,11.7,0.7,27.9,34.8,80.2,0.38,11.4,5.21,55.0,4.19,13.5,6.3,4.41,441.0,125.95,321.1,1.1,13.1,0.12,17.0,10.0,32.75
0.0,14.0,19.0,38.59178535606821,84.0960219478738,73.69953051643192,18.785260770975057,0.1272119815668203,86.0,1.1425579536370902,104.25520833333331,252.93801652892563,82.73687055837563,0.03,0.23,44.5,14.9,1.75,28.6,33.5,85.4,0.65,11.4,3.68,234.0,5.21,13.1,6.3,3.02,268.0,95.7,311.64,1.1,13.1,0.12,4.0,10.0,32.75
0.0,12.0,20.0,47.7,45.0,73.69953051643192,12.0,0.09,75.0,0.74,81.0,189.0,109.828,0.02,0.07,34.0,11.2,2.85,27.5,32.9,83.3,0.65,8.6,3.34,308.0,4.08,14.5,6.9,120.0,441.0,546.8,321.1,1.1,13.1,0.12,17.0,10.0,32.75
0.0,31.8,29.0,38.5,127.0,32.0,27.5,0.1,189.0,0.72,44.0,254.0,85.117,0.01,0.03,45.6,14.9,1.31,28.5,32.7,87.2,0.24,11.7,3.1,139.0,5.23,13.7,4.7,43.8,824.0,225.7,388.5,1.08,12.9,15.0,46.0,10.0,31.3
0.0,26.0,25.0,38.7,84.0960219478738,73.69953051643192,18.785260770975057,0.1272119815668203,86.0,2.49,104.25520833333331,224.0,28.194,0.02,0.05,40.2,13.9,1.32,28.3,34.6,81.9,0.3,9.3,2.8,239.0,4.91,12.4,4.5,71.8,2197.1,80.7,321.1,1.1,13.1,0.12,17.0,10.0,32.75
0.0,38.0,50.0,34.8,68.0,122.0,26.5,0.1272119815668203,93.0,0.87,51.0,252.93801652892563,97.158,0.0,0.02,39.5,13.5,1.24,26.8,34.2,78.5,0.85,11.1,2.88,155.0,5.03,14.1,5.0,88.5,441.0,387.2,327.79,1.1,13.1,25.0,78.0,10.0,32.75
0.0,60.0,42.0,33.8,99.0,73.69953051643192,18.785260770975057,0.12,142.0,1.17,211.0,521.0,63.681,0.01,0.02,52.6,17.0,0.91,28.8,32.3,89.0,0.41,11.0,1.91,114.0,5.91,14.7,3.3,3.07,441.0,195.0,300.0,1.1,13.1,38.0,2.0,0.0,32.75
0.0,27.9,26.0,33.5,35.0,63.0,16.3,0.16,117.0,0.82,51.0,258.0,108.306,0.0,0.0,34.2,11.5,0.59,28.4,33.6,84.4,0.1,9.9,2.53,216.0,4.05,13.5,3.2,0.0,441.0,125.95,321.1,1.1,13.1,0.12,17.0,10.0,32.75
0.0,17.0,19.0,43.5,69.0,61.0,36.3,0.15,133.0,1.18,323.0,323.0,63.474,0.01,0.0,31.3,10.7,0.81,26.4,34.2,77.3,0.29,9.8,5.19,334.0,4.05,13.2,6.3,4.65,2042.29,631.8,392.51,1.22,14.5,0.12,17.0,10.0,31.2
0.0,41.0,38.0,34.6,84.0960219478738,73.69953051643192,12.5,0.11,75.0,0.86,82.0,360.0,82.73687055837563,0.03,0.01,43.8,15.4,2.01,29.4,35.2,83.6,0.82,10.0,2.51,158.0,5.24,13.3,5.4,3.02,441.0,8.7,472.56,1.1,13.1,0.12,2.0,10.0,32.75
0.0,33.0,21.0,24.3,67.0,73.69953051643192,18.785260770975057,0.13,243.0,1.07,71.0,252.93801652892563,72.967,0.11,0.35,42.2,15.1,1.96,27.8,35.8,77.6,0.39,9.0,3.12,256.0,5.44,12.7,5.9,53.8,441.0,125.95,321.1,1.1,13.1,0.12,17.0,10.0,32.75
0.0,35.308825910931176,33.24291497975708,43.3,81.0,77.0,28.4,0.09,123.0,1.24,162.0,252.93801652892563,41.704,0.01,0.01,37.5,12.9,2.05,31.2,34.4,90.6,0.69,9.7,3.36,233.0,4.14,13.2,6.1,38.1,441.0,125.95,321.1,1.1,13.1,0.12,17.0,10.0,32.75
0.0,14.0,53.0,32.9,141.0,73.69953051643192,18.785260770975057,0.18,157.0,1.21,104.25520833333331,252.93801652892563,39.485,0.02,0.18,39.6,12.8,1.74,26.3,32.3,81.3,0.33,10.0,3.26,276.0,4.87,12.9,5.5,56.7,441.0,662.8,300.0,1.08,12.9,0.12,17.0,10.0,36.5
0.0,45.0,57.0,42.71,127.0,65.0,28.5,0.11,98.0,1.17,200.0,252.93801652892563,47.659,0.02,0.0,37.0,12.7,0.91,30.4,34.3,88.5,0.3,10.8,5.48,340.0,4.18,13.6,6.7,11.3,934.0,171.1,342.21,1.1,13.1,0.12,54.0,10.0,32.75
0.0,18.0,22.0,38.59178535606821,84.0960219478738,73.69953051643192,18.785260770975057,0.1272119815668203,100.0,0.58,104.25520833333331,252.93801652892563,106.315,0.04,0.12,31.0,9.4,2.33,21.4,30.3,70.5,0.78,11.1,5.31,299.0,4.4,17.7,8.6,7.19,370.0,125.95,321.1,1.1,13.1,0.12,17.0,10.0,32.75
0.0,9.2,26.0,38.59178535606821,84.0960219478738,73.69953051643192,18.785260770975057,0.13,77.0,1.24,94.0,252.93801652892563,40.265,0.03,0.64,42.5,14.6,1.04,29.6,34.4,86.0,0.77,11.0,3.47,201.0,4.94,13.7,6.0,3.14,692.73,694.1,179.07,1.1,13.1,0.12,6.0,10.0,32.75
0.0,12.0,33.0,38.59178535606821,84.0960219478738,73.69953051643192,18.785260770975057,0.1272119815668203,96.0,0.69,104.25520833333331,252.93801652892563,82.73687055837563,0.02,0.08,40.0,14.1,1.44,29.7,35.3,84.4,0.43,9.7,2.88,296.0,4.74,12.6,4.9,52.3,1308.11,42.2,379.07,0.89,10.7,0.12,58.0,10.0,30.9
0.0,35.308825910931176,33.24291497975708,38.59178535606821,84.0960219478738,73.69953051643192,18.785260770975057,0.1272119815668203,136.0293103448276,0.79,104.25520833333331,252.93801652892563,91.332,0.06,0.05,43.3,14.2,1.82,28.9,32.8,88.2,0.46,9.3,3.37,258.0,4.91,14.1,5.8,3.02,240.0,125.95,321.1,1.1,13.1,0.12,17.0,10.0,32.75
0.0,10.0,21.0,34.7,94.0,73.69953051643192,18.785260770975057,0.02,202.0,1.0,75.0,170.0,56.025,0.01,0.05,30.3,10.5,2.55,29.3,34.7,84.6,0.79,11.1,3.66,220.0,3.58,12.4,7.1,3.14,135.26,125.95,321.1,1.1,13.1,0.12,17.0,10.0,32.75
0.0,25.0,75.0,17.3,84.0960219478738,66.0,18.785260770975057,0.56,101.0,1.32,104.25520833333331,252.93801652892563,49.535,0.02,0.13,34.3,10.9,1.9,26.5,31.8,83.3,0.32,12.4,3.8,169.0,4.12,13.5,6.2,12.5,441.0,550.1,321.1,1.1,13.1,15.0,67.0,10.0,32.75
0.0,29.0,20.0,26.6,85.0,73.69953051643192,13.5,0.15,264.0,0.88,16.0,252.93801652892563,81.7,0.04,0.16,40.1,13.9,1.67,29.1,34.7,83.9,0.74,9.3,5.08,282.0,4.78,13.2,7.7,6.88,317.0,125.95,342.21,1.09,13.0,0.12,17.0,10.0,29.8
0.0,39.0,23.0,38.59178535606821,84.0960219478738,73.69953051643192,18.785260770975057,0.1272119815668203,93.0,1.0,104.25520833333331,252.93801652892563,82.73687055837563,0.01,0.0,36.5,11.9,0.77,26.6,32.6,81.7,0.59,9.9,6.35,236.0,4.47,14.1,7.7,3.14,630.44,2.4,346.06,0.88,10.6,0.12,17.0,10.0,27.9
0.0,70.0,69.0,38.59178535606821,84.0960219478738,73.69953051643192,18.785260770975057,0.1272119815668203,107.0,0.94,104.25520833333331,252.93801652892563,76.265,0.02,0.18,35.6,12.1,1.52,28.5,34.0,83.8,0.56,9.2,4.23,479.0,4.25,13.5,6.5,9.47,441.0,125.95,321.1,1.1,13.1,0.12,17.0,10.0,32.75
0.0,13.0,18.0,46.5,60.0,73.69953051643192,18.785260770975057,0.08,83.0,0.89,60.0,240.0,80.759,0.02,0.13,38.0,12.5,2.25,28.9,32.9,87.8,0.56,10.6,2.48,204.0,4.33,12.5,5.4,8.54,441.0,89.6,295.23,1.1,13.1,0.12,11.0,10.0,32.75
0.0,56.0,66.0,39.1,77.0,73.69953051643192,23.5,0.21,77.0,1.53,69.0,272.0,45.4,0.0,0.02,31.7,9.6,0.99,21.1,30.3,69.8,0.42,8.8,5.17,432.0,4.54,21.8,6.6,3.02,441.0,125.95,321.1,1.1,13.1,0.12,17.0,10.0,32.75
0.0,16.0,24.0,38.59178535606821,58.0,73.69953051643192,18.785260770975057,0.14,103.0,1.06,190.0,252.93801652892563,73.8,0.06,0.0,30.4,11.6,0.81,30.6,38.2,80.2,0.72,9.3,7.8,496.0,3.79,11.2,9.4,3.9,441.0,39.1,324.41,1.1,13.1,0.12,7.0,10.0,32.75
0.0,28.0,25.0,42.3,84.0960219478738,73.69953051643192,18.785260770975057,0.17,94.0,0.98,104.25520833333331,240.0,86.44,0.01,0.03,37.8,11.6,1.07,23.1,30.7,75.1,0.2,10.2,2.16,221.0,5.03,21.2,3.5,40.6,441.0,339.8,321.1,1.1,13.1,0.12,113.0,10.0,32.75
0.0,24.0,23.0,40.2,84.0960219478738,73.69953051643192,18.785260770975057,0.12,101.0,0.91,88.0,247.0,73.802,0.01,0.03,35.1,11.8,1.35,26.5,33.6,78.7,0.44,11.2,2.81,143.0,4.46,12.7,4.6,35.4,8402.84,208.0,116.84,1.37,16.2,0.12,33.0,10.0,57.2
0.0,9.0,16.0,38.59178535606821,84.0960219478738,73.69953051643192,18.785260770975057,0.15,80.0,0.71,72.0,252.93801652892563,112.264,0.02,0.0,40.2,13.6,0.65,28.6,33.8,84.6,0.2,11.5,5.6,323.0,4.75,14.1,6.5,29.0,441.0,125.95,321.1,1.1,13.1,0.12,17.0,10.0,32.75
0.0,28.0,20.0,38.59178535606821,76.0,73.69953051643192,18.785260770975057,0.1272119815668203,136.0293103448276,0.97,69.0,213.0,108.811,0.01,0.01,37.4,12.8,1.29,28.5,34.2,83.3,0.37,10.6,5.54,370.0,4.49,12.7,7.2,3.02,230.0,125.95,321.1,1.1,13.1,0.12,12.0,10.0,32.6
0.0,54.8,45.0,27.1,166.0,66.0,30.6,0.2,154.0,1.23,37.0,435.0,61.222,0.0,0.0,22.9,7.2,0.84,32.1,31.4,102.2,0.12,10.389577103801797,1.08,99.0,2.24,19.8,2.0,10.1,441.0,125.95,321.1,1.1,13.1,0.12,17.0,10.0,32.75
0.0,21.0,17.0,38.4,84.0960219478738,73.69953051643192,18.785260770975057,0.1272119815668203,183.0,0.91,28.0,252.93801652892563,97.922,0.06,0.25,39.6,12.6,1.01,28.3,31.8,88.8,0.81,10.6,4.43,227.0,4.46,12.4,6.6,12.3,1004.35,125.95,321.1,1.1,13.1,0.12,17.0,10.0,32.75
0.0,21.0,24.0,32.9,91.0,73.69953051643192,18.785260770975057,0.07,81.0,0.86,60.0,252.93801652892563,73.66,0.02,0.08,41.8,13.5,2.01,28.7,32.3,88.7,0.64,9.5,4.24,365.0,4.71,13.2,7.0,123.0,441.0,326.5,321.1,1.1,13.1,24.0,116.0,10.0,32.75
0.0,77.0,36.0,33.0,172.0,73.69953051643192,18.785260770975057,0.1272119815668203,527.0,0.75,104.25520833333331,252.93801652892563,107.715,0.03,0.06,37.1,12.4,1.19,28.8,33.4,86.3,0.37,11.1,2.96,241.0,4.3,12.9,4.6,3.02,292.0,27.4,290.7,1.1,13.1,0.12,4.0,10.0,32.75
0.0,6.8,27.0,38.59178535606821,84.0960219478738,73.69953051643192,18.785260770975057,0.1,101.0,0.98,33.0,252.93801652892563,82.73687055837563,0.01,0.02,34.7,11.7,1.71,27.2,33.7,80.7,0.39,9.8,1.91,358.0,4.3,14.4,4.0,31.3,441.0,30.6,395.85,1.1,13.1,0.12,17.0,10.0,32.75
0.0,20.0,24.0,38.59178535606821,84.0960219478738,73.69953051643192,18.785260770975057,0.1272119815668203,348.0,0.89,104.25520833333331,252.93801652892563,73.711,0.02,0.02,38.4,12.6,0.77,27.8,32.8,84.6,0.69,11.2,2.68,144.0,4.54,14.9,4.2,3.02,441.0,174.5,321.1,1.1,13.1,0.12,12.0,10.0,32.75
0.0,28.0,28.0,46.55,79.0,37.0,16.7,0.15,155.0,0.58,132.0,252.93801652892563,82.73687055837563,0.01,0.17,42.4,13.3,0.35,27.8,31.4,88.5,0.37,9.6,6.52,233.0,4.79,13.6,7.4,6.76,441.0,125.95,321.1,1.1,13.1,0.12,17.0,10.0,32.75
0.0,69.0,42.0,43.2,84.0960219478738,73.69953051643192,18.785260770975057,0.07,136.0293103448276,0.81,69.0,252.93801652892563,98.459,0.02,0.06,36.2,12.0,2.33,32.1,33.1,96.8,0.58,9.1,3.59,425.0,3.74,13.8,6.6,3.02,441.0,105.1,308.63,1.06,12.7,0.12,4.0,10.0,22.0
0.0,12.0,19.0,38.59178535606821,65.0,73.69953051643192,18.785260770975057,0.1272119815668203,136.0293103448276,0.72,72.0,202.0,108.08,0.04,0.05,32.0,11.2,1.31,28.6,35.0,81.8,0.71,9.0,6.99,465.0,3.91,12.2,9.1,11.5,1493.41,125.95,321.1,1.1,13.1,0.12,17.0,10.0,32.75
0.0,17.0,25.0,38.59178535606821,84.0960219478738,73.69953051643192,28.1,0.1272119815668203,136.0293103448276,0.8,63.0,286.0,89.953,0.03,0.01,37.2,10.7,1.28,30.2,28.8,105.1,0.52,11.4,7.49,156.0,3.54,21.3,9.3,36.4,441.0,125.95,321.1,1.09,13.0,0.12,17.0,10.0,34.7
0.0,22.0,19.0,45.1,114.0,73.69953051643192,13.1,0.07,85.0,0.82,100.0,233.0,80.815,0.04,0.19,33.4,11.3,1.34,27.5,33.8,81.3,0.61,10.2,2.87,346.0,4.11,12.8,5.1,5.18,441.0,66.7,479.27,1.1,13.1,0.12,21.0,10.0,32.75
0.0,57.7,71.0,37.1,51.0,73.69953051643192,18.785260770975057,0.09,90.0,0.74,23.0,215.0,85.889,0.0,0.01,28.5,9.6,1.36,26.3,33.7,78.1,0.95,9.9,7.66,369.0,3.65,12.7,10.0,3.02,441.0,125.95,321.1,1.1,13.1,0.12,17.0,10.0,32.75
0.0,67.4,32.0,38.59178535606821,84.0960219478738,73.69953051643192,18.785260770975057,0.08,102.0,0.75,82.0,252.93801652892563,95.225,0.02,0.0,35.0,11.6,1.56,29.4,33.1,88.6,0.71,10.2,6.52,223.0,3.95,14.1,8.8,8.06,1415.63,125.95,321.1,1.1,13.1,0.12,17.0,10.0,32.75
0.0,31.0,28.0,41.4,93.0,73.69953051643192,18.785260770975057,0.14,113.0,0.73,38.0,252.93801652892563,95.662,0.04,0.11,27.0,8.0,1.32,20.7,29.6,69.8,0.57,11.7,4.56,241.0,3.87,19.9,6.6,40.0,506.59,125.95,321.1,1.1,13.1,0.12,17.0,10.0,32.75
0.0,15.0,21.0,45.4,84.0960219478738,73.69953051643192,18.785260770975057,0.07,71.0,0.78,104.25520833333331,252.93801652892563,82.73687055837563,0.04,0.0,55.1,17.4,0.88,26.7,31.6,84.6,0.39,10.7,5.13,196.0,6.51,13.4,6.4,25.9,963.0,126.3,395.25,1.1,13.1,0.12,17.0,10.0,32.75
0.0,17.0,25.0,38.59178535606821,49.0,73.69953051643192,12.0,0.1272119815668203,136.0293103448276,0.88,74.0,341.0,75.252,0.03,0.03,49.3,16.3,2.12,28.5,33.1,86.3,0.74,10.8,2.43,209.0,5.71,12.3,5.4,28.3,441.0,125.95,321.1,1.1,13.1,0.12,17.0,10.0,32.75
0.0,13.0,17.0,38.0,84.0960219478738,73.69953051643192,18.785260770975057,0.05,92.0,0.89,29.0,263.0,71.167,0.01,0.0,33.8,11.3,0.61,27.7,33.4,82.8,0.58,10.0,5.14,271.0,4.08,14.8,6.3,49.6,441.0,131.5,321.1,1.1,13.1,0.12,17.0,16.0,32.75
0.0,7.0,14.0,46.2,58.0,73.69953051643192,12.8,0.19,88.0,0.77,71.0,193.0,107.659,0.03,0.11,32.3,9.5,0.85,21.5,29.4,73.1,0.32,10.3,3.18,282.0,4.42,16.1,4.5,16.4,441.0,125.95,321.1,1.1,13.1,0.12,17.0,10.0,32.75
0.0,82.0,58.0,39.9,58.0,73.69953051643192,18.785260770975057,0.11,306.0,0.82,30.0,328.0,99.551,0.03,0.19,31.0,10.3,1.2,29.6,33.2,89.1,0.53,10.0,8.71,251.0,3.48,13.7,10.7,4.68,441.0,183.7,215.21,1.13,13.5,0.12,21.0,10.0,35.3
0.0,68.0,56.0,31.6,67.0,73.69953051643192,18.785260770975057,0.08,107.0,1.1425579536370902,99.0,252.93801652892563,82.73687055837563,0.09,0.14,40.8,14.1,1.69,28.9,34.6,83.6,0.87,8.8,4.55,457.0,4.88,12.6,7.3,6.76,4720.0,125.95,317.88,1.05,12.6,0.12,29.0,13.0,31.0
0.0,24.8,29.0,38.59178535606821,84.0960219478738,73.69953051643192,18.785260770975057,0.09,104.0,1.02,49.0,252.93801652892563,85.303,0.01,0.0,38.3,12.3,0.48,28.6,32.1,89.1,0.55,12.1,4.98,201.0,4.3,13.8,6.0,4.19,441.0,180.9,267.4,0.99,11.9,12.0,17.0,10.0,35.5
0.0,74.0,56.0,36.6,84.0960219478738,73.69953051643192,18.785260770975057,0.11,91.0,0.98,59.0,206.0,81.144,0.04,0.19,46.7,15.5,2.07,31.7,33.2,95.5,0.67,9.9,8.25,257.0,4.89,12.2,11.2,6.76,441.0,125.95,321.1,1.1,13.1,0.12,17.0,10.0,32.75
0.0,94.0,146.0,31.9,90.0,73.69953051643192,18.785260770975057,0.12,117.0,0.75,205.0,473.0,92.291,0.02,0.19,38.2,12.8,3.18,29.4,33.5,87.8,0.87,10.2,5.27,253.0,4.35,13.0,9.5,27.8,441.0,90.0,364.89,1.14,13.6,0.0,17.0,10.0,32.75
0.0,128.0,121.0,33.4,84.0960219478738,73.69953051643192,18.785260770975057,0.41,110.0,0.94,104.25520833333331,309.0,93.497,0.02,0.0,46.0,15.3,2.19,29.0,33.3,87.3,0.83,10.0,4.83,236.0,5.27,12.4,7.9,0.0,60.0,0.0,321.1,1.1,13.1,0.12,17.0,10.0,32.75
0.0,34.0,40.0,37.8,84.0960219478738,73.69953051643192,18.785260770975057,0.05,201.0,1.66,190.0,354.0,39.997,0.01,0.04,37.8,12.2,0.99,29.3,32.3,90.6,0.54,12.4,4.44,140.0,4.17,14.3,6.0,0.0,38.3,125.95,321.1,1.1,13.1,0.12,17.0,10.0,32.75
0.0,25.0,25.0,43.7,84.0960219478738,73.69953051643192,18.785260770975057,0.09,127.0,1.22,104.25520833333331,224.0,57.635,0.02,0.03,45.4,14.9,1.63,26.8,32.8,81.8,0.66,10.3,2.14,136.0,5.55,13.5,4.5,3.14,984.76,125.95,209.06,1.1,13.1,0.12,18.0,10.0,32.75
0.0,16.0,17.0,32.0,71.0,103.0,10.2,0.08,117.0,0.83,43.0,137.0,93.643,0.04,0.24,41.4,14.0,1.86,29.5,33.8,87.2,0.43,10.1,3.94,174.0,4.75,12.6,6.5,3.02,515.0,24.6,308.63,1.16,13.8,0.12,17.0,10.0,32.4
0.0,18.0,26.0,38.59178535606821,84.0960219478738,73.69953051643192,12.5,0.1272119815668203,136.0293103448276,1.2,215.0,223.0,60.9,0.04,0.0,41.6,14.3,1.29,27.4,34.4,79.7,1.16,11.0,11.87,401.0,5.22,13.1,14.4,17.8,441.0,125.95,321.1,1.1,13.1,0.12,17.0,10.0,32.75
0.0,15.0,20.0,49.4,84.0960219478738,73.69953051643192,18.785260770975057,0.1272119815668203,106.0,0.94,104.25520833333331,154.0,107.6,0.04,0.06,43.4,15.0,1.18,28.7,34.6,83.1,0.82,9.9,4.71,139.0,5.22,12.8,6.8,48.0,441.0,78.4,359.7,1.1,13.1,0.12,50.0,10.0,32.75
0.0,56.0,56.0,38.59178535606821,84.0960219478738,73.69953051643192,16.1,0.19,188.0,1.45,239.0,297.0,45.798,0.03,0.01,36.4,12.4,0.64,31.9,34.1,93.6,0.44,10.9,12.9,319.0,3.89,11.7,14.0,4.52,441.0,125.95,321.1,1.1,13.1,0.12,17.0,10.0,32.75
0.0,239.0,147.0,38.59178535606821,84.0960219478738,73.69953051643192,26.6,0.1272119815668203,153.0,0.85,45.0,252.93801652892563,92.082,0.01,0.07,42.2,13.4,1.58,29.0,31.8,91.3,0.87,10.8,2.57,229.0,4.62,13.3,5.1,6.19,441.0,58.9,300.0,1.11,13.2,0.12,15.0,10.0,33.7
0.0,161.0,69.0,40.57,62.0,77.0,83.1,0.07,103.0,0.84,53.0,252.93801652892563,107.995,0.01,0.0,35.3,11.6,0.5,26.4,32.9,80.4,0.14,10.2,4.01,279.0,4.39,13.3,4.7,13.3,6354.57,1369.7,321.1,1.1,13.1,0.12,17.0,10.0,30.3
0.0,44.0,64.0,45.2,84.0960219478738,73.69953051643192,18.785260770975057,0.08,110.0,0.64,104.25520833333331,279.0,114.97,0.02,0.03,42.9,14.8,2.48,31.0,34.5,89.7,0.45,9.7,3.29,187.0,4.78,11.9,6.3,51.7,441.0,264.8,321.1,1.36,16.0,0.12,17.0,10.0,38.1
0.0,7.0,18.0,41.6,79.0,81.0,20.0,0.11,113.0,1.12,71.0,224.0,65.274,0.04,0.16,36.2,12.0,1.91,26.1,33.1,78.9,0.89,10.4,2.86,213.0,4.59,14.4,5.9,94.5,441.0,125.95,321.1,1.26,14.9,0.12,60.0,10.0,33.6
0.0,34.0,46.0,39.1,64.0,73.69953051643192,18.785260770975057,0.1,76.0,1.19,50.0,287.0,60.236,0.01,0.0,40.1,14.4,1.2,29.3,35.9,81.5,0.42,8.7,2.53,162.0,4.92,12.3,4.2,3.02,441.0,125.95,321.1,1.1,13.1,0.12,17.0,10.0,32.75
0.0,206.0,89.0,35.4,160.0,73.69953051643192,18.785260770975057,0.06,143.0,0.83,39.0,254.0,98.363,0.02,0.05,38.4,13.1,0.91,27.4,34.1,80.3,0.38,11.3,1.13,161.0,4.78,13.8,2.5,96.3,285.1,226.9,321.1,1.04,12.5,32.0,17.0,10.0,32.75
0.0,18.0,21.0,43.1,123.0,73.69953051643192,20.3,0.12,481.0,0.82,168.0,265.0,100.959,0.02,0.02,38.8,13.7,0.91,30.4,35.3,86.2,0.38,9.9,2.52,119.0,4.5,13.6,3.9,17.2,441.0,125.95,321.1,1.1,13.1,0.12,17.0,10.0,32.75
0.0,36.0,39.0,33.7,45.0,73.69953051643192,18.785260770975057,0.18,146.0,1.14,25.0,280.0,63.445,0.05,0.01,44.7,14.4,1.3,28.0,32.2,86.8,1.43,9.9,5.17,324.0,5.15,12.6,8.0,30.9,441.0,125.95,321.1,1.1,13.1,0.12,17.0,10.0,32.75
0.0,36.0,26.0,46.4,98.0,73.69953051643192,16.4,0.21,76.0,0.98,255.0,165.0,102.313,0.0,0.0,40.2,13.1,0.48,26.4,32.6,81.0,0.06,11.6,1.7,152.0,4.96,13.8,2.2,3.02,696.0,88.4,321.1,1.1,13.1,13.0,18.0,10.0,32.75
0.0,40.0,34.0,38.59178535606821,84.0960219478738,73.69953051643192,16.4,0.1272119815668203,138.0,1.03,39.0,252.93801652892563,82.545,0.04,0.0,50.4,16.6,0.62,26.7,32.9,81.0,0.63,10.9,10.93,192.0,6.22,15.0,12.2,12.9,1848.87,239.1,321.1,1.1,13.1,12.0,8.0,10.0,32.75
0.0,46.7,28.0,38.59178535606821,84.0960219478738,73.69953051643192,18.785260770975057,0.15,262.0,0.9,41.0,252.93801652892563,88.689,0.03,0.17,26.7,8.1,1.28,28.0,30.3,92.4,0.58,9.7,7.09,274.0,2.89,14.6,9.2,46.7,441.0,24.3,373.18,1.1,13.1,0.12,36.0,10.0,32.75
0.0,16.0,27.0,33.4,65.0,73.69953051643192,27.2,0.2,94.0,1.01,47.0,252.93801652892563,72.422,0.02,0.0,36.7,12.7,0.56,31.4,34.6,90.6,0.32,9.4,8.03,279.0,4.05,13.2,8.9,3.83,441.0,125.95,321.1,1.1,13.1,0.12,4.0,10.0,32.75
0.0,51.0,40.0,30.5,100.0,73.69953051643192,18.785260770975057,0.15,139.0,0.77,35.0,252.93801652892563,106.556,0.07,0.07,47.0,16.0,1.05,28.8,34.0,84.5,1.12,10.5,4.95,229.0,5.56,12.7,7.3,77.4,441.0,125.95,321.1,1.1,13.1,0.12,17.0,10.0,32.75
0.0,28.0,64.0,33.8,89.0,115.0,23.3,0.31,88.0,1.6,82.0,379.0,41.818,0.04,0.19,35.2,11.6,1.75,31.7,33.0,96.2,0.76,11.9,7.77,184.0,3.66,12.7,10.5,15.3,2625.88,376.7,410.0,1.1,13.1,0.12,25.0,10.0,32.75
0.0,50.0,34.0,36.43,152.0,99.0,38.8,0.1272119815668203,136.0293103448276,0.91,43.0,252.93801652892563,91.279,0.06,0.13,41.6,13.3,2.75,26.7,32.0,83.5,0.75,10.8,4.59,236.0,4.98,20.9,8.3,12.8,441.0,125.95,321.1,1.1,13.1,0.12,17.0,10.0,32.75
0.0,19.0,17.0,40.94,81.0,59.0,12.9,0.07,147.0,0.5,65.0,252.93801652892563,97.003,0.01,0.02,48.3,16.2,1.53,30.1,33.5,89.8,0.63,11.0,1.79,104.0,5.38,12.4,4.0,102.0,441.0,125.95,321.1,1.1,13.1,0.12,17.0,10.0,32.75
0.0,48.0,23.0,34.0,76.0,73.69953051643192,18.785260770975057,0.09,117.0,0.68,33.0,276.0,90.804,0.01,0.01,41.4,13.7,1.09,25.5,33.1,77.0,0.5,9.5,2.86,196.0,5.38,14.6,4.5,4.36,441.0,101.2,350.0,1.1,13.1,0.12,30.0,10.0,32.75
0.0,19.0,17.0,36.2,84.0960219478738,73.69953051643192,18.785260770975057,0.06,105.0,0.83,25.0,200.0,86.038,0.1,0.58,46.9,16.0,2.49,29.3,34.1,85.7,1.36,10.4,10.18,351.0,5.47,13.0,14.7,3.02,233.0,125.95,321.1,1.1,13.1,0.12,4.0,10.0,32.75
0.0,13.0,20.0,37.6,84.0960219478738,73.69953051643192,18.785260770975057,0.1,130.0,0.74,104.25520833333331,220.0,89.586,0.0,0.01,37.7,13.6,1.17,30.1,36.1,83.4,0.41,9.8,2.28,187.0,4.52,12.6,3.9,3.02,23100.0,125.95,479.27,1.41,16.6,0.12,17.0,10.0,63.5
0.0,42.0,22.0,32.0,81.0,73.69953051643192,16.0,0.1272119815668203,294.0,1.1425579536370902,186.0,269.0,82.73687055837563,0.04,0.08,37.1,12.5,2.62,31.1,33.7,92.3,0.64,10.6,6.46,384.0,4.02,12.2,9.8,7.02,637.0,125.95,321.1,1.1,13.1,0.12,20.0,10.0,32.75
0.0,69.0,38.0,30.8,84.0960219478738,73.69953051643192,18.785260770975057,0.1272119815668203,136.0293103448276,0.76,104.25520833333331,252.93801652892563,101.276,0.02,0.01,42.2,14.0,1.51,28.6,33.2,86.1,1.12,10.9,8.1,362.0,4.9,14.3,10.8,11.9,4040.71,125.95,321.1,1.1,13.1,0.12,17.0,10.0,32.75
0.0,11.0,18.0,29.7,80.0,73.69953051643192,10.0,0.1272119815668203,128.0,1.1425579536370902,47.0,266.0,82.73687055837563,0.06,0.0,42.3,14.1,1.12,27.5,33.3,82.6,0.46,9.9,12.86,473.0,5.12,13.3,14.5,13.7,441.0,153.9,321.1,1.1,13.1,0.12,22.0,10.0,32.75
0.0,103.0,68.0,35.89,69.0,41.0,11.5,0.1272119815668203,136.0,1.07,91.0,211.0,82.73687055837563,0.02,0.02,35.5,11.6,1.6,26.2,32.7,80.3,0.57,10.8,3.02,249.0,4.42,13.2,5.2,3.02,195.0,20.1,298.38,1.1,13.1,0.12,6.0,10.0,32.75
0.0,42.0,32.0,50.9,114.0,73.69953051643192,22.1,0.13,87.0,0.93,172.0,300.0,110.543,0.02,0.04,46.1,15.7,2.45,28.4,34.1,83.4,0.34,10.5,2.85,239.0,5.53,12.9,5.7,3.02,441.0,125.95,321.1,1.1,13.1,0.12,17.0,10.0,32.75
0.0,33.2,43.0,43.0,55.0,57.0,24.9,0.14,104.0,1.0,142.0,252.93801652892563,82.595,0.03,0.0,42.8,14.7,1.74,28.3,34.3,82.5,0.55,9.5,3.77,285.0,5.19,12.2,6.1,44.4,441.0,934.5,493.64,1.26,14.9,19.0,17.0,10.0,31.6
0.0,80.0,116.0,35.8,84.0960219478738,73.69953051643192,18.785260770975057,0.25,108.0,1.31,130.0,532.0,60.859,0.02,0.06,42.4,14.5,2.47,29.4,34.2,86.0,0.56,10.3,3.68,275.0,4.93,11.9,6.8,12.6,441.0,142.6,321.1,1.1,13.1,0.12,17.0,10.0,32.75
0.0,22.0,25.0,36.3,84.0960219478738,73.69953051643192,21.9,0.21,101.0,1.01,157.0,284.0,82.73687055837563,0.01,0.01,46.6,14.3,1.87,28.5,30.7,93.0,0.37,10.1,1.38,191.0,5.01,12.2,3.6,11.4,173.68,125.95,321.1,1.1,13.1,0.12,17.0,10.0,32.75
0.0,58.0,81.0,33.8,84.0960219478738,73.69953051643192,18.785260770975057,0.1272119815668203,151.0,1.02,14.0,252.93801652892563,62.623,0.08,0.26,52.7,18.2,1.65,31.9,34.5,92.5,0.54,9.6,2.52,195.0,5.7,12.6,5.1,0.0,441.0,125.95,321.1,1.1,13.1,0.12,17.0,10.0,32.75
0.0,16.0,21.0,44.3,96.0,73.69953051643192,15.2,0.12,82.0,1.03,104.25520833333331,242.0,97.019,0.01,0.0,41.1,12.9,1.5,27.7,31.4,88.2,0.28,10.6,1.63,137.0,4.66,13.2,3.4,3.02,441.0,125.95,321.1,1.1,13.1,0.12,17.0,10.0,32.75
0.0,14.0,21.0,38.59178535606821,90.0,73.69953051643192,18.785260770975057,0.1272119815668203,136.0293103448276,0.96,84.0,223.0,104.162,0.03,0.02,44.2,14.8,1.94,27.7,33.5,82.6,0.43,9.3,2.83,230.0,5.35,14.0,5.3,3.02,441.0,97.8,321.1,1.1,13.1,0.12,17.0,10.0,32.75
0.0,31.0,37.0,34.8,84.0960219478738,73.69953051643192,18.785260770975057,0.07,350.0,1.66,56.0,204.0,39.439,0.02,0.15,36.8,11.9,1.49,27.3,32.3,84.4,0.36,10.3,3.97,287.0,4.36,12.8,6.0,6.1,486.83,107.0,324.41,0.89,10.8,0.12,17.0,10.0,27.7
0.0,34.0,24.0,38.59178535606821,84.0960219478738,73.69953051643192,18.785260770975057,0.1272119815668203,83.0,0.96,104.25520833333331,252.93801652892563,82.73687055837563,0.06,0.09,38.0,11.0,1.7,21.6,28.9,74.7,0.83,9.6,1.48,292.0,5.09,20.6,4.2,3.02,441.0,415.1,274.19,1.04,12.4,0.12,6.0,10.0,43.8
0.0,28.0,43.0,38.59178535606821,136.0,73.69953051643192,18.785260770975057,0.1272119815668203,136.0293103448276,0.85,101.0,511.0,81.717,0.02,0.0,35.8,11.4,1.34,26.8,31.8,84.2,0.53,12.1,4.32,156.0,4.25,14.2,6.2,3.02,314.0,33.6,293.69,1.1,13.1,0.12,11.0,10.0,32.75
0.0,33.0,33.0,35.2,52.0,73.69953051643192,18.785260770975057,0.2,101.0,0.92,104.25520833333331,252.93801652892563,82.219,0.02,0.1,33.5,12.0,1.82,29.7,35.8,82.9,0.44,10.6,3.5,184.0,4.04,12.4,5.9,26.4,441.0,125.95,314.72,1.26,14.9,0.12,18.0,10.0,39.7
0.0,26.5,49.0,38.59178535606821,56.0,73.69953051643192,15.1,0.1272119815668203,136.0293103448276,0.99,81.0,180.0,84.194,0.06,0.25,35.2,10.9,3.04,24.8,31.0,80.0,0.54,10.5,3.45,382.0,4.4,14.6,7.3,5.82,242.16,125.95,321.1,1.1,13.1,0.12,17.0,10.0,32.75
0.0,72.0,45.0,38.0,104.0,73.69953051643192,18.785260770975057,0.17,129.0,0.98,181.0,252.93801652892563,87.049,0.03,0.0,35.8,13.8,1.05,31.3,38.5,81.2,0.46,9.8,8.18,377.0,4.41,11.0,9.7,50.3,441.0,454.5,368.24,1.1,13.1,0.12,29.0,10.0,24.1
0.0,91.0,22.0,32.7,47.0,54.0,7.0,0.14,86.0,0.77,21.0,265.0,117.568,0.04,0.0,43.2,14.7,0.73,27.8,34.0,81.8,0.7,9.5,9.58,345.0,5.28,13.8,11.1,3.02,14400.0,6.5,327.79,0.94,11.3,0.12,17.0,10.0,29.7
0.0,127.0,40.0,32.9,124.0,73.69953051643192,18.785260770975057,0.09,136.0,1.27,24.0,226.0,56.072,0.01,0.03,44.8,15.5,1.63,27.5,34.6,79.6,0.45,9.5,3.4,197.0,5.63,14.1,5.5,7.57,265.76,1416.0,395.85,1.1,13.1,19.0,39.0,10.0,32.75
0.0,13.0,20.0,39.4,84.0960219478738,73.69953051643192,18.785260770975057,0.26,87.0,1.03,97.0,161.0,72.74,0.03,0.11,35.3,12.6,1.39,32.0,35.7,89.6,0.73,11.0,3.04,203.0,3.94,13.4,5.3,89.9,441.0,327.6,359.7,1.13,13.5,16.0,52.0,10.0,36.0
0.0,21.0,32.0,33.9,110.0,73.69953051643192,14.5,0.19,115.0,1.96,83.0,405.0,31.59,0.06,0.08,40.9,14.6,0.67,30.5,35.7,85.4,0.4,10.5,12.16,126.0,4.79,12.9,13.4,22.1,658.0,106.0,354.74,1.1,13.1,0.12,14.0,10.0,32.75
0.0,74.0,38.0,36.3,72.0,73.69953051643192,13.7,0.09,103.0,1.08,51.0,227.0,70.646,0.0,0.15,40.2,15.1,0.83,33.9,37.6,90.3,0.6,11.0,6.07,95.0,4.45,11.9,7.7,53.5,781.77,0.0,185.0,1.1,13.1,12.0,17.0,10.0,32.75
0.0,21.0,34.0,43.22,58.0,101.0,34.1,0.1,97.0,0.9,407.0,252.93801652892563,95.814,0.06,0.0,43.6,14.2,53.96,28.4,32.6,87.2,2.31,10.7,3.85,148.0,5.0,14.6,60.2,17.5,441.0,125.95,321.1,1.1,13.1,0.12,17.0,10.0,32.75
0.0,45.0,56.0,38.59178535606821,91.0,73.69953051643192,18.785260770975057,0.1272119815668203,136.0293103448276,0.95,65.0,417.0,87.879,0.09,0.29,42.6,14.1,32.88,27.7,33.1,83.7,6.83,11.3,4.33,111.0,5.09,14.8,44.4,33.4,304.46,391.6,321.1,1.1,13.1,0.12,17.0,10.0,32.75
0.0,33.0,14.0,31.5,84.0960219478738,73.69953051643192,18.785260770975057,0.1272119815668203,217.0,1.52,33.0,252.93801652892563,46.084,0.1,0.17,33.1,10.8,1.76,28.2,32.6,86.4,0.7,8.4,4.29,364.0,3.83,13.2,7.0,3.46,270.05,125.95,321.1,1.1,13.1,0.12,17.0,10.0,32.75
0.0,47.0,38.0,25.5,64.0,234.0,18.785260770975057,0.78,386.0,1.35,436.0,319.0,36.847,0.03,0.09,42.2,14.0,1.35,30.8,33.2,93.0,0.76,9.6,6.12,125.0,4.54,13.2,8.4,19.8,441.0,256.9,352.34,1.09,13.0,0.12,84.0,10.0,35.0
0.0,104.0,31.0,32.8,97.0,73.69953051643192,14.8,0.1272119815668203,164.0,1.1425579536370902,33.0,220.0,82.73687055837563,0.04,0.25,44.5,13.7,1.33,19.5,30.8,63.2,0.59,10.6,4.28,256.0,7.04,18.4,6.5,28.7,441.0,135.8,321.1,1.1,13.1,15.0,17.0,10.0,32.75
0.0,17.0,19.0,33.2,80.0,73.69953051643192,18.785260770975057,0.05,125.0,1.49,97.0,211.0,35.331,0.04,0.14,44.0,15.5,1.68,28.2,35.2,80.1,0.36,9.1,4.06,251.0,5.49,12.4,6.3,61.5,829.0,227.1,432.72,1.08,12.9,0.12,36.0,10.0,27.6
0.0,45.0,60.0,32.5,76.0,73.69953051643192,18.785260770975057,0.09,301.0,1.06,104.25520833333331,252.93801652892563,69.279,0.02,0.09,34.0,11.9,1.1,27.5,35.0,78.7,0.58,9.9,9.5,300.0,4.32,13.2,11.3,3.02,441.0,89.7,437.76,1.1,13.1,0.12,2.0,10.0,32.75
0.0,19.0,27.0,30.8,74.0,73.69953051643192,18.785260770975057,0.08,148.0,1.4,80.0,209.0,46.786,0.04,0.18,39.9,14.1,1.22,32.7,35.3,92.6,0.43,10.8,3.37,185.0,4.31,13.7,5.2,6.76,441.0,125.95,321.1,1.35,15.9,0.12,17.0,10.0,33.0
0.0,63.0,41.0,48.0,84.0960219478738,73.69953051643192,18.785260770975057,0.1272119815668203,101.0,1.2,104.25520833333331,217.0,87.137,0.02,0.22,46.0,16.5,2.13,29.9,35.9,83.3,0.8,11.1,5.52,204.0,5.52,12.2,8.7,3.02,441.0,125.95,321.1,1.1,13.1,0.12,17.0,10.0,32.75
0.0,11.0,18.0,38.5,84.0960219478738,73.69953051643192,18.785260770975057,0.1272119815668203,257.0,1.39,104.25520833333331,190.0,39.8,0.01,0.03,43.3,15.5,1.54,30.3,35.8,84.6,0.55,9.6,3.14,174.0,5.12,12.2,5.3,13.6,441.0,1275.0,365.48,1.13,13.5,0.12,54.0,10.0,35.1
0.0,46.3,27.0,38.59178535606821,84.0960219478738,73.69953051643192,18.785260770975057,0.09,93.0,0.83,51.0,252.93801652892563,101.879,0.04,0.08,43.2,15.4,1.59,29.2,35.6,82.0,0.76,10.1,8.11,166.0,5.27,13.0,10.6,3.02,356.0,125.95,321.1,1.1,13.1,0.12,17.0,10.0,32.75
0.0,30.0,21.0,33.4,86.0,73.69953051643192,10.7,0.07,333.0,0.92,31.0,182.0,90.716,0.02,0.05,42.8,13.9,1.14,29.0,32.5,89.4,0.35,10.2,1.05,111.0,4.79,13.0,2.6,3.02,441.0,125.95,321.1,1.1,13.1,0.12,17.0,10.0,32.75
0.0,69.0,87.0,36.9,84.0960219478738,73.69953051643192,18.785260770975057,0.1272119815668203,136.0,1.05,127.0,252.93801652892563,80.647,0.04,0.0,38.9,13.8,0.94,29.4,35.5,82.9,0.8,9.7,11.17,380.0,4.69,12.3,13.0,176.0,441.0,0.0,370.35,1.1,13.1,21.0,17.0,56.0,32.75
0.0,39.0,23.0,36.85,128.0,53.0,9.3,0.1272119815668203,95.0,0.77,83.0,252.93801652892563,94.562,0.01,0.0,43.8,14.4,1.1,28.9,32.9,87.8,0.66,10.2,11.07,299.0,4.99,12.7,12.8,7.56,441.0,256.0,324.41,1.1,13.1,0.12,13.0,10.0,32.75
0.0,23.0,20.0,39.3,81.0,79.0,15.8,0.2,124.0,1.09,224.0,224.0,70.852,0.06,0.11,42.6,13.9,1.48,27.6,32.6,84.5,0.8,9.2,3.38,204.0,5.04,16.3,5.8,5.82,437.0,125.95,501.36,1.0,12.0,0.12,17.0,10.0,28.8
0.0,78.0,62.0,38.59178535606821,84.0960219478738,73.69953051643192,18.785260770975057,0.1272119815668203,110.0,0.52,104.25520833333331,252.93801652892563,124.182,0.09,0.61,46.1,16.0,2.84,30.1,34.7,86.7,0.77,10.3,4.42,239.0,5.32,12.1,8.7,63.3,5398.59,288.4,354.74,0.97,11.7,0.12,65.0,10.0,30.8
0.0,19.0,20.0,38.59178535606821,84.0960219478738,73.69953051643192,18.785260770975057,0.1272119815668203,104.0,1.11,104.25520833333331,252.93801652892563,81.465,0.04,0.05,42.4,14.9,2.58,29.1,35.1,82.8,0.69,10.8,5.62,207.0,5.12,12.4,9.0,5.33,567.6,663.2,295.23,1.15,13.7,21.0,21.0,10.0,35.1
0.0,21.0,45.0,34.16,62.0,49.0,61.8,0.1,111.0,0.76,417.0,252.93801652892563,97.062,0.03,0.0,35.3,12.2,0.74,29.2,34.6,84.4,0.49,9.9,8.66,419.0,4.18,12.8,9.9,92.4,441.0,151.1,321.1,1.1,13.1,17.0,28.0,10.0,32.75
0.0,10.0,18.0,38.59178535606821,84.0960219478738,73.69953051643192,18.785260770975057,0.26,90.0,0.9,69.0,152.0,82.73687055837563,0.02,0.02,47.2,16.7,1.26,29.2,35.4,82.7,0.51,11.5,1.61,100.0,5.71,12.5,3.4,3.02,427.0,145.5,321.1,1.1,13.1,0.12,17.0,10.0,32.75
0.0,16.0,17.0,41.1,64.0,73.69953051643192,18.785260770975057,0.1272119815668203,103.0,0.72,104.25520833333331,252.93801652892563,97.957,0.03,0.06,47.4,15.8,1.06,28.7,33.3,86.2,0.59,10.1,3.89,278.0,5.5,13.6,5.6,3.23,171.54,148.0,293.69,1.0,12.0,0.12,15.0,10.0,27.4
0.0,36.0,28.0,46.7,102.0,73.69953051643192,18.785260770975057,0.1272119815668203,177.0,1.49,104.25520833333331,252.93801652892563,53.196,0.04,0.0,38.1,12.3,1.64,27.8,32.3,86.2,0.29,9.5,3.12,300.0,4.42,15.2,5.1,92.0,441.0,330.6,311.64,1.1,13.1,0.12,17.0,10.0,32.75
0.0,24.0,13.0,45.1,52.0,73.69953051643192,18.785260770975057,0.1272119815668203,87.0,1.1,104.25520833333331,252.93801652892563,96.126,0.01,0.0,38.2,11.7,0.74,19.7,30.6,64.2,0.68,10.389577103801797,4.68,95.0,5.95,21.2,6.1,109.0,2240.0,1561.1,334.82,1.14,13.6,18.0,17.0,10.0,37.7
0.0,15.0,15.0,34.6,53.0,73.69953051643192,15.9,0.11,86.0,0.84,71.0,252.93801652892563,86.862,0.06,0.17,45.2,15.0,2.33,26.1,33.2,78.6,0.83,8.6,4.36,292.0,5.75,15.4,7.8,31.6,2430.0,125.95,486.28,1.08,12.9,0.12,19.0,10.0,32.4
0.0,16.0,37.0,38.59178535606821,45.0,73.69953051643192,24.3,0.1272119815668203,136.0293103448276,1.3,71.0,260.0,19.852,0.02,0.0,40.5,12.5,1.77,26.6,30.9,86.2,0.45,11.1,2.85,214.0,4.7,13.6,5.1,38.3,441.0,172.7,321.1,1.1,13.1,0.12,75.0,10.0,32.75
0.0,33.0,11.0,33.1,64.0,73.69953051643192,2.3,0.08,105.0,0.75,8.0,212.0,79.888,0.03,0.01,35.1,12.5,0.85,28.1,35.6,78.9,0.29,10.8,4.68,297.0,4.45,12.7,5.9,49.1,967.3,92.1,382.92,1.26,14.9,29.0,17.0,18.0,42.5
0.0,174.0,244.0,38.53,148.0,58.0,19.7,0.07,94.0,0.59,38.0,252.93801652892563,106.464,0.03,0.01,34.5,11.2,1.46,24.2,32.5,74.7,0.46,10.9,4.69,322.0,4.62,14.8,6.7,3.02,441.0,125.95,321.1,1.1,13.1,0.12,17.0,10.0,32.75
0.0,71.0,48.0,32.3,84.0960219478738,73.69953051643192,18.785260770975057,0.07,120.0,0.93,36.0,406.0,61.594,0.02,0.07,42.4,13.9,1.65,26.6,32.8,81.2,0.41,9.4,1.88,225.0,5.22,13.3,4.0,11.7,441.0,125.95,321.1,1.1,13.1,0.12,17.0,10.0,32.75
0.0,18.0,21.0,39.5,85.0,73.69953051643192,18.785260770975057,0.22,80.0,1.04,44.0,252.93801652892563,75.519,0.07,0.17,31.7,10.8,3.19,25.8,34.1,75.7,0.61,10.0,4.7,450.0,4.19,15.1,8.7,8.86,441.0,512.4,230.26,1.43,16.8,0.12,38.0,10.0,65.6
0.0,30.0,23.0,35.53,59.0,79.0,11.0,0.2,158.0,0.54,27.0,252.93801652892563,99.344,0.02,0.0,35.6,12.7,0.87,28.9,35.7,80.9,0.92,11.8,7.1,242.0,4.4,12.2,8.9,3.14,293.7,125.95,321.1,1.1,13.1,0.12,17.0,10.0,32.75
0.0,27.0,32.0,43.3,84.0960219478738,73.69953051643192,18.785260770975057,0.07,63.0,1.15,138.0,221.0,79.156,0.03,0.08,39.1,13.0,1.31,27.8,33.2,83.5,0.41,12.4,4.77,276.0,4.68,12.3,6.6,3.02,441.0,24.4,321.1,1.1,13.1,0.12,10.0,10.0,32.75
0.0,19.0,26.0,26.9,68.0,73.69953051643192,18.785260770975057,0.2,109.0,1.22,104.25520833333331,252.93801652892563,57.231,0.06,0.0,29.3,10.2,1.62,30.5,34.8,87.7,0.53,9.8,10.45,479.0,3.34,13.8,12.7,7.93,438.0,225.4,354.97,1.21,14.4,0.12,7.0,10.0,23.9
0.0,24.0,33.0,35.1,84.0960219478738,73.69953051643192,18.785260770975057,0.11,138.0,0.91,139.0,231.0,88.129,0.03,0.13,37.5,11.6,1.4,24.6,30.9,79.4,0.65,10.6,4.92,167.0,4.72,17.0,7.1,26.1,441.0,612.3,211.01,1.09,13.0,14.0,17.0,10.0,45.9
0.0,32.0,27.0,48.3,63.0,73.69953051643192,18.785260770975057,0.21,183.0,1.15,104.25520833333331,252.93801652892563,65.023,0.01,0.01,44.3,15.6,1.98,30.5,35.2,86.7,0.67,10.5,2.23,153.0,5.11,12.9,4.9,53.4,441.0,110.3,406.34,1.55,18.1,30.0,39.0,10.0,25.9
0.0,5.0,20.0,33.8,64.0,148.0,25.6,0.27,74.0,1.4,61.0,293.0,46.459,0.03,0.18,44.7,15.5,1.32,30.4,34.7,87.6,0.73,9.8,2.75,230.0,5.1,11.8,5.0,3.02,441.0,125.95,321.1,1.1,13.1,0.12,17.0,10.0,32.75
0.0,21.0,31.0,40.1,84.0960219478738,73.69953051643192,18.785260770975057,0.1272119815668203,90.0,0.92,104.25520833333331,277.0,103.669,0.01,0.02,40.6,14.2,1.05,29.6,35.0,84.6,0.33,10.1,3.62,159.0,4.8,12.1,5.0,3.02,281.0,125.95,352.34,0.96,11.6,0.12,17.0,10.0,31.1
0.0,34.0,31.0,38.59178535606821,84.0960219478738,73.69953051643192,18.785260770975057,0.1272119815668203,407.0,2.22,104.25520833333331,252.93801652892563,28.745,0.0,0.0,38.8,12.3,0.46,24.7,31.7,77.9,0.19,10.3,4.11,248.0,4.98,13.6,4.8,12.6,441.0,125.95,321.1,1.1,13.1,16.0,17.0,17.0,32.75
0.0,15.0,22.0,36.9,67.0,73.69953051643192,18.785260770975057,0.12,243.0,1.16,62.0,237.0,68.065,0.04,0.17,48.5,15.2,2.26,27.8,31.3,88.7,0.49,9.4,4.59,175.0,5.47,13.9,7.6,3.14,804.01,0.0,245.9,1.1,13.1,21.0,19.0,10.0,32.75
0.0,21.0,16.0,38.59178535606821,84.0960219478738,73.69953051643192,18.785260770975057,0.1272119815668203,96.0,0.92,104.25520833333331,252.93801652892563,93.959,0.02,0.01,45.3,16.0,1.4,28.7,35.3,81.3,0.48,9.1,2.56,216.0,5.57,12.2,4.5,3.02,199.0,125.95,486.28,1.08,12.9,0.12,2.0,10.0,28.6
0.0,25.0,78.0,38.55,58.0,73.0,70.4,0.1,101.0,0.93,2335.0,252.93801652892563,111.587,0.01,0.0,35.8,12.6,0.83,30.3,35.2,86.1,0.45,9.4,6.18,274.0,4.16,12.7,7.5,4.14,441.0,125.95,321.1,1.1,13.1,12.0,17.0,10.0,32.75
0.0,12.6,26.0,28.9,43.0,73.69953051643192,18.9,0.12,223.0,1.58,31.0,271.0,42.161,0.05,0.12,44.8,16.0,0.78,29.2,35.7,81.8,0.68,9.4,3.93,147.0,5.48,12.2,5.6,3.61,441.0,125.95,321.1,1.1,13.1,0.12,17.0,10.0,32.75
0.0,35.308825910931176,33.24291497975708,38.59178535606821,84.0960219478738,73.69953051643192,18.785260770975057,0.1272119815668203,136.0293103448276,2.18,104.25520833333331,252.93801652892563,29.178,0.01,0.0,41.0,14.2,0.38,28.7,34.6,82.8,0.19,10.6,1.9,204.0,4.95,12.8,2.5,15.9,276.5,283.9,428.97,1.1,13.1,0.12,68.0,10.0,32.75
0.0,23.0,30.0,48.0,84.0960219478738,73.69953051643192,18.785260770975057,0.09,96.0,0.51,104.25520833333331,159.0,119.82,0.06,0.04,44.2,14.4,1.77,27.6,32.6,84.7,1.05,10.4,10.29,383.0,5.22,13.6,13.2,4.34,441.0,125.95,321.1,1.1,13.1,0.12,17.0,10.0,32.75
0.0,10.0,15.0,38.59178535606821,81.0,73.69953051643192,18.785260770975057,0.1272119815668203,136.0293103448276,1.11,104.25520833333331,171.0,65.524,0.03,0.08,37.8,12.8,2.51,27.8,33.9,82.2,0.49,12.9,4.28,179.0,4.6,13.1,7.4,89.6,2319.94,805.6,406.34,1.1,13.1,17.0,34.0,10.0,42.1
0.0,9.0,16.0,37.0,69.0,73.69953051643192,16.8,0.28,93.0,1.37,65.0,234.0,47.358,0.05,0.22,46.9,15.4,1.31,30.4,32.8,92.5,0.64,10.4,3.09,215.0,5.07,12.3,5.3,77.2,441.0,814.4,376.08,1.12,13.4,13.0,32.0,10.0,50.2
0.0,13.7,39.0,32.1,84.0960219478738,73.69953051643192,18.785260770975057,0.1272119815668203,87.0,8.12,382.0,252.93801652892563,5.746,0.04,0.34,44.1,15.0,1.79,26.2,34.0,77.0,1.18,9.3,8.36,245.0,5.73,13.7,11.7,40.7,657.0,125.95,359.7,1.06,12.7,0.12,16.0,10.0,35.4
0.0,11.0,21.0,31.5,84.0960219478738,73.69953051643192,18.785260770975057,0.1272119815668203,84.0,1.04,40.0,175.0,75.519,0.03,0.0,38.2,13.6,0.5,31.6,35.6,88.8,0.5,10.3,12.12,265.0,4.3,11.2,13.2,59.8,441.0,567.7,321.1,1.1,13.1,0.12,17.0,10.0,32.75
0.0,15.0,13.0,35.9,41.0,73.69953051643192,18.785260770975057,0.08,450.0,0.98,48.0,252.93801652892563,88.281,0.05,0.18,31.6,9.5,1.66,23.0,30.1,76.5,0.45,8.8,4.93,563.0,4.13,22.8,7.3,3.02,441.0,635.4,386.05,1.1,13.1,0.12,48.0,10.0,32.75
0.0,61.1,32.0,30.8,63.0,103.0,18.785260770975057,0.22,72.0,0.72,83.0,252.93801652892563,97.207,0.01,0.02,44.1,15.2,1.7,29.6,34.5,85.8,0.99,10.2,5.75,250.0,5.14,11.6,8.5,4.92,1220.0,125.95,359.7,0.97,11.7,0.12,17.0,10.0,32.4
0.0,12.0,17.0,41.71,59.0,108.0,13.3,0.08,110.0,0.8,169.0,157.0,93.826,0.01,0.0,46.3,15.8,0.78,28.6,34.1,83.7,0.18,11.6,4.31,149.0,5.53,12.6,5.3,9.67,441.0,125.95,321.1,1.1,13.1,0.12,17.0,10.0,32.75
0.0,19.0,33.0,41.09,104.0,48.0,20.2,0.11,97.0,0.36,51.0,252.93801652892563,146.186,0.04,0.02,32.3,11.0,0.65,30.1,34.1,88.5,0.89,9.5,12.67,294.0,3.65,13.6,14.3,38.8,1458.69,1308.3,354.74,0.96,11.5,19.0,17.0,10.0,29.6
0.0,30.0,31.0,38.59178535606821,84.0960219478738,73.69953051643192,18.785260770975057,0.13,76.0,0.77,61.0,252.93801652892563,104.676,0.05,0.05,34.0,11.5,0.33,29.1,33.8,86.1,0.64,12.3,19.28,163.0,3.95,14.6,20.4,30.0,441.0,241.5,424.98,1.16,13.8,0.12,17.0,10.0,32.75
0.0,84.0,45.0,31.2,58.0,73.69953051643192,18.785260770975057,0.17,122.0,1.39,104.25520833333331,252.93801652892563,54.312,0.05,0.04,38.8,13.4,1.59,28.9,34.5,83.6,0.92,11.2,6.17,225.0,4.64,13.2,8.8,181.0,1002.17,945.9,321.1,1.1,13.1,22.0,17.0,39.0,32.75
0.0,40.0,27.0,46.1,84.0960219478738,73.69953051643192,18.785260770975057,0.06,133.0,1.11,52.0,298.0,77.013,0.02,0.08,43.5,15.0,1.34,31.3,34.5,90.6,0.39,10.1,3.77,153.0,4.8,13.1,5.6,6.58,441.0,349.7,321.1,1.1,13.1,0.12,27.0,10.0,32.75
0.0,15.0,27.0,39.5,84.0960219478738,73.69953051643192,18.785260770975057,0.14,96.0,1.0,119.0,270.0,79.745,0.02,0.18,43.6,14.2,0.48,27.2,32.6,83.4,0.12,11.5,6.25,211.0,5.23,15.2,7.1,3.02,441.0,112.5,321.1,1.1,13.1,0.12,17.0,10.0,32.75
0.0,14.0,25.0,38.59178535606821,84.0960219478738,73.69953051643192,18.785260770975057,0.1272119815668203,96.0,2.59,104.25520833333331,252.93801652892563,22.872,0.0,0.0,36.0,12.4,0.32,28.5,34.4,82.8,0.19,9.9,3.44,147.0,4.35,12.6,4.0,17.4,441.0,125.95,321.1,1.25,14.8,0.12,13.0,10.0,32.4
0.0,35.0,36.0,33.4,84.0960219478738,73.69953051643192,18.785260770975057,0.08,163.0,1.09,96.0,292.0,63.766,0.04,0.28,46.1,16.6,2.12,29.9,36.0,83.1,0.44,10.6,3.29,165.0,5.55,11.8,6.2,97.3,2317.99,483.5,321.1,1.1,13.1,57.0,55.0,10.0,32.75
0.0,12.6,17.0,23.8,72.0,39.0,18.785260770975057,0.11,82.0,0.65,18.0,252.93801652892563,111.075,0.01,0.0,40.8,13.0,1.75,23.0,31.9,72.2,0.69,12.1,2.95,202.0,5.65,17.7,5.4,3.02,232.45,62.6,307.68,1.1,13.1,0.12,3.0,10.0,32.75
0.0,35.308825910931176,33.24291497975708,27.7,132.0,73.69953051643192,23.6,0.1272119815668203,136.0293103448276,0.8,104.25520833333331,252.93801652892563,83.778,0.06,0.17,38.2,13.1,1.43,27.7,34.3,80.8,0.44,10.5,4.21,167.0,4.73,14.5,6.3,6.01,581.91,9.5,300.0,1.1,13.1,0.12,7.0,10.0,32.75
0.0,79.7,40.0,39.7,70.0,73.69953051643192,18.785260770975057,0.07,83.0,1.02,45.0,188.0,84.113,0.01,0.0,31.7,10.4,1.0,29.7,32.8,90.6,0.45,10.2,8.37,216.0,3.5,14.2,9.8,3.38,441.0,155.5,281.31,1.1,13.1,0.12,17.0,20.0,32.75
0.0,30.0,24.0,38.59178535606821,72.0,73.69953051643192,18.785260770975057,0.1272119815668203,136.0293103448276,1.06,131.0,181.0,97.059,0.0,0.37,37.0,13.1,0.77,28.8,35.4,81.3,0.51,10.1,4.3,116.0,4.55,13.4,6.0,82.0,3080.0,125.95,321.1,1.1,13.1,0.12,17.0,10.0,32.75
0.0,30.0,38.0,38.59178535606821,84.0960219478738,73.69953051643192,18.785260770975057,0.09,167.0,0.89,107.0,252.93801652892563,74.747,0.07,0.41,44.4,15.6,2.46,31.6,35.1,89.9,1.23,8.6,7.7,312.0,4.94,12.4,11.9,22.4,531.0,106.7,334.82,1.12,13.3,0.12,19.0,10.0,31.9
0.0,18.4,22.0,38.59178535606821,84.0960219478738,73.69953051643192,18.785260770975057,0.16,103.0,0.98,132.0,252.93801652892563,107.47,0.04,0.05,47.9,16.1,2.7,28.8,33.6,85.5,0.59,9.4,4.49,243.0,5.6,13.2,7.9,3.02,247.0,139.5,285.0,1.1,13.1,0.12,3.0,10.0,32.75
0.0,110.0,64.0,46.75,112.0,66.0,20.3,0.1272119815668203,84.0,0.61,84.0,252.93801652892563,128.474,0.01,0.0,32.6,10.6,1.41,23.9,32.5,73.4,0.76,9.4,2.54,302.0,4.44,15.3,4.7,9.09,441.0,125.95,321.1,1.1,13.1,0.12,17.0,10.0,32.75
0.0,36.0,33.0,38.59178535606821,84.0960219478738,73.69953051643192,22.7,0.1272119815668203,148.0,1.08,92.0,252.93801652892563,78.496,0.01,0.07,36.4,12.1,1.17,28.9,33.2,87.1,0.29,10.6,1.95,153.0,4.18,13.8,3.5,3.02,441.0,65.4,321.1,1.1,13.1,0.12,6.0,10.0,32.75
0.0,60.0,34.0,50.0,72.0,56.0,17.8,0.22,76.0,0.96,83.0,255.0,103.433,0.06,0.3,43.9,14.8,1.71,29.8,33.7,88.3,0.43,10.9,3.22,179.0,4.97,12.8,5.7,9.96,441.0,125.95,321.1,1.1,13.1,0.12,17.0,10.0,32.75
0.0,15.0,32.0,40.4,103.0,73.69953051643192,18.785260770975057,0.08,285.0,1.17,49.0,293.0,40.835,0.05,0.04,38.9,13.6,0.83,30.4,35.0,86.8,0.41,12.9,2.98,191.0,4.48,13.5,4.3,3.02,283.0,39.6,321.1,1.1,13.1,0.12,17.0,10.0,32.75
0.0,28.0,22.0,38.59178535606821,84.0960219478738,73.69953051643192,18.785260770975057,0.14,92.0,0.74,58.0,252.93801652892563,100.243,0.05,0.09,41.1,14.9,2.5,27.7,36.3,76.4,0.83,8.9,6.4,229.0,5.38,12.4,9.9,6.0,435.0,17.9,277.71,1.1,13.1,0.12,58.0,10.0,32.75
0.0,16.0,17.0,39.3,71.0,73.69953051643192,18.785260770975057,0.1272119815668203,121.0,0.9,104.25520833333331,252.93801652892563,63.636,0.06,0.2,51.6,17.8,1.74,30.2,34.5,87.5,0.65,10.2,4.06,227.0,5.9,13.4,6.7,5.14,264.0,220.3,472.56,1.1,13.1,39.0,4.0,10.0,32.75
0.0,19.0,22.0,44.4,84.0960219478738,73.69953051643192,12.1,0.05,152.0,0.81,50.0,248.0,82.73687055837563,0.04,0.19,37.6,13.0,1.2,30.6,34.6,88.5,0.37,9.8,3.11,305.0,4.25,12.6,4.9,3.02,133.0,37.9,203.41,1.1,13.1,0.12,2.0,10.0,32.75
0.0,16.4,22.0,37.6,128.0,127.0,20.4,0.09,291.0,1.01,82.0,278.0,61.94,0.01,0.0,38.1,12.9,0.6,28.2,33.9,83.2,0.27,11.9,6.4,190.0,4.58,13.8,7.3,8.45,917.0,179.6,248.77,1.36,16.0,0.12,17.0,10.0,34.1
0.0,14.2,21.0,31.4,66.0,73.69953051643192,18.785260770975057,0.15,180.0,0.56,104.25520833333331,252.93801652892563,103.11,0.04,0.0,33.3,11.6,1.4,29.2,34.8,83.9,0.68,8.7,7.71,596.0,3.97,13.0,9.8,28.5,441.0,525.0,338.47,1.14,13.6,0.12,35.0,10.0,32.7
0.0,14.0,21.0,38.59178535606821,114.0,73.69953051643192,18.785260770975057,0.1272119815668203,136.0293103448276,0.91,117.0,229.0,100.712,0.01,0.04,39.1,13.6,2.77,29.2,34.8,83.9,0.42,9.4,2.47,179.0,4.66,12.8,5.7,24.3,441.0,507.2,293.69,1.13,13.5,0.12,62.0,10.0,31.7
0.0,20.0,66.0,38.59178535606821,84.0960219478738,73.69953051643192,18.785260770975057,0.19,70.0,0.94,101.0,252.93801652892563,90.27,0.01,0.0,34.6,10.9,1.14,28.4,31.5,90.1,0.22,11.8,2.08,133.0,3.84,14.5,3.5,7.36,441.0,125.95,321.1,1.1,13.1,0.12,17.0,10.0,32.75
0.0,54.0,45.0,30.9,84.0960219478738,73.69953051643192,18.785260770975057,0.15,384.0,0.87,52.0,468.0,71.123,0.04,0.08,38.2,12.7,2.41,29.2,33.2,87.8,0.5,10.1,2.98,277.0,4.35,12.7,6.0,3.02,374.0,125.95,321.1,1.1,13.1,0.12,17.0,10.0,32.75
0.0,12.0,16.0,40.3,84.0960219478738,73.69953051643192,18.785260770975057,0.32,101.0,0.72,104.25520833333331,385.0,96.527,0.02,0.12,42.6,14.2,2.03,25.9,33.3,77.7,0.47,10.5,3.17,251.0,5.48,12.7,5.8,90.8,871.0,325.9,295.23,1.09,13.0,0.12,17.0,10.0,34.1
0.0,25.0,20.0,37.4,84.0960219478738,73.69953051643192,18.785260770975057,0.1272119815668203,476.0,1.1,104.25520833333331,149.0,76.774,0.02,0.04,48.6,16.5,1.3,25.9,34.0,76.4,1.12,10.389577103801797,1.74,108.0,6.36,16.2,4.2,6.76,948.0,125.95,321.1,1.1,13.1,0.12,17.0,10.0,32.75
0.0,35.308825910931176,33.24291497975708,38.59178535606821,84.0960219478738,73.69953051643192,18.785260770975057,0.1272119815668203,106.0,1.12,100.0,252.93801652892563,60.42,0.01,0.07,36.3,12.3,0.85,27.4,33.9,80.8,0.61,11.4,2.94,197.0,4.49,12.4,4.5,3.02,441.0,11.9,287.8,1.1,13.1,0.12,11.0,10.0,32.75
0.0,22.0,25.0,38.0,84.0960219478738,73.69953051643192,18.785260770975057,0.16,105.0,0.98,35.0,267.0,80.012,0.01,0.03,43.6,15.0,1.53,28.4,34.4,82.4,0.42,11.0,4.4,170.0,5.29,12.4,6.4,13.8,441.0,125.95,357.52,1.34,15.8,0.12,5.0,10.0,28.2
0.0,14.0,18.0,32.9,116.0,73.69953051643192,18.785260770975057,0.15,162.0,1.0,23.0,191.0,56.025,0.04,0.06,41.7,14.3,3.69,27.7,34.3,80.8,0.86,10.7,3.05,223.0,5.16,12.2,7.7,103.0,441.0,125.95,321.1,1.1,13.1,0.12,17.0,10.0,32.75
0.0,42.0,46.0,36.3,84.0960219478738,73.69953051643192,18.785260770975057,0.07,187.0,1.31,104.25520833333331,242.0,47.929,0.04,0.1,36.3,13.1,2.91,31.6,36.1,87.7,0.53,8.7,4.21,415.0,4.14,12.2,7.8,11.2,441.0,125.95,321.1,1.1,13.1,0.12,17.0,10.0,32.75
0.0,54.2,145.0,26.7,95.0,96.0,18.785260770975057,0.15,163.0,1.46,191.0,252.93801652892563,48.044,0.03,0.2,37.5,13.1,1.62,28.7,34.9,82.1,0.8,11.5,5.09,190.0,4.57,13.9,7.7,6.41,441.0,75.1,321.1,1.1,13.1,0.12,7.0,10.0,32.75
0.0,116.0,92.0,38.59178535606821,84.0960219478738,73.69953051643192,18.785260770975057,0.1272119815668203,136.0293103448276,1.28,104.25520833333331,252.93801652892563,47.925,0.01,0.0,32.4,10.5,0.99,26.3,32.4,81.2,0.53,10.2,7.62,452.0,3.99,15.1,9.2,7.34,441.0,125.95,321.1,1.1,13.1,0.12,17.0,10.0,32.75
0.0,35.308825910931176,33.24291497975708,38.59178535606821,84.0960219478738,73.69953051643192,18.785260770975057,0.1272119815668203,136.0293103448276,1.1425579536370902,104.25520833333331,252.93801652892563,82.73687055837563,0.01,0.0,46.5,15.5,1.41,29.0,33.3,87.1,0.5,9.7,4.85,142.0,5.34,13.2,6.8,34.3,441.0,202.8,298.38,1.1,13.1,0.12,22.0,10.0,32.75
0.0,159.0,79.0,37.6,84.0960219478738,73.69953051643192,18.785260770975057,0.12,99.0,0.98,20.0,411.0,77.795,0.04,0.15,47.2,15.8,1.01,27.1,33.5,80.8,0.58,10.2,2.22,172.0,5.84,14.6,4.0,108.0,441.0,167.9,321.1,1.04,12.4,0.12,59.0,1000.0,28.1
0.0,51.0,54.0,31.3,84.0960219478738,73.69953051643192,18.785260770975057,0.1272119815668203,137.0,1.15,43.0,252.93801652892563,62.339,0.01,0.0,41.6,14.4,1.55,29.0,34.6,83.7,0.31,10.0,2.73,159.0,4.97,13.0,4.6,40.5,441.0,125.95,321.1,1.1,13.1,0.12,17.0,10.0,32.75
0.0,16.0,22.0,31.9,60.0,46.0,25.2,0.08,234.0,0.87,44.0,317.0,67.71,0.02,0.0,36.2,12.7,0.51,30.0,35.1,85.4,0.18,11.0,6.24,184.0,4.24,12.1,7.0,6.92,441.0,125.95,243.09,1.1,13.1,0.12,17.0,12.0,32.75
0.0,26.8,49.0,38.59178535606821,84.0960219478738,73.69953051643192,18.785260770975057,0.1272119815668203,171.0,0.74,60.0,252.93801652892563,82.73687055837563,0.01,0.01,41.1,13.9,1.75,29.1,33.8,86.0,0.41,10.8,2.25,100.0,4.78,12.4,4.4,33.6,441.0,65.9,317.88,1.12,13.4,16.0,17.0,10.0,31.7
0.0,113.0,160.0,0.0,100.0,91.0,50.2,0.13,125.0,0.99,3576.0,252.93801652892563,83.605,0.02,0.1,40.8,14.1,1.34,30.9,34.6,89.5,0.68,9.3,2.12,190.0,4.56,13.0,4.3,28.5,304.0,351.1,389.24,1.1,13.1,0.12,28.0,10.0,32.75
0.0,20.0,23.0,33.9,47.0,73.69953051643192,26.7,0.1,187.0,1.57,83.0,238.0,44.628,0.02,0.04,40.9,14.0,0.86,28.2,34.2,82.3,0.79,10.2,2.88,194.0,4.97,12.0,4.6,39.2,441.0,125.95,321.1,1.1,13.1,0.12,17.0,10.0,32.75
0.0,17.0,14.0,38.59178535606821,84.0960219478738,73.69953051643192,9.0,0.1272119815668203,270.0,1.55,81.0,252.93801652892563,45.325,0.01,0.0,42.2,14.1,0.36,28.0,33.4,83.9,0.26,10.389577103801797,7.63,129.0,5.03,13.6,8.3,15.1,441.0,125.95,321.1,1.1,13.1,0.12,17.0,10.0,32.75
0.0,44.3,34.0,38.59178535606821,84.0960219478738,73.69953051643192,18.785260770975057,0.13,66.0,1.14,87.0,252.93801652892563,67.585,0.05,0.07,45.0,15.4,2.01,27.8,34.2,81.4,0.55,10.3,2.62,219.0,5.53,11.9,5.3,164.0,441.0,949.4,354.74,1.1,13.1,0.12,17.0,10.0,32.75
0.0,112.0,31.0,33.3,84.0960219478738,73.69953051643192,18.785260770975057,0.29,115.0,1.35,104.25520833333331,460.0,63.847,0.06,0.35,51.9,16.7,1.82,29.5,32.2,91.7,0.69,11.7,5.84,167.0,5.66,13.6,8.8,3.02,441.0,125.95,321.1,1.1,13.1,0.12,17.0,10.0,32.75
0.0,169.0,225.0,29.7,142.0,73.69953051643192,13.7,0.31,111.0,0.87,173.0,670.0,93.805,0.01,0.0,35.5,11.7,0.42,29.1,33.0,88.3,0.26,12.5,11.58,277.0,4.02,13.3,12.3,4.69,441.0,125.95,321.1,1.1,13.1,0.12,17.0,10.0,32.75
0.0,33.0,25.0,45.2,77.0,73.69953051643192,17.8,0.12,105.0,0.99,207.0,196.0,94.874,0.01,0.0,44.0,15.3,0.94,29.6,34.8,85.1,0.34,11.1,5.74,138.0,5.17,12.2,7.0,42.6,441.0,507.7,327.79,1.2,14.2,41.0,85.0,10.0,40.2
0.0,39.0,21.0,40.6,84.0960219478738,73.69953051643192,18.785260770975057,0.06,109.0,1.11,84.0,151.0,74.879,0.03,0.16,43.3,14.6,0.87,28.1,33.7,83.3,0.37,9.8,1.63,203.0,5.2,12.2,3.1,3.02,441.0,125.95,321.1,1.1,13.1,0.12,17.0,10.0,32.75
0.0,25.0,27.0,42.4,108.0,49.0,21.4,0.09,92.0,0.92,146.0,276.0,84.562,0.01,0.02,44.9,14.2,2.27,25.9,31.6,81.8,0.54,9.6,2.11,310.0,5.49,14.5,5.0,3.15,441.0,125.95,321.1,1.1,13.1,0.12,17.0,10.0,32.75
0.0,16.0,11.0,32.2,84.0960219478738,73.69953051643192,18.785260770975057,0.13,335.0,1.01,38.0,252.93801652892563,73.964,0.02,0.01,38.0,12.9,0.49,29.2,33.9,86.0,0.55,10.3,2.29,124.0,4.42,13.4,3.4,6.76,441.0,125.95,321.1,1.1,13.1,0.12,17.0,4200.0,32.75
0.0,22.0,22.0,35.73,80.0,82.0,8.5,0.09,102.0,1.14,73.0,252.93801652892563,64.796,0.04,0.28,44.3,14.4,1.73,29.6,32.5,91.2,0.66,9.1,4.47,190.0,4.86,13.5,7.2,54.7,441.0,125.95,321.1,1.1,13.1,18.0,17.0,10.0,32.75
0.0,17.2,29.0,38.59178535606821,84.0960219478738,73.69953051643192,18.785260770975057,0.14,168.0,0.81,21.0,252.93801652892563,82.73687055837563,0.01,0.0,38.4,12.0,1.28,25.5,31.3,81.5,0.38,10.5,7.23,188.0,4.71,15.2,8.9,3.14,699.41,125.95,321.1,1.1,13.1,0.12,17.0,10.0,32.75
0.0,38.8,32.0,45.2,49.0,73.69953051643192,18.785260770975057,0.24,110.0,1.01,133.0,252.93801652892563,96.594,0.0,0.03,33.5,11.5,1.33,30.6,34.3,89.1,0.32,9.3,1.57,270.0,3.76,13.8,3.3,8.4,577.2,84.0,295.23,1.15,13.7,0.12,18.0,10.0,26.2
0.0,22.2,26.0,36.0,71.0,73.69953051643192,18.785260770975057,0.24,101.0,1.11,213.0,204.0,65.986,0.1,0.92,42.4,13.3,2.41,26.1,31.4,83.1,0.48,9.7,3.43,204.0,5.1,13.7,7.3,24.1,982.0,272.0,219.17,1.12,13.3,0.12,17.0,10.0,33.9
0.0,49.0,26.0,48.7,79.0,73.69953051643192,18.785260770975057,0.1272119815668203,90.0,1.05,104.25520833333331,252.93801652892563,101.687,0.0,0.16,40.4,13.1,0.85,28.2,32.4,86.9,0.58,10.6,5.16,240.0,4.65,13.5,6.8,179.0,441.0,854.4,321.1,1.1,13.1,0.12,17.0,10.0,32.75
0.0,16.0,21.0,37.6,78.0,73.69953051643192,5.0,0.05,262.0,1.3,220.0,210.0,44.074,0.01,0.0,38.6,13.7,0.65,29.1,35.5,82.1,0.7,8.6,6.55,481.0,4.7,11.9,7.9,16.2,4915.59,142.7,579.61,1.1,13.1,0.12,75.0,10.0,32.75
0.0,14.0,16.0,38.2,74.0,73.69953051643192,18.785260770975057,0.05,113.0,0.89,43.0,222.0,75.812,0.0,0.02,43.4,14.8,0.74,30.5,34.1,89.5,0.64,11.4,7.0,362.0,4.85,12.3,8.4,26.9,996.0,218.2,362.26,1.09,13.0,0.12,17.0,10.0,33.6
0.0,85.0,93.0,26.9,84.0960219478738,73.69953051643192,18.785260770975057,0.11,105.0,0.86,104.25520833333331,344.0,95.585,0.02,0.04,35.7,11.5,2.16,24.8,32.2,76.9,0.66,11.6,2.88,173.0,4.64,14.3,5.8,11.0,692.73,846.9,321.1,1.1,13.1,0.12,17.0,10.0,32.75
0.0,123.0,59.0,48.1,82.0,73.69953051643192,18.785260770975057,0.15,124.0,0.85,79.0,252.93801652892563,99.645,0.03,0.04,37.1,12.0,2.24,23.1,32.3,71.5,1.0,10.8,3.3,210.0,5.19,15.8,6.6,40.9,551.0,0.0,334.82,1.2,14.3,0.12,57.0,10.0,29.4
0.0,61.0,65.0,36.1,84.0960219478738,73.69953051643192,18.785260770975057,0.08,224.0,0.73,32.0,349.0,86.095,0.01,0.01,41.2,14.3,1.51,30.5,34.7,87.8,0.43,10.1,4.59,257.0,4.69,13.1,6.6,10.7,441.0,36.5,267.4,1.19,14.1,0.12,17.0,10.0,42.0
0.0,20.0,19.0,43.6,52.0,54.0,18.7,0.15,127.0,0.76,74.0,210.0,107.093,0.05,0.12,44.3,14.6,0.97,28.0,33.0,85.0,0.39,10.6,3.33,156.0,5.21,12.6,4.9,10.8,353.0,125.95,321.1,1.1,13.1,0.12,17.0,10.0,32.75
0.0,15.5,22.0,41.9,42.0,73.69953051643192,18.785260770975057,0.15,93.0,0.81,66.0,252.93801652892563,97.086,0.01,0.0,40.5,13.8,0.45,29.9,34.1,87.7,0.63,10.6,9.78,220.0,4.62,12.8,10.9,36.7,441.0,125.95,321.1,1.1,13.1,0.12,17.0,10.0,32.75
0.0,22.0,22.0,36.7,84.0960219478738,73.69953051643192,18.785260770975057,0.1272119815668203,179.0,0.68,104.25520833333331,252.93801652892563,80.019,0.04,0.12,41.5,14.3,1.63,28.5,34.5,82.7,0.6,9.2,0.79,186.0,5.02,13.9,3.2,3.02,314.0,13.0,281.31,1.1,13.1,0.12,4.0,10.0,32.75
0.0,67.0,33.0,30.8,84.0960219478738,73.69953051643192,18.785260770975057,0.11,147.0,1.06,11.0,225.0,53.326,0.06,0.02,42.3,14.6,2.77,29.7,34.5,86.2,0.95,9.1,2.92,168.0,4.91,12.8,6.7,49.8,441.0,125.95,321.1,1.1,13.1,0.12,17.0,10.0,29.8
0.0,56.0,44.0,37.3,63.0,73.69953051643192,18.785260770975057,0.1,137.0,0.85,27.0,194.0,79.028,0.02,0.0,36.5,12.9,0.46,30.9,35.3,87.3,0.73,10.7,13.48,231.0,4.18,12.2,14.7,3.02,441.0,420.4,321.1,1.1,13.1,0.12,14.0,10.0,32.75
0.0,18.0,27.0,31.7,76.0,73.69953051643192,18.785260770975057,0.22,201.0,1.1,36.0,260.0,67.655,0.05,0.06,44.2,15.7,1.24,29.8,35.5,84.0,1.05,9.9,5.25,222.0,5.26,11.9,7.7,3.02,441.0,125.95,321.1,1.1,13.1,0.12,17.0,10.0,32.75
0.0,27.0,18.0,44.6,80.0,73.69953051643192,13.3,0.27,125.0,0.92,55.0,163.0,89.451,0.02,0.02,31.0,9.6,0.63,28.0,31.0,90.4,0.64,11.0,7.44,260.0,3.43,13.8,8.8,15.5,441.0,125.95,321.1,1.1,13.1,0.12,17.0,10.0,32.75
0.0,50.0,57.0,34.6,115.0,103.0,14.2,0.07,108.0,0.76,36.0,292.0,76.98,0.08,0.15,39.7,14.0,1.33,29.6,35.3,83.9,0.57,9.5,4.42,195.0,4.73,13.3,6.6,98.0,441.0,125.95,321.1,1.1,13.1,0.12,17.0,10.0,32.75
0.0,30.0,46.0,38.1,59.0,73.69953051643192,16.2,0.05,154.0,0.74,68.0,233.0,84.098,0.02,0.2,42.7,14.4,3.29,25.7,33.7,76.3,0.71,10.6,4.55,409.0,5.6,13.6,8.8,97.3,441.0,429.8,321.1,1.23,14.6,24.0,17.0,10.0,43.2
0.0,10.7,16.0,34.6,50.0,73.0,25.3,0.08,94.0,0.9,44.0,250.0,64.536,0.01,0.01,42.1,15.2,0.66,30.4,36.1,84.2,0.4,12.0,7.22,148.0,5.0,12.6,8.3,4.3,441.0,194.0,493.64,1.11,13.2,14.0,17.0,0.0,32.75
0.0,35.308825910931176,33.24291497975708,38.59178535606821,84.0960219478738,73.69953051643192,18.785260770975057,0.1272119815668203,136.0293103448276,0.83,104.25520833333331,252.93801652892563,82.73687055837563,0.05,0.07,45.9,15.6,1.91,27.8,34.0,81.8,0.78,10.4,7.12,327.0,5.61,12.5,9.9,0.0,39.0,125.95,321.1,1.1,13.1,0.12,17.0,10.0,32.75
0.0,28.0,20.0,44.71,81.0,48.0,9.9,0.06,102.0,0.63,131.0,252.93801652892563,102.737,0.04,0.12,46.3,15.6,2.71,28.7,33.7,85.1,0.65,10.9,2.86,250.0,5.44,12.1,6.4,3.02,441.0,125.95,321.1,1.1,13.1,0.12,17.0,10.0,32.75
0.0,136.0,55.0,38.59178535606821,84.0960219478738,73.69953051643192,18.785260770975057,0.1,102.0,0.7,32.0,252.93801652892563,95.812,0.02,0.0,42.8,14.4,0.86,28.8,33.6,85.6,0.48,9.2,8.03,251.0,5.0,11.9,9.4,3.02,224.0,103.3,277.71,1.1,13.1,0.12,3.0,10.0,32.75
0.0,15.0,18.0,44.6,84.0960219478738,73.69953051643192,18.785260770975057,0.32,110.0,0.96,67.0,248.0,66.325,0.03,0.19,51.8,18.0,4.65,30.7,34.7,88.2,0.92,9.5,9.46,320.0,5.87,11.8,15.3,3.02,441.0,125.95,321.1,1.1,13.1,0.12,17.0,10.0,32.75
0.0,11.0,19.0,37.8,84.0960219478738,73.69953051643192,18.785260770975057,0.11,90.0,0.65,76.0,262.0,87.74,0.01,0.0,40.6,13.7,0.77,28.0,33.7,82.9,0.05,10.2,3.03,256.0,4.9,12.6,3.9,107.0,1310.19,811.0,450.52,1.06,12.7,0.12,70.0,10.0,34.7
0.0,8.6,20.0,29.8,55.0,73.69953051643192,18.785260770975057,0.11,134.0,0.68,25.0,217.0,84.644,0.01,0.03,42.3,14.4,2.08,29.2,34.0,85.8,0.36,9.7,3.98,292.0,4.93,12.3,6.5,3.02,441.0,42.3,321.1,1.12,13.4,0.12,17.0,10.0,36.9
0.0,65.0,13.0,34.3,56.0,73.69953051643192,13.2,0.1,183.0,0.69,18.0,218.0,91.006,0.01,0.02,31.4,10.2,1.51,24.1,32.5,74.2,0.52,9.3,4.07,366.0,4.23,15.2,6.1,17.8,3390.62,207.3,314.72,0.93,11.2,0.12,43.0,10.0,26.0
0.0,114.0,104.0,38.6,320.0,73.69953051643192,18.785260770975057,0.1,143.0,0.95,31.0,321.0,62.614,0.02,0.04,31.5,9.1,1.37,19.9,28.9,68.9,0.59,10.389577103801797,7.87,308.0,4.57,16.9,9.9,3.02,369.0,39.4,321.1,1.1,13.1,0.12,5.0,10.0,32.75
0.0,12.0,17.0,41.7,91.0,88.0,11.4,0.2,102.0,1.4,57.0,132.0,49.144,0.06,0.05,42.4,14.0,1.37,25.2,33.0,76.4,0.45,10.3,2.74,205.0,5.55,13.2,4.7,70.6,1500.0,57.1,362.26,1.1,13.1,0.12,61.0,10.0,32.75
0.0,21.0,32.0,46.4,129.0,73.69953051643192,18.785260770975057,0.1272119815668203,101.0,0.98,104.25520833333331,252.93801652892563,110.533,0.0,0.01,34.7,11.5,0.36,26.9,33.1,81.1,0.15,11.9,2.41,113.0,4.28,13.0,2.9,6.76,1330.0,3.4,321.1,1.1,13.1,0.12,18.0,10.0,30.8
0.0,27.0,41.0,26.3,84.0960219478738,73.69953051643192,18.785260770975057,0.23,239.0,1.19,104.25520833333331,252.93801652892563,43.832,0.03,0.01,34.6,11.0,0.96,27.2,31.8,85.4,0.4,11.9,7.06,201.0,4.05,14.2,8.5,15.3,441.0,135.6,317.88,1.1,13.1,0.0,17.0,38.0,32.4
0.0,17.0,22.0,38.5,84.0960219478738,73.69953051643192,18.785260770975057,0.13,108.0,0.84,75.0,276.0,70.645,0.16,0.12,39.8,12.0,1.37,25.6,30.2,85.0,0.45,10.389577103801797,8.6,398.0,4.68,25.6,10.7,16.7,441.0,125.95,321.1,1.0,12.0,0.12,43.0,10.0,25.2
0.0,31.0,31.0,37.5,84.0960219478738,73.69953051643192,18.785260770975057,0.09,107.0,0.78,152.0,152.0,73.559,0.07,0.51,41.6,14.2,2.02,28.0,34.1,82.1,0.56,9.4,4.97,390.0,5.07,12.9,8.1,3.02,441.0,125.95,321.1,1.1,13.1,0.12,17.0,10.0,32.75
0.0,9.0,13.0,40.3,84.0960219478738,73.69953051643192,18.785260770975057,0.15,124.0,1.14,51.0,179.0,65.253,0.02,0.21,38.4,13.6,0.94,28.6,35.4,80.8,0.65,10.9,2.96,189.0,4.75,11.7,4.8,3.02,441.0,25.1,427.85,1.1,13.1,0.12,8.0,10.0,32.75
0.0,25.0,31.0,36.7,84.0960219478738,73.69953051643192,18.785260770975057,0.17,158.0,0.87,28.0,210.0,91.849,0.01,0.0,36.2,12.5,0.36,29.3,34.5,84.8,0.25,9.4,8.17,266.0,4.27,12.9,8.8,48.7,3722.57,297.8,364.89,1.1,13.1,0.12,73.0,10.0,32.75
0.0,20.0,24.0,39.3,71.0,37.0,22.3,0.1,94.0,0.69,67.0,290.0,123.098,0.01,0.0,32.6,10.8,1.5,24.3,33.1,73.4,0.6,9.8,4.65,373.0,4.44,14.3,6.8,3.34,232.0,20.0,321.1,1.1,13.1,0.12,2.0,10.0,32.75
0.0,17.0,16.0,42.1,59.0,73.69953051643192,18.785260770975057,0.09,94.0,0.81,64.0,252.93801652892563,100.556,0.02,0.04,51.7,17.5,2.23,27.3,33.8,80.5,0.47,9.4,3.54,252.0,6.42,11.9,6.3,4.3,392.96,40.9,343.2,1.1,13.1,0.12,10.0,10.0,32.75
0.0,9.0,19.0,39.6,61.0,126.0,21.7,0.1,95.0,0.83,52.0,249.0,100.416,0.02,0.0,40.8,14.3,0.4,28.4,35.0,81.0,0.26,11.2,6.86,192.0,5.04,14.6,7.5,3.9,441.0,433.6,321.1,1.1,13.1,0.12,15.0,10.0,32.75
0.0,16.0,20.0,45.44,76.0,73.69953051643192,21.7,0.06,98.0,0.84,100.0,252.93801652892563,89.703,0.01,0.0,34.2,11.9,0.46,28.9,34.8,83.0,0.5,11.7,7.96,127.0,4.12,14.8,8.9,16.0,441.0,110.6,330.41,1.1,13.1,24.0,17.0,10.0,32.75
0.0,15.0,26.0,43.16,60.0,76.0,37.0,0.11,86.0,0.55,129.0,288.0,123.636,0.03,0.01,41.7,14.2,0.75,30.2,34.1,88.7,0.26,9.3,4.48,324.0,4.7,12.1,5.5,15.0,441.0,81.7,445.97,1.1,13.1,0.12,65.0,10.0,32.75
0.0,11.0,15.0,45.8,59.0,73.69953051643192,18.785260770975057,0.1272119815668203,94.0,0.7,104.25520833333331,252.93801652892563,114.206,0.07,0.0,39.2,13.6,18.72,29.6,34.7,85.4,6.71,11.2,2.84,195.0,4.59,14.5,28.3,6.68,441.0,125.95,321.1,1.1,13.1,0.12,17.0,10.0,32.75
0.0,13.0,23.0,42.7,52.0,73.69953051643192,11.8,0.2,112.0,1.06,73.0,305.0,93.709,0.03,0.03,33.5,11.9,0.66,30.1,35.5,84.8,0.38,9.4,4.8,249.0,3.95,12.6,5.9,20.7,441.0,125.95,321.1,1.1,13.1,0.12,17.0,10.0,32.75
0.0,32.0,32.0,39.33,59.0,65.0,59.6,0.1272119815668203,194.0,0.79,375.0,366.0,105.439,0.02,0.06,31.1,10.3,0.91,26.4,33.1,79.7,0.87,9.4,9.66,488.0,3.9,14.0,11.5,63.1,441.0,125.95,321.1,1.1,13.1,0.12,17.0,10.0,32.75
0.0,11.0,12.0,40.3,84.0960219478738,73.69953051643192,18.785260770975057,0.07,93.0,0.8,48.0,172.0,83.264,0.03,0.18,36.6,12.6,0.92,30.4,34.4,88.4,0.25,11.3,6.94,21.0,4.14,13.9,8.3,21.2,958.0,924.7,352.34,1.1,13.1,0.12,17.0,10.0,32.75
0.0,38.0,28.0,38.59178535606821,84.0960219478738,73.69953051643192,18.785260770975057,0.1272119815668203,99.0,0.76,104.25520833333331,252.93801652892563,111.742,0.0,0.12,39.4,13.9,1.24,29.0,35.3,82.3,0.89,10.6,5.09,128.0,4.79,12.5,7.3,15.0,697.19,355.0,413.61,1.1,13.1,0.12,19.0,10.0,32.75
0.0,10.0,19.0,43.9,84.0960219478738,73.69953051643192,18.785260770975057,0.1272119815668203,78.0,0.89,104.25520833333331,219.0,72.683,0.01,0.0,34.5,12.5,0.6,30.3,36.2,83.5,0.34,11.1,6.59,228.0,4.13,12.1,7.5,109.0,441.0,556.0,370.35,1.1,13.1,0.12,48.0,10.0,32.75
0.0,57.0,35.0,38.59178535606821,84.0960219478738,73.69953051643192,18.785260770975057,0.1272119815668203,175.0,0.73,104.25520833333331,252.93801652892563,101.905,0.05,0.09,45.4,14.3,1.62,26.2,31.5,83.2,0.39,11.6,4.42,260.0,5.46,12.8,6.6,18.7,674.0,234.0,493.64,1.07,12.8,0.12,17.0,10.0,28.8
0.0,18.0,16.0,49.71,74.0,50.0,13.9,0.05,184.0,0.58,79.0,252.93801652892563,115.665,0.01,0.0,42.9,13.5,1.25,27.6,31.5,87.7,0.97,9.8,13.37,515.0,4.89,15.4,15.6,12.4,3170.0,0.0,267.4,1.1,13.1,12.0,17.0,110.0,32.75
0.0,26.0,35.0,31.9,84.0960219478738,73.69953051643192,15.1,0.15,88.0,0.57,101.0,303.0,82.73687055837563,0.04,0.01,44.8,14.1,2.18,26.2,31.5,83.1,0.85,10.7,4.48,277.0,5.39,13.8,7.6,54.4,602.0,125.95,321.1,1.1,13.1,0.12,17.0,10.0,32.75
0.0,35.0,26.0,41.6,71.0,73.69953051643192,18.785260770975057,0.08,167.0,0.87,65.0,189.0,100.631,0.06,0.37,53.4,17.5,2.36,26.7,32.8,81.5,0.73,10.1,5.52,271.0,6.55,14.2,9.0,33.7,772.88,459.7,413.61,1.14,13.6,16.0,41.0,10.0,37.1
0.0,17.7,22.0,40.3,84.0960219478738,73.69953051643192,14.7,0.06,92.0,0.91,65.0,204.0,82.73687055837563,0.06,0.0,40.7,14.6,0.82,28.1,35.9,78.4,0.62,8.8,5.57,325.0,5.19,12.2,7.1,3.02,441.0,12.9,395.25,1.1,13.1,0.12,2.0,10.0,32.75
0.0,9.0,11.0,32.2,84.0,46.0,4.0,0.14,188.0,2.18,26.0,221.0,21.991,0.04,0.12,45.1,15.7,2.12,30.5,34.8,87.6,0.53,10.1,3.96,212.0,5.15,12.4,6.8,62.7,598.0,84.9,350.0,1.1,13.1,0.12,15.0,10.0,32.75
0.0,18.0,19.0,34.1,84.0960219478738,73.69953051643192,18.785260770975057,0.05,241.0,5.91,104.0,262.0,6.539,0.0,0.01,40.6,14.0,2.43,28.6,34.5,83.0,0.55,8.5,4.91,238.0,4.89,13.3,7.9,6.76,441.0,125.95,321.1,1.1,13.1,0.12,17.0,10.0,32.75
0.0,51.0,19.0,38.59178535606821,84.0960219478738,73.69953051643192,18.785260770975057,0.1272119815668203,213.0,0.79,17.0,219.0,77.162,0.02,0.05,41.7,14.6,1.95,30.6,35.0,87.4,0.86,9.1,5.26,226.0,4.77,12.9,8.1,3.02,441.0,119.7,321.1,1.04,12.5,0.12,17.0,10.0,34.4
0.0,0.0,7.0,31.7,84.0960219478738,73.69953051643192,18.785260770975057,0.04,229.0,1.47,30.0,152.0,47.65,0.07,0.07,43.7,15.8,2.21,29.5,36.2,81.5,0.52,10.4,3.86,297.0,5.36,12.2,6.7,6.76,441.0,125.95,321.1,1.06,12.7,0.12,17.0,10.0,32.75
0.0,35.308825910931176,33.24291497975708,38.59178535606821,84.0960219478738,73.69953051643192,18.785260770975057,0.1272119815668203,136.0293103448276,1.1425579536370902,104.25520833333331,193.0,82.73687055837563,0.04,0.22,39.2,13.3,1.08,29.4,33.9,86.7,0.56,10.8,8.49,290.0,4.52,13.2,10.4,3.02,206.0,57.2,287.8,1.07,12.8,0.0,17.0,10.0,32.75
0.0,29.0,62.0,34.3,77.0,73.69953051643192,18.785260770975057,0.1272119815668203,123.0,0.9,419.0,252.93801652892563,86.232,0.01,0.05,41.9,14.4,1.78,28.7,34.4,83.6,0.87,9.1,3.22,198.0,5.01,12.1,5.9,0.0,441.0,10.0,28.1,1.1,13.1,0.12,17.0,10.0,32.75
0.0,54.0,34.0,40.4,44.0,73.69953051643192,18.785260770975057,0.11,131.0,0.78,57.0,183.0,75.655,0.02,0.01,44.4,15.6,1.65,30.5,35.1,86.7,0.26,10.4,3.1,168.0,5.12,11.9,5.0,3.02,441.0,38.1,321.1,1.1,13.1,0.12,17.0,10.0,32.75
0.0,25.0,33.0,32.0,85.0,73.69953051643192,18.785260770975057,0.11,187.0,1.03,40.0,194.0,50.391,0.38,0.45,47.6,15.7,7.22,28.7,33.0,87.0,2.11,10.4,14.81,346.0,5.47,13.2,25.0,40.3,441.0,125.95,321.1,1.1,13.1,0.12,17.0,10.0,32.75
0.0,17.0,34.0,38.59178535606821,84.0960219478738,73.69953051643192,18.785260770975057,0.1272119815668203,113.0,0.58,104.25520833333331,252.93801652892563,98.409,0.01,0.0,40.7,14.1,1.17,28.4,34.6,82.1,0.58,10.9,3.13,177.0,4.96,13.2,4.9,3.8,441.0,32.6,287.8,1.07,12.8,0.12,17.0,10.0,33.2
0.0,8.0,22.0,35.2,81.0,73.69953051643192,18.785260770975057,0.1272119815668203,89.0,1.03,104.25520833333331,252.93801652892563,51.464,0.06,0.21,48.8,17.3,3.96,31.2,35.5,87.9,0.68,9.3,4.45,332.0,5.55,12.6,9.4,41.2,441.0,125.95,321.1,1.1,13.1,0.12,17.0,10.0,32.75
0.0,10.3,19.0,45.6,84.0960219478738,73.69953051643192,18.785260770975057,0.13,93.0,0.72,112.0,144.0,105.085,0.03,0.02,36.9,11.8,1.33,26.3,32.0,82.4,0.8,12.1,2.36,212.0,4.48,14.9,4.5,18.1,349.0,125.95,321.1,1.1,13.1,0.12,17.0,13.0,32.75
0.0,32.0,25.0,44.9,91.0,73.69953051643192,18.785260770975057,0.1,131.0,0.96,120.0,252.93801652892563,91.147,0.01,0.2,31.1,10.8,1.17,32.1,34.7,92.6,0.18,10.7,5.3,192.0,3.36,12.8,6.9,3.02,441.0,125.95,321.1,1.1,13.1,0.12,17.0,10.0,32.75
0.0,9.0,30.0,37.6,84.0960219478738,73.69953051643192,18.785260770975057,0.14,87.0,1.16,104.25520833333331,210.0,72.0,0.01,0.0,29.3,10.1,0.86,29.0,34.5,84.2,0.33,9.3,2.45,337.0,3.48,13.7,3.7,65.5,441.0,511.9,331.26,1.1,13.1,0.12,17.0,10.0,32.75
0.0,13.3,27.0,33.7,84.0960219478738,73.69953051643192,18.785260770975057,0.11,83.0,1.07,75.0,212.0,65.21,0.02,0.03,35.0,11.0,0.98,27.4,31.4,87.1,0.34,12.5,3.49,147.0,4.02,13.5,4.9,19.9,441.0,425.6,338.47,1.06,12.7,0.12,27.0,10.0,35.6
0.0,0.0,86.0,38.1,84.0960219478738,73.69953051643192,18.785260770975057,0.11,140.0,1.45,189.0,369.0,58.976,0.03,0.12,40.0,13.7,1.49,28.9,34.3,84.4,0.72,10.2,1.82,232.0,4.74,12.2,4.2,16.2,441.0,353.7,334.82,1.04,12.4,0.12,19.0,10.0,32.7
0.0,23.0,31.0,41.2,56.0,73.69953051643192,18.785260770975057,0.1272119815668203,90.0,1.5,104.25520833333331,252.93801652892563,44.895,0.03,0.0,34.3,11.8,1.79,28.0,34.4,81.5,0.58,10.3,9.71,326.0,4.21,12.4,12.1,3.02,441.0,104.6,230.26,1.1,13.1,0.12,2.0,10.0,32.75
0.0,21.0,30.0,37.3,125.0,60.0,18.2,0.13,143.0,0.91,68.0,241.0,88.129,0.02,0.02,40.9,14.1,1.53,28.6,34.5,83.0,0.41,9.4,3.57,199.0,4.93,12.1,5.6,6.24,441.0,58.7,300.0,1.1,13.1,0.12,16.0,10.0,32.75
0.0,40.0,60.0,42.9,84.0960219478738,73.69953051643192,18.785260770975057,0.35,103.0,0.94,104.25520833333331,269.0,84.147,0.01,0.17,37.7,12.2,2.48,27.8,32.4,85.9,0.37,11.3,1.97,192.0,4.39,14.2,5.0,26.0,382.22,33.3,357.52,1.1,13.1,0.12,17.0,10.0,32.75
0.0,14.0,19.0,49.4,67.0,73.69953051643192,21.3,0.12,104.0,0.9,109.0,158.0,123.383,0.01,0.03,38.6,14.0,0.8,27.6,36.3,76.1,0.55,10.8,3.78,177.0,5.07,14.0,5.2,105.0,441.0,125.95,321.1,1.1,13.1,0.12,17.0,10.0,32.75
0.0,16.0,22.0,43.3,70.0,73.69953051643192,18.785260770975057,0.09,91.0,0.93,143.0,252.93801652892563,92.09,0.01,0.02,31.9,10.8,1.06,28.7,33.9,84.8,0.8,10.7,6.51,361.0,3.76,14.3,8.4,3.02,441.0,19.2,321.1,1.1,13.1,0.12,17.0,10.0,32.75
0.0,53.0,22.0,35.5,84.0960219478738,73.69953051643192,18.785260770975057,0.1272119815668203,134.0,1.03,52.0,252.93801652892563,81.967,0.03,0.0,29.9,10.0,0.19,29.2,33.4,87.4,0.2,10.4,14.56,266.0,3.42,15.4,15.0,9.83,441.0,89.7,321.1,1.1,13.1,0.12,2.0,10.0,32.75
0.0,76.0,68.0,38.3,121.0,73.69953051643192,14.0,0.18,145.0,0.77,84.0,158.0,90.024,0.02,0.0,32.9,11.1,0.94,24.9,33.7,73.8,0.6,9.8,7.33,420.0,4.46,13.9,8.9,3.02,204.0,34.5,486.28,1.06,12.7,0.12,17.0,10.0,35.9
0.0,10.0,26.0,17.9,169.0,73.69953051643192,18.785260770975057,0.08,61.0,0.82,50.0,252.93801652892563,67.799,0.05,0.02,41.5,14.1,0.92,25.4,34.0,74.6,0.38,10.9,5.51,208.0,5.56,14.4,6.9,4.49,441.0,57.2,321.1,1.1,13.1,0.12,17.0,10.0,32.75
0.0,25.0,22.0,38.59178535606821,84.0960219478738,73.69953051643192,18.785260770975057,0.1272119815668203,114.0,1.08,104.25520833333331,252.93801652892563,82.73687055837563,0.05,0.2,46.9,15.9,1.86,27.7,33.9,81.6,0.51,10.8,4.41,217.0,5.75,13.2,7.0,99.8,441.0,202.0,321.1,1.1,13.1,20.0,40.0,10.0,32.75
0.0,16.0,20.0,36.0,84.0960219478738,73.69953051643192,18.785260770975057,0.1272119815668203,101.0,0.96,104.25520833333331,252.93801652892563,58.038,0.01,0.01,37.8,13.0,1.0,27.3,34.4,79.4,0.37,10.5,1.66,168.0,4.76,12.5,3.1,64.2,561.71,738.5,321.1,1.1,13.1,22.0,17.0,10.0,32.75
0.0,17.0,22.0,37.5,59.0,49.0,14.4,0.11,145.0,0.75,35.0,150.0,76.055,0.02,0.13,36.8,12.5,0.98,30.6,34.0,90.2,0.56,12.1,3.73,148.0,4.08,13.6,5.4,3.24,441.0,19.0,360.12,1.1,13.1,0.12,27.0,10.0,32.75
0.0,12.0,24.0,28.6,207.0,73.69953051643192,7.7,0.15,83.0,0.81,17.0,167.0,85.727,0.01,0.0,36.0,12.3,0.82,29.8,34.2,87.2,0.32,9.1,7.6,320.0,4.13,13.2,8.8,242.0,441.0,423.2,367.59,1.1,13.1,0.0,17.0,10.0,32.75
0.0,184.0,41.0,40.0,65.0,73.69953051643192,17.3,0.1272119815668203,119.0,0.94,35.0,319.0,98.902,0.02,0.11,34.9,12.1,0.69,26.8,34.7,77.2,1.02,9.4,4.73,260.0,4.52,12.2,6.6,0.0,55.0,0.0,321.1,1.1,13.1,0.12,17.0,10.0,32.75
0.0,26.9,33.0,38.59178535606821,84.0960219478738,73.69953051643192,18.785260770975057,0.1,88.0,1.17,39.0,252.93801652892563,82.73687055837563,0.04,0.01,36.0,12.2,2.24,27.8,33.9,82.0,1.01,9.8,8.83,443.0,4.39,12.7,12.1,0.0,81.0,125.95,321.1,1.1,13.1,0.12,17.0,10.0,32.75
0.0,12.0,19.0,35.4,92.0,73.69953051643192,18.785260770975057,0.11,87.0,0.81,44.0,320.0,74.341,0.06,0.14,39.5,13.4,2.25,26.9,33.9,79.2,0.57,9.6,8.85,293.0,4.99,14.1,11.9,3.02,271.0,101.9,321.1,1.1,13.1,0.12,17.0,10.0,32.75
0.0,22.0,18.0,36.0,84.0960219478738,73.69953051643192,18.785260770975057,0.1,242.0,1.66,61.0,199.0,29.517,0.02,0.05,34.5,11.3,1.21,27.6,32.8,84.4,0.29,10.7,2.27,243.0,4.09,11.9,3.8,13.4,739.49,259.6,389.24,1.1,13.1,13.0,41.0,10.0,35.2
0.0,35.308825910931176,33.24291497975708,38.59178535606821,84.0960219478738,73.69953051643192,18.785260770975057,0.1272119815668203,315.0,0.77,104.25520833333331,252.93801652892563,76.845,0.01,0.0,39.9,13.4,0.97,28.3,33.6,84.4,0.15,10.8,6.69,185.0,4.73,13.1,7.8,99.8,441.0,623.3,486.28,1.13,13.5,0.12,17.0,10.0,45.7
0.0,0.0,29.0,38.59178535606821,100.0,73.69953051643192,18.785260770975057,0.1272119815668203,167.0,1.33,104.25520833333331,252.93801652892563,82.73687055837563,0.01,0.0,38.3,13.1,0.77,25.6,34.2,74.8,0.44,9.9,5.08,262.0,5.12,13.4,6.3,3.02,441.0,193.9,321.1,1.1,13.1,12.0,9.0,10.0,32.75
0.0,39.0,24.0,35.8,37.0,73.69953051643192,18.785260770975057,0.13,203.0,0.91,22.0,205.0,61.915,0.04,0.2,41.9,15.1,2.87,31.2,36.0,86.6,0.56,10.6,3.17,205.0,4.84,12.2,6.8,3.18,441.0,125.95,321.1,1.1,13.1,0.12,17.0,10.0,32.75
0.0,42.0,30.0,42.5,81.0,140.0,18.785260770975057,0.07,136.0293103448276,1.12,87.0,252.93801652892563,66.664,0.02,0.08,35.5,12.0,0.71,28.4,33.8,84.1,0.44,10.8,8.73,295.0,4.22,12.4,10.0,3.02,190.0,125.95,321.1,1.1,13.1,0.12,17.0,10.0,32.75
0.0,145.0,256.0,34.3,84.0960219478738,73.69953051643192,18.785260770975057,0.08,82.0,1.05,832.0,372.0,72.582,0.02,0.12,40.9,13.7,2.75,29.5,33.5,88.0,0.57,10.7,1.89,142.0,4.65,13.1,5.4,30.8,441.0,152.8,308.63,1.04,12.4,0.12,37.0,12.0,36.6
0.0,115.0,93.0,36.3,174.0,73.69953051643192,18.785260770975057,0.16,171.0,1.04,56.0,298.0,88.761,0.03,0.11,43.9,14.7,1.57,28.2,33.5,84.1,0.59,11.2,4.4,210.0,5.22,13.1,6.7,14.2,441.0,317.5,296.79,0.95,11.4,0.12,64.0,10.0,30.4
0.0,35.308825910931176,33.24291497975708,38.59178535606821,84.0960219478738,73.69953051643192,18.785260770975057,0.1272119815668203,124.0,1.8,104.25520833333331,252.93801652892563,35.762,0.01,0.0,36.6,12.9,0.59,28.0,35.2,79.4,0.26,10.8,3.12,220.0,4.61,12.6,4.0,3.02,441.0,122.8,479.27,1.1,13.1,0.12,64.0,10.0,32.75
0.0,20.0,12.0,45.3,84.0960219478738,73.69953051643192,18.785260770975057,0.1272119815668203,93.0,1.22,104.25520833333331,191.0,83.047,0.02,0.2,33.9,10.5,1.31,23.1,31.0,74.5,0.41,11.1,2.45,163.0,4.55,13.6,4.4,3.02,380.0,177.1,295.23,1.15,13.7,0.12,16.0,14.0,29.3
0.0,17.4,19.0,38.59178535606821,84.0960219478738,73.69953051643192,18.785260770975057,0.34,89.0,0.95,124.0,252.93801652892563,108.495,0.03,0.04,39.5,13.8,1.18,28.6,34.9,81.8,0.94,10.1,3.71,249.0,4.83,12.6,5.9,3.02,441.0,20.1,217.07,1.1,13.1,0.12,3.0,10.0,32.75
0.0,34.0,25.0,34.6,84.0960219478738,73.69953051643192,18.785260770975057,0.09,277.0,0.94,91.0,373.0,89.638,0.0,0.0,34.9,12.4,0.68,28.6,35.5,80.6,0.3,11.4,4.61,144.0,4.33,12.0,5.6,6.76,441.0,125.95,289.82,1.12,13.3,0.12,17.0,10.0,25.9
0.0,70.0,37.0,36.0,78.0,73.69953051643192,18.785260770975057,0.13,109.0,0.93,46.0,401.0,100.895,0.09,0.2,36.8,12.8,2.92,27.5,34.8,79.1,0.45,10.8,4.01,306.0,4.65,12.6,7.7,9.01,441.0,123.3,389.24,1.1,13.1,0.12,8.0,10.0,32.75
0.0,46.0,43.0,39.87,53.0,75.0,17.6,0.03,98.0,0.81,135.0,252.93801652892563,110.394,0.03,0.12,33.7,10.8,3.0,25.8,32.0,80.6,0.5,10.7,5.27,297.0,4.18,14.4,8.9,111.0,441.0,637.7,321.1,1.1,13.1,0.12,60.0,10.0,32.75
0.0,13.0,21.0,51.48,84.0960219478738,73.69953051643192,18.785260770975057,0.1272119815668203,88.0,1.05,104.25520833333331,148.0,96.808,0.04,0.1,41.1,14.0,2.19,27.9,34.1,81.9,0.43,10.5,3.72,246.0,5.02,12.9,6.5,49.2,441.0,26.0,350.0,1.04,12.5,0.12,17.0,10.0,26.9
0.0,8.0,27.0,39.1,84.0960219478738,73.69953051643192,46.2,0.29,105.0,0.98,119.0,598.0,82.73687055837563,0.01,0.22,39.6,13.4,2.05,30.3,33.8,89.6,0.43,9.1,2.73,235.0,4.42,11.9,5.4,3.02,441.0,125.95,232.61,1.14,13.6,0.12,7.0,10.0,43.7
0.0,19.0,24.0,24.7,84.0960219478738,73.69953051643192,18.785260770975057,0.1272119815668203,136.0293103448276,0.79,104.25520833333331,252.93801652892563,82.73687055837563,0.03,0.07,36.6,11.9,2.79,24.8,32.5,76.4,0.66,12.4,4.01,218.0,4.79,15.4,7.6,3.02,441.0,6.7,254.71,1.12,13.4,0.12,17.0,10.0,31.0
0.0,44.0,35.0,38.59178535606821,84.0960219478738,73.69953051643192,18.785260770975057,0.16,92.0,0.95,59.0,252.93801652892563,89.123,0.03,0.04,38.3,13.0,1.78,28.8,33.9,84.9,1.03,11.2,7.41,162.0,4.51,14.3,10.3,3.02,441.0,125.95,321.1,1.1,13.1,0.12,17.0,16.0,32.75
0.0,24.0,33.0,36.1,54.0,73.69953051643192,18.785260770975057,0.12,159.0,1.36,44.0,220.0,46.455,0.02,0.01,42.1,15.7,2.25,28.9,37.3,77.5,0.5,9.5,3.7,218.0,5.43,12.1,6.5,3.02,441.0,125.95,321.1,1.1,13.1,0.12,17.0,10.0,32.75
0.0,16.0,20.0,32.1,69.0,73.69953051643192,18.785260770975057,0.06,77.0,1.08,96.0,197.0,62.694,0.02,0.0,41.5,14.9,1.09,29.3,35.9,81.7,0.4,9.3,4.13,216.0,5.08,11.4,5.6,3.02,354.0,6.3,264.12,1.1,13.1,0.12,10.0,10.0,32.75
0.0,12.0,19.0,26.8,79.0,73.69953051643192,18.785260770975057,0.05,113.0,0.56,25.0,252.93801652892563,98.378,0.01,0.0,41.7,15.5,1.71,30.8,37.2,82.9,0.35,9.1,4.02,196.0,5.03,11.9,6.1,65.0,1610.0,543.6,314.72,1.19,14.1,0.12,17.0,10.0,36.7
0.0,19.0,21.0,38.59178535606821,84.0960219478738,73.69953051643192,18.785260770975057,0.1272119815668203,136.0293103448276,0.79,131.0,220.0,124.801,0.03,0.32,41.0,13.2,1.77,28.9,32.2,89.9,0.34,9.9,2.97,299.0,4.56,12.9,5.4,6.41,441.0,125.95,321.1,1.1,13.1,0.12,17.0,10.0,32.75
0.0,64.0,29.0,38.59178535606821,84.0960219478738,73.69953051643192,18.785260770975057,0.1272119815668203,136.0293103448276,0.82,104.25520833333331,252.93801652892563,112.969,0.02,0.01,47.9,16.7,1.21,31.2,34.9,89.5,0.77,10.9,4.84,116.0,5.35,13.0,6.9,23.8,668.24,294.8,391.83,0.99,11.9,0.12,17.0,10.0,27.8
0.0,27.5,25.0,38.8,52.0,73.69953051643192,18.785260770975057,0.17,345.0,0.94,74.0,252.93801652892563,85.939,0.02,0.14,35.5,12.1,1.77,27.0,34.1,79.2,0.2,10.2,1.34,226.0,4.48,11.8,3.5,35.8,441.0,125.95,321.1,1.1,13.1,0.12,17.0,10.0,32.75
0.0,32.8,40.0,38.59178535606821,103.0,73.69953051643192,15.5,0.17,97.0,0.9,53.0,229.0,84.433,0.01,0.01,35.8,11.6,1.75,28.6,32.4,88.4,0.18,10.4,1.35,205.0,4.05,12.2,3.3,4.93,662.0,125.95,331.26,1.42,16.7,0.12,20.0,10.0,51.1
0.0,28.0,28.0,30.5,58.0,37.0,18.785260770975057,0.12,121.0,0.54,104.25520833333331,252.93801652892563,116.548,0.01,0.0,35.3,11.8,0.99,28.2,33.4,84.4,0.42,9.6,4.59,226.0,4.18,12.7,6.0,7.99,441.0,125.95,321.1,1.1,13.1,0.12,17.0,10.0,32.75
0.0,106.0,73.0,29.9,78.0,73.69953051643192,19.2,0.11,105.0,1.22,47.0,331.0,58.862,0.03,0.08,42.8,14.9,1.45,27.4,34.8,78.8,0.58,9.7,5.11,165.0,5.43,13.8,7.3,24.4,498.0,313.2,314.72,1.16,13.8,0.12,17.0,10.0,37.8
0.0,119.0,74.0,38.59178535606821,48.0,73.69953051643192,36.2,0.1272119815668203,136.0293103448276,1.05,425.0,225.0,65.784,0.01,0.01,40.4,13.7,2.32,25.0,33.9,73.6,0.4,9.6,2.29,194.0,5.49,15.3,5.0,17.0,441.0,31.8,327.79,1.1,13.1,0.12,35.0,10.0,32.75
0.0,39.0,24.0,47.5,84.0960219478738,73.69953051643192,12.3,0.24,96.0,0.85,65.0,218.0,82.73687055837563,0.01,0.05,42.8,14.9,1.4,30.6,34.8,87.9,0.39,10.1,2.96,204.0,4.87,11.9,4.8,3.14,441.0,125.95,321.1,1.1,13.1,0.12,17.0,10.0,32.75
0.0,46.5,45.0,22.9,89.0,86.0,18.785260770975057,0.1272119815668203,135.0,1.07,104.25520833333331,252.93801652892563,62.081,0.01,0.04,37.9,12.3,1.82,28.0,32.5,86.3,0.3,10.6,1.02,198.0,4.39,13.2,3.2,43.9,441.0,125.95,321.1,1.1,13.1,0.12,17.0,10.0,32.75
0.0,34.0,21.0,42.5,84.0960219478738,73.69953051643192,18.785260770975057,0.1272119815668203,115.0,1.31,104.25520833333331,202.0,51.057,0.02,0.08,27.6,9.8,2.12,28.7,35.5,80.7,0.6,9.3,3.33,298.0,3.42,12.3,6.2,33.1,441.0,125.95,321.1,1.1,13.1,14.0,17.0,10.0,32.75
0.0,27.0,23.0,47.5,84.0960219478738,73.69953051643192,18.785260770975057,0.1272119815668203,97.0,0.95,104.25520833333331,134.0,101.135,0.01,0.0,30.6,10.6,0.67,30.5,34.6,87.9,0.29,10.9,2.65,155.0,3.48,12.0,3.6,3.02,441.0,333.8,286.39,1.1,13.1,0.12,9.0,10.0,32.75
0.0,8.0,18.0,27.1,141.0,73.69953051643192,18.785260770975057,0.22,105.0,4.34,160.0,252.93801652892563,11.184,0.01,0.0,33.2,11.2,1.07,27.5,33.7,81.4,0.42,10.0,5.9,285.0,4.08,13.3,7.4,3.02,261.0,131.7,245.9,1.16,13.8,0.12,16.0,10.0,42.1
0.0,36.0,24.0,42.5,84.0960219478738,73.69953051643192,18.785260770975057,0.09,115.0,0.87,111.0,199.0,104.229,0.01,0.0,34.5,11.8,0.63,27.9,34.2,81.6,0.35,9.7,9.13,360.0,4.23,13.4,10.1,57.0,441.0,150.8,428.97,1.1,13.1,0.12,17.0,10.0,32.75
0.0,36.0,44.0,35.8,84.0960219478738,73.69953051643192,18.785260770975057,0.09,109.0,1.19,48.0,255.0,60.236,0.01,0.0,42.6,14.0,1.33,30.0,32.9,91.4,0.67,10.7,2.03,175.0,4.66,12.7,4.0,9.13,441.0,1022.2,321.1,1.1,13.1,21.0,50.0,10.0,32.75
0.0,20.0,14.0,38.59178535606821,84.0960219478738,73.69953051643192,11.6,0.1272119815668203,136.0293103448276,0.86,45.0,145.0,91.64,0.01,0.01,38.3,13.0,0.47,29.6,33.9,87.2,0.33,10.3,1.84,141.0,4.39,13.2,2.7,3.02,574.0,267.8,321.1,1.1,13.1,0.12,52.0,10.0,32.75
0.0,17.0,10.0,30.7,41.0,73.69953051643192,18.785260770975057,0.11,245.0,1.4,43.0,369.0,50.901,0.01,0.0,32.9,11.0,0.53,29.5,33.4,88.2,0.45,10.5,4.11,210.0,3.73,13.2,5.1,6.76,275.0,85.5,321.1,1.1,13.1,0.12,17.0,10.0,32.75
0.0,60.0,45.0,30.0,77.0,73.69953051643192,18.785260770975057,0.11,214.0,2.13,104.25520833333331,252.93801652892563,31.52,0.01,0.01,28.6,9.1,2.28,24.4,31.8,76.7,0.53,9.7,2.25,212.0,3.73,15.5,5.1,6.76,441.0,165.8,352.34,0.96,11.6,0.12,35.0,10.0,32.1
0.0,14.0,16.0,41.4,84.0960219478738,73.69953051643192,18.785260770975057,0.1272119815668203,98.0,1.17,104.25520833333331,202.0,68.797,0.01,0.01,40.3,14.0,1.79,28.9,34.7,83.1,0.34,11.0,2.69,170.0,4.85,14.1,4.8,4.44,1673.38,239.1,402.76,1.1,13.1,0.12,56.0,10.0,32.75
0.0,21.0,15.0,39.3,84.0960219478738,73.69953051643192,18.785260770975057,0.1272119815668203,301.0,1.11,104.25520833333331,304.0,57.234,0.02,0.01,34.0,11.5,0.82,26.8,33.8,79.3,0.49,11.7,4.0,139.0,4.29,14.1,5.3,17.1,441.0,28.0,181.01,1.1,13.1,0.12,31.0,10.0,32.75
0.0,72.0,35.0,35.7,84.0960219478738,73.69953051643192,18.785260770975057,0.07,91.0,0.79,37.0,371.0,95.935,0.04,0.05,34.2,11.5,2.65,29.0,33.6,86.1,0.65,10.0,5.91,284.0,3.97,14.6,9.3,39.2,441.0,125.95,321.1,1.1,13.1,0.12,17.0,10.0,32.75
0.0,15.0,17.0,40.6,84.0960219478738,73.69953051643192,18.785260770975057,0.03,100.0,0.55,104.25520833333331,177.0,121.911,0.04,0.15,43.7,16.0,3.01,31.4,36.6,85.9,0.41,10.8,4.38,252.0,5.09,12.4,8.0,12.4,608.23,61.5,302.81,1.1,13.1,0.12,17.0,10.0,32.75
0.0,17.2,70.0,35.4,71.0,157.0,32.1,0.1,78.0,0.71,44.0,385.0,74.696,0.01,0.01,40.5,13.6,1.96,26.5,33.6,78.8,0.4,12.7,5.37,176.0,5.14,13.0,7.8,3.02,441.0,5.1,321.1,1.1,13.1,0.12,5.0,10.0,32.75
0.0,28.0,22.0,45.12,80.0,70.0,8.7,0.09,94.0,0.64,76.0,140.0,110.417,0.04,0.07,40.9,14.1,2.24,27.5,34.5,79.7,0.58,10.1,2.83,374.0,5.13,12.3,5.8,3.14,103.27,161.2,321.1,1.1,13.1,0.12,17.0,10.0,32.75
0.0,12.0,33.0,38.59178535606821,101.0,73.69953051643192,18.785260770975057,0.1272119815668203,136.0293103448276,1.06,62.0,257.0,49.361,0.01,0.03,40.1,13.2,0.61,29.4,32.9,89.3,0.28,10.2,2.2,163.0,4.49,13.0,3.1,83.8,441.0,125.95,321.1,1.1,13.1,0.12,17.0,10.0,32.75
0.0,38.0,37.0,38.59178535606821,84.0960219478738,73.69953051643192,17.6,0.1272119815668203,136.0293103448276,0.93,200.0,327.0,69.406,0.01,0.0,36.5,12.3,0.44,29.1,33.7,86.5,0.56,10.2,11.8,212.0,4.22,13.0,12.8,9.37,441.0,235.4,314.72,1.1,13.1,0.12,19.0,10.0,32.75
0.0,27.0,24.0,41.1,63.0,73.69953051643192,18.785260770975057,0.1272119815668203,99.0,0.65,104.25520833333331,252.93801652892563,92.162,0.01,0.06,45.8,15.8,2.12,30.1,34.5,87.2,0.81,11.7,2.25,132.0,5.25,12.9,5.3,3.47,441.0,1395.5,194.63,1.1,13.1,0.12,13.0,10.0,32.75
0.0,110.9,50.0,38.59178535606821,84.0960219478738,73.69953051643192,18.785260770975057,0.22,98.0,1.12,65.0,252.93801652892563,88.292,0.02,0.0,36.9,13.8,1.16,30.9,37.4,82.6,0.94,9.3,5.26,185.0,4.47,14.1,7.4,4.84,428.0,79.7,300.0,1.1,13.1,0.12,13.0,10.0,32.75
0.0,10.0,14.0,43.8,54.0,73.69953051643192,18.785260770975057,0.09,96.0,0.8,39.0,252.93801652892563,95.153,0.02,0.14,40.9,13.8,2.79,27.7,33.7,82.0,0.71,10.7,4.39,234.0,4.99,12.5,8.1,3.96,893.0,81.6,274.19,1.32,15.6,0.12,26.0,51.0,45.7
0.0,19.0,19.0,48.9,87.0,73.69953051643192,18.785260770975057,0.15,95.0,0.82,30.0,252.93801652892563,98.382,0.08,0.16,40.9,14.7,2.51,30.3,35.9,84.3,0.78,8.3,3.5,276.0,4.85,12.3,7.0,12.9,3185.18,125.95,321.1,1.1,13.1,0.12,17.0,10.0,32.75
0.0,16.0,25.0,48.2,82.0,73.69953051643192,27.2,0.1,91.0,0.81,80.0,243.0,106.369,0.02,0.02,35.8,12.6,2.1,28.3,35.2,80.4,1.02,9.9,7.98,458.0,4.45,12.7,11.1,3.14,60.67,178.1,228.05,1.19,14.1,0.12,17.0,10.0,40.3
0.0,18.0,27.0,43.13,104.0,43.0,19.7,0.15,94.0,0.73,146.0,252.93801652892563,113.229,0.0,0.03,44.6,14.6,1.62,26.4,32.7,80.8,0.38,10.5,1.59,130.0,5.52,14.6,3.6,3.14,380.06,136.3,321.1,1.1,13.1,0.12,17.0,10.0,32.75
0.0,15.0,21.0,43.29,54.0,116.0,11.4,0.1272119815668203,78.0,0.74,87.0,174.0,114.556,0.02,0.01,37.0,12.6,1.91,28.8,34.1,84.7,0.6,10.3,3.6,190.0,4.37,13.4,6.1,7.66,482.45,151.8,295.23,1.04,12.4,16.0,17.0,10.0,32.75
0.0,18.0,19.0,38.59178535606821,84.0960219478738,73.69953051643192,18.785260770975057,0.1272119815668203,72.0,0.82,104.25520833333331,252.93801652892563,101.185,0.02,0.0,40.5,13.6,1.75,28.3,33.6,84.2,0.41,11.6,1.67,152.0,4.81,14.1,3.9,3.02,676.0,125.95,321.1,1.1,13.1,0.12,17.0,10.0,32.75
0.0,17.0,10.0,30.7,50.0,73.69953051643192,9.0,0.1,92.0,1.28,29.0,198.0,40.989,0.01,0.0,29.7,10.3,0.75,30.0,34.7,86.6,0.37,10.6,2.27,151.0,3.43,12.7,3.4,24.8,441.0,125.95,321.1,1.1,13.1,0.12,17.0,10.0,32.75
0.0,35.308825910931176,33.24291497975708,38.59178535606821,84.0960219478738,73.69953051643192,18.785260770975057,0.1272119815668203,203.0,1.18,104.25520833333331,252.93801652892563,56.329,0.03,0.13,36.3,12.9,2.18,29.5,35.5,82.9,0.54,9.0,3.0,386.0,4.38,12.1,5.9,3.12,441.0,125.95,321.1,1.1,13.1,0.12,17.0,10.0,32.75
0.0,26.0,31.0,28.5,65.0,54.0,21.6,0.1272119815668203,200.0,1.68,98.0,252.93801652892563,38.873,0.02,0.31,33.9,10.8,0.99,28.7,31.9,90.2,0.68,9.4,2.55,293.0,3.76,13.4,4.6,7.68,441.0,261.5,321.1,1.1,13.1,0.12,17.0,10.0,32.75
0.0,24.0,31.0,35.9,43.0,73.69953051643192,27.7,0.1272119815668203,118.0,1.1425579536370902,109.0,265.0,82.73687055837563,0.1,0.01,44.5,14.8,3.41,27.8,33.3,83.6,1.07,10.4,14.37,425.0,5.32,12.4,19.0,10.9,493.42,25.5,399.26,1.1,13.1,0.12,17.0,10.0,32.75
0.0,24.0,27.0,43.3,84.0960219478738,73.69953051643192,18.785260770975057,0.1272119815668203,87.0,1.29,104.25520833333331,312.0,43.56,0.03,0.18,43.1,14.6,1.72,29.7,33.9,87.8,0.8,9.7,4.78,251.0,4.91,12.2,7.5,6.24,441.0,41.9,321.1,1.1,13.1,0.12,65.0,10.0,32.75
0.0,33.0,45.0,34.3,96.0,73.69953051643192,22.8,0.11,81.0,0.79,77.0,359.0,81.623,0.01,0.0,24.9,8.5,0.48,29.9,34.1,87.7,0.31,12.9,2.54,120.0,2.84,13.9,3.3,48.1,441.0,632.2,331.26,1.12,13.3,13.0,17.0,10.0,36.2
0.0,12.0,18.0,47.44,103.0,41.0,14.9,0.1,89.0,0.39,132.0,195.0,145.419,0.0,0.0,34.8,11.3,0.91,27.0,32.5,83.1,0.28,9.7,2.2,147.0,4.19,14.0,3.4,3.02,441.0,434.3,213.0,1.02,12.2,0.12,21.0,10.0,40.1
0.0,17.6,19.0,38.59178535606821,84.0960219478738,73.69953051643192,18.785260770975057,0.16,91.0,0.93,57.0,252.93801652892563,71.887,0.0,0.0,43.5,15.1,0.89,26.9,34.7,77.5,0.37,11.0,1.43,193.0,5.61,12.9,2.7,45.8,441.0,421.8,321.1,1.1,13.1,0.12,17.0,10.0,32.75
0.0,9.0,14.0,41.9,84.0960219478738,73.69953051643192,18.785260770975057,0.13,90.0,0.79,104.25520833333331,142.0,99.364,0.04,0.24,34.1,11.5,2.98,30.1,33.7,89.3,0.88,12.0,5.19,207.0,3.82,13.2,9.3,29.2,441.0,42.2,317.88,1.1,13.1,0.12,104.0,10.0,32.75
0.0,15.2,30.0,45.8,84.0960219478738,73.69953051643192,18.785260770975057,0.15,93.0,1.25,176.0,201.0,80.643,0.01,0.0,32.9,12.0,0.8,30.8,36.5,84.6,0.27,9.3,5.68,248.0,3.89,11.2,6.8,7.55,723.0,156.9,321.1,1.1,13.1,0.12,17.0,10.0,32.75
0.0,9.0,13.0,38.8,60.0,98.0,14.0,0.09,81.0,0.95,125.0,190.0,80.065,0.06,0.0,39.5,13.3,1.31,26.6,33.7,79.0,0.59,11.6,8.21,352.0,5.0,13.1,10.2,23.6,441.0,173.9,321.1,1.1,13.1,0.12,93.0,10.0,32.75
0.0,25.0,22.0,37.6,84.0960219478738,73.69953051643192,18.785260770975057,0.1272119815668203,99.0,0.63,75.0,252.93801652892563,129.539,0.06,0.24,42.6,14.7,2.08,30.9,34.5,89.5,0.77,9.2,5.41,329.0,4.76,12.3,8.6,49.2,441.0,125.95,321.1,1.1,13.1,0.12,17.0,10.0,32.75
0.0,13.0,12.0,47.0,52.0,73.69953051643192,18.785260770975057,0.1272119815668203,88.0,0.81,104.25520833333331,252.93801652892563,97.086,0.01,0.0,41.7,13.2,1.0,28.9,31.7,91.2,0.43,11.7,3.79,138.0,4.57,13.6,5.2,11.7,441.0,64.6,286.39,1.1,13.1,0.12,17.0,10.0,32.75
0.0,26.0,29.0,43.9,62.0,73.69953051643192,18.785260770975057,0.1272119815668203,94.0,0.77,104.25520833333331,252.93801652892563,103.943,0.03,0.16,36.8,12.1,0.98,30.4,32.9,92.5,0.48,10.8,4.04,220.0,3.98,11.6,5.7,6.76,441.0,241.1,357.19,1.1,13.1,0.12,58.0,10.0,32.75
0.0,9.2,17.0,38.59178535606821,84.0960219478738,73.69953051643192,18.785260770975057,0.13,102.0,0.73,55.0,252.93801652892563,109.321,0.04,0.24,43.5,14.8,1.42,30.8,34.0,90.6,0.54,9.6,2.75,247.0,4.8,12.4,5.0,92.8,622.0,81.5,321.1,1.1,13.1,23.0,11.0,10.0,32.75
0.0,10.0,11.0,47.8,55.0,73.69953051643192,18.785260770975057,0.18,123.0,0.78,69.0,252.93801652892563,105.251,0.01,0.0,36.4,12.3,0.94,27.6,33.8,81.6,0.6,11.4,4.25,140.0,4.46,15.4,5.8,20.6,440.0,517.3,346.06,1.1,13.1,0.12,58.0,10.0,32.75
0.0,31.0,53.0,46.28,100.0,74.0,116.3,0.05,97.0,0.72,93.0,252.93801652892563,117.585,0.06,0.28,48.3,16.8,1.24,29.8,34.8,85.8,1.32,10.7,10.81,231.0,5.63,12.9,13.7,3.02,441.0,47.9,321.1,1.1,13.1,0.12,17.0,10.0,32.75
0.0,20.0,19.0,38.59178535606821,84.0960219478738,73.69953051643192,18.785260770975057,0.1272119815668203,109.0,0.49,104.25520833333331,252.93801652892563,137.771,0.01,0.1,43.1,14.7,1.67,28.2,34.1,82.6,0.56,12.5,2.46,147.0,5.22,12.8,4.8,12.6,441.0,125.95,321.1,1.1,13.1,0.12,17.0,10.0,32.75
0.0,9.0,19.0,43.3,84.0960219478738,73.69953051643192,18.785260770975057,0.1272119815668203,78.0,0.7,104.25520833333331,186.0,115.822,0.02,0.12,44.1,16.0,0.84,30.1,36.3,82.9,1.0,8.7,4.57,187.0,5.32,11.6,6.6,5.42,420.87,29.0,315.8,1.1,13.1,0.12,2.0,10.0,32.75
0.0,16.0,31.0,36.6,65.0,73.69953051643192,9.5,0.09,105.0,0.89,102.0,302.0,77.426,0.03,0.0,31.9,10.7,0.66,28.5,33.5,85.1,0.68,9.3,16.31,451.0,3.75,12.8,17.7,3.02,173.0,70.8,254.71,1.1,13.1,0.0,6.0,10.0,32.75
0.0,41.0,30.0,41.2,68.0,73.69953051643192,18.785260770975057,0.09,133.0,0.71,33.0,251.0,111.478,0.02,0.0,47.8,15.9,0.72,28.1,33.3,84.6,0.47,9.0,7.71,301.0,5.65,13.2,8.9,67.6,621.56,575.0,342.21,1.1,13.1,27.0,17.0,10.0,32.75
0.0,14.8,15.0,43.9,38.0,73.69953051643192,18.785260770975057,0.09,101.0,0.74,77.0,252.93801652892563,96.783,0.04,0.01,44.1,14.4,2.76,28.2,32.7,86.3,1.31,9.6,3.99,287.0,5.11,17.2,8.1,5.09,441.0,125.95,321.1,1.1,13.1,0.12,17.0,10.0,32.75
0.0,12.0,24.0,49.0,45.0,73.69953051643192,18.785260770975057,0.04,83.0,0.85,71.0,256.0,87.195,0.12,0.14,49.4,17.0,1.98,30.2,34.4,87.7,0.52,9.8,3.38,237.0,5.63,12.1,6.1,3.02,271.91,46.5,264.29,1.1,13.1,0.12,2.0,10.0,32.75
0.0,23.9,28.0,38.59178535606821,84.0960219478738,73.69953051643192,18.785260770975057,0.18,93.0,0.67,51.0,252.93801652892563,119.165,0.02,0.1,43.3,14.3,0.82,27.4,33.0,83.1,1.3,9.5,27.85,189.0,5.21,12.9,30.1,229.0,353.0,125.95,501.36,1.45,17.0,36.0,9.0,10.0,36.7
0.0,12.0,10.0,39.4,72.0,73.69953051643192,18.785260770975057,0.13,85.0,0.88,35.0,252.93801652892563,82.447,0.06,0.14,28.4,9.7,1.1,25.1,34.2,73.6,0.5,9.9,4.77,480.0,3.86,14.3,6.6,87.6,441.0,125.95,321.1,1.1,13.1,0.12,17.0,10.0,32.75
0.0,23.0,21.0,41.1,84.0960219478738,73.69953051643192,18.785260770975057,0.1272119815668203,86.0,0.83,104.25520833333331,393.0,75.288,0.05,0.35,48.2,16.0,1.55,28.4,33.2,85.5,0.8,10.3,5.12,336.0,5.64,15.5,7.9,21.0,441.0,159.3,472.56,1.1,13.1,0.12,33.0,23.0,32.75
0.0,35.308825910931176,33.24291497975708,38.59178535606821,84.0960219478738,73.69953051643192,18.785260770975057,0.1272119815668203,136.0293103448276,1.1425579536370902,104.25520833333331,188.0,82.73687055837563,0.04,0.02,46.1,16.1,0.82,27.7,34.9,79.2,0.85,10.4,6.23,201.0,5.82,12.2,8.0,22.3,441.0,125.95,321.1,1.1,13.1,21.0,17.0,10.0,32.75
0.0,40.0,44.0,42.8,78.0,73.69953051643192,22.6,0.05,105.0,0.76,110.0,225.0,93.712,0.01,0.12,33.7,12.1,0.7,30.3,35.9,84.5,0.23,10.3,4.46,185.0,3.99,12.2,5.5,3.02,441.0,137.1,321.1,1.1,13.1,0.12,6.0,10.0,32.75
0.0,36.0,51.0,27.5,54.0,73.69953051643192,18.785260770975057,0.04,319.0,0.73,22.0,252.93801652892563,76.404,0.02,0.07,32.5,10.6,1.83,25.9,32.6,79.5,0.38,10.7,1.42,65.0,4.09,14.9,3.7,12.5,441.0,17.4,362.78,1.1,13.1,0.12,12.0,10.0,32.75
0.0,22.0,24.0,47.3,59.0,73.69953051643192,13.0,0.2,118.0,1.05,70.0,164.0,96.808,0.02,0.23,33.5,10.4,1.18,23.6,31.0,76.1,0.5,9.5,6.3,322.0,4.4,17.4,8.2,14.5,441.0,125.95,321.1,1.1,13.1,0.12,17.0,10.0,32.75
0.0,44.0,31.0,41.1,84.0960219478738,73.69953051643192,18.785260770975057,0.1272119815668203,117.0,0.99,43.0,252.93801652892563,90.958,0.04,0.08,45.1,15.7,2.5,30.6,34.8,87.9,0.97,10.7,7.36,267.0,5.13,12.3,11.0,3.02,234.0,39.0,321.1,1.1,13.1,0.12,17.0,10.0,32.75
0.0,28.0,21.0,47.6,84.0960219478738,73.69953051643192,18.785260770975057,0.1272119815668203,86.0,1.13,104.25520833333331,234.0,78.613,0.07,0.02,41.1,14.6,4.21,29.5,35.5,83.0,1.42,9.5,10.72,444.0,4.95,12.5,16.4,3.14,441.0,612.6,321.1,1.1,13.1,0.12,17.0,10.0,32.75
0.0,182.0,142.0,40.0,84.0960219478738,73.69953051643192,18.785260770975057,0.17,106.0,1.06,110.0,364.0,88.588,0.02,0.1,28.5,9.6,1.03,28.0,33.7,83.1,0.74,10.4,3.67,415.0,3.43,12.2,5.6,27.5,441.0,389.9,321.1,1.1,13.1,0.12,17.0,10.0,32.75
0.0,37.0,23.0,41.99,114.0,75.0,14.9,0.1,134.0,0.68,88.0,252.93801652892563,118.624,0.01,0.02,41.1,14.0,1.08,30.8,34.1,90.3,0.23,10.0,3.41,190.0,4.55,13.9,4.8,6.76,441.0,125.95,321.1,1.1,13.1,0.12,17.0,12.0,32.75
0.0,45.0,46.0,39.7,84.0960219478738,73.69953051643192,18.785260770975057,0.14,97.0,1.02,104.25520833333331,252.93801652892563,82.73687055837563,0.0,0.01,33.6,11.9,0.71,26.9,35.4,76.0,0.46,10.5,4.13,136.0,4.42,12.5,5.3,3.14,441.0,125.95,321.1,1.1,13.1,0.12,17.0,10.0,32.75
0.0,38.0,42.0,38.9,54.0,73.69953051643192,28.8,0.19,92.0,1.0,363.0,415.0,99.845,0.06,0.17,40.8,13.7,1.4,28.2,33.6,84.1,0.42,11.6,5.64,187.0,4.85,12.8,7.7,6.76,441.0,1245.2,289.24,1.1,13.1,0.12,18.0,0.0,32.75
0.0,24.0,25.0,38.0,107.0,73.0,13.2,0.09,108.0,0.9,61.0,206.0,91.859,0.02,0.12,36.2,12.9,0.8,29.3,35.6,82.1,0.26,10.7,2.22,220.0,4.41,12.1,3.4,0.0,441.0,125.95,321.1,1.1,13.1,0.12,17.0,10.0,32.75
0.0,47.0,21.0,45.7,101.0,73.69953051643192,18.785260770975057,0.1272119815668203,184.0,1.19,104.25520833333331,252.93801652892563,74.367,0.03,0.0,31.9,10.8,1.16,31.3,33.9,92.5,0.22,10.3,5.17,91.0,3.45,16.0,6.6,5.89,441.0,125.95,321.1,1.1,13.1,0.12,17.0,10.0,32.75
0.0,29.0,20.0,45.5,84.0960219478738,73.69953051643192,18.785260770975057,0.1272119815668203,84.0,1.14,95.0,252.93801652892563,81.128,0.01,0.0,40.3,13.7,1.16,30.8,34.0,90.6,0.76,10.5,5.01,521.0,4.45,13.5,6.9,12.3,441.0,692.3,217.07,1.26,14.9,13.0,13.0,10.0,49.2
0.0,26.0,23.0,34.47,84.0960219478738,73.69953051643192,18.785260770975057,0.1272119815668203,318.0,0.99,47.0,252.93801652892563,81.862,0.04,0.0,43.1,13.9,1.5,30.0,32.3,93.1,1.12,8.7,7.28,492.0,4.63,13.2,9.9,3.14,441.0,125.95,321.1,1.1,13.1,0.12,17.0,10.0,32.75
0.0,172.0,116.0,27.37,225.0,73.69953051643192,18.785260770975057,0.16,97.0,1.43,104.25520833333331,252.93801652892563,50.67,0.02,0.0,32.6,11.1,0.34,29.1,34.0,85.6,0.55,11.8,8.78,189.0,3.81,13.1,9.7,9.63,441.0,65.7,321.1,1.1,13.1,0.12,58.0,10.0,32.75
0.0,39.0,32.0,39.9,72.0,73.69953051643192,36.5,0.09,150.0,1.49,109.0,477.0,45.9,0.01,0.0,33.6,10.9,0.87,24.7,32.4,76.0,0.9,9.3,9.28,422.0,4.42,16.4,11.1,3.02,125.0,125.95,321.1,1.1,13.1,0.12,8.0,10.0,32.7
0.0,20.0,19.0,37.1,71.0,73.69953051643192,18.785260770975057,0.23,107.0,1.03,79.0,252.93801652892563,76.945,0.03,0.07,42.8,14.4,1.73,29.5,33.6,87.7,0.53,10.5,3.04,226.0,4.88,12.0,5.4,56.4,441.0,125.95,321.1,1.1,13.1,0.12,17.0,10.0,32.75
0.0,20.0,30.0,38.0,84.0960219478738,73.69953051643192,25.0,0.16,218.0,1.18,141.0,375.0,82.73687055837563,0.03,0.16,35.6,11.2,0.62,30.1,31.5,95.7,0.34,12.1,10.41,96.0,3.72,14.1,11.6,266.0,977.59,434.0,395.25,1.1,13.1,65.0,45.0,10.0,32.75
0.0,101.0,50.0,38.59178535606821,103.0,73.69953051643192,18.785260770975057,0.1272119815668203,136.0293103448276,0.92,100.0,185.0,118.471,0.06,0.0,44.7,15.5,1.08,30.8,34.7,88.7,1.53,10.4,12.98,233.0,5.04,13.1,15.7,3.02,218.76,55.2,324.39,1.1,13.1,0.12,10.0,10.0,32.75
0.0,30.0,28.0,38.7,96.0,73.69953051643192,18.785260770975057,0.14,70.0,1.12,33.0,181.0,71.015,0.03,0.04,41.6,14.7,1.51,28.3,35.3,80.2,0.38,10.3,3.12,262.0,5.19,12.5,5.1,237.0,2537.1,1471.9,321.1,1.1,13.1,0.12,17.0,10.0,32.75
0.0,33.0,36.0,38.59178535606821,84.0960219478738,73.69953051643192,18.785260770975057,0.1272119815668203,108.0,0.73,104.25520833333331,252.93801652892563,82.73687055837563,0.03,0.12,25.8,8.2,0.78,28.5,31.8,89.6,0.72,9.1,5.91,263.0,2.88,16.2,7.6,3.02,441.0,74.5,321.1,1.1,13.1,0.12,4.0,10.0,32.75
0.0,29.2,28.0,38.59178535606821,84.0960219478738,73.69953051643192,18.785260770975057,0.09,106.0,0.92,87.0,252.93801652892563,68.853,0.01,0.16,41.0,13.8,1.13,29.9,33.7,88.9,0.53,9.2,2.03,136.0,4.61,12.4,3.9,119.0,441.0,619.3,321.1,1.1,13.1,0.12,74.0,10.0,32.75
0.0,12.0,14.0,43.1,58.0,73.69953051643192,18.785260770975057,0.1272119815668203,76.0,0.76,104.25520833333331,252.93801652892563,104.126,0.02,0.02,41.7,13.7,0.92,29.7,32.9,90.3,0.66,10.4,7.08,245.0,4.62,12.7,8.7,15.9,1420.0,472.3,302.81,0.95,11.4,0.12,15.0,10.0,31.1
0.0,33.0,23.0,33.8,69.0,73.69953051643192,18.785260770975057,0.17,106.0,0.86,39.0,266.0,82.422,0.0,0.0,38.2,13.0,0.84,28.1,34.0,82.5,0.62,8.9,5.59,273.0,4.63,12.7,7.1,34.8,441.0,1430.2,331.26,1.13,13.5,0.12,17.0,10.0,30.1
0.0,29.0,22.0,38.59178535606821,110.0,73.69953051643192,18.785260770975057,0.1272119815668203,136.0293103448276,0.82,21.0,272.0,92.355,0.02,0.05,34.9,12.2,0.92,31.0,35.0,88.8,0.32,9.5,3.62,224.0,3.93,14.0,4.9,16.8,441.0,293.1,486.28,1.1,13.1,0.12,56.0,10.0,32.75
0.0,11.0,21.0,40.13,99.0,46.0,9.9,0.14,117.0,0.57,79.0,252.93801652892563,116.329,0.07,0.06,42.6,13.0,0.85,28.1,30.5,92.2,1.07,11.7,13.5,288.0,4.62,15.4,15.6,3.02,596.25,247.0,296.79,1.28,15.1,0.12,31.0,10.0,44.0
0.0,19.0,19.0,50.6,89.0,73.69953051643192,18.785260770975057,0.1272119815668203,124.0,0.9,104.25520833333331,252.93801652892563,86.683,0.01,0.1,45.5,16.0,0.88,27.0,35.2,76.9,0.37,8.4,3.75,128.0,5.92,13.1,5.1,105.0,441.0,125.95,321.1,1.34,15.8,0.12,89.0,10.0,37.6
0.0,24.0,28.0,37.7,84.0960219478738,73.69953051643192,18.785260770975057,0.03,140.0,1.03,40.0,161.0,56.783,0.02,0.12,42.4,14.7,2.01,29.8,34.7,85.8,0.43,11.2,3.59,207.0,4.94,12.2,6.2,16.1,547.96,74.9,373.93,1.1,13.1,0.12,30.0,10.0,32.75
0.0,10.0,15.0,39.42,55.0,70.0,12.6,0.03,113.0,0.44,76.0,252.93801652892563,129.368,0.06,0.21,36.9,12.2,2.98,27.4,33.1,82.7,0.64,11.7,5.81,180.0,4.46,12.2,9.7,5.75,441.88,29.7,357.52,1.1,13.1,0.12,21.0,10.0,32.75
0.0,90.0,70.0,29.4,84.0960219478738,73.69953051643192,18.785260770975057,0.11,178.0,0.86,63.0,272.0,92.937,0.1,0.49,38.6,12.9,3.7,29.8,33.4,89.1,0.6,9.2,5.38,359.0,4.33,13.3,10.3,3.14,195.05,48.2,321.1,1.1,13.1,0.12,17.0,10.0,32.75
0.0,150.0,134.0,35.4,99.0,73.69953051643192,18.785260770975057,0.41,162.0,1.1,412.0,581.0,75.703,0.01,0.01,38.1,12.3,1.19,30.3,32.3,93.8,0.33,11.4,3.26,173.0,4.06,13.3,4.8,3.02,264.0,125.95,466.15,1.06,12.7,0.12,17.0,10.0,23.2
0.0,31.0,29.0,43.8,84.0960219478738,73.69953051643192,18.785260770975057,0.11,97.0,0.97,104.25520833333331,228.0,90.647,0.02,0.04,38.4,14.1,1.77,29.5,36.7,80.3,1.24,10.1,4.05,239.0,4.78,12.4,7.1,3.48,1034.7,125.95,321.1,1.1,13.1,0.12,17.0,10.0,32.75
0.0,35.308825910931176,33.24291497975708,38.59178535606821,84.0960219478738,73.69953051643192,18.785260770975057,0.1272119815668203,136.0293103448276,1.41,128.0,252.93801652892563,56.073,0.01,0.0,41.0,13.8,0.82,29.1,33.7,86.3,0.35,10.8,2.8,147.0,4.75,13.4,4.0,79.9,441.0,366.1,331.26,1.03,12.3,26.0,17.0,10.0,41.8
0.0,19.0,27.0,45.86,98.0,43.0,21.7,0.18,112.0,0.81,226.0,252.93801652892563,84.955,0.01,0.01,38.5,13.1,2.35,30.4,34.0,89.3,0.6,9.6,4.53,230.0,4.31,12.3,7.5,3.65,412.0,125.95,321.1,1.1,13.1,0.12,17.0,10.0,32.75
0.0,0.0,15.0,38.59178535606821,83.0,73.69953051643192,16.0,0.1272119815668203,136.0293103448276,0.98,26.0,227.0,70.382,0.05,0.25,38.7,11.5,1.41,23.2,29.7,78.2,0.75,10.7,4.74,309.0,4.95,16.3,7.2,25.7,441.0,125.95,321.1,1.1,13.1,0.12,17.0,10.0,32.75
0.0,6.0,15.0,46.7,147.0,73.69953051643192,7.3,0.13,65.0,0.85,24.0,160.0,126.316,0.01,0.03,46.1,15.9,1.57,27.8,34.5,80.6,0.31,10.1,2.51,191.0,5.72,12.4,4.4,36.9,542.0,276.6,359.7,1.25,14.8,12.0,36.0,10.0,41.4
0.0,23.0,21.0,44.6,62.0,73.69953051643192,12.6,0.1,100.0,0.93,98.0,199.0,111.322,0.02,0.02,38.8,13.1,1.18,31.6,33.8,93.7,0.5,9.7,1.83,209.0,4.14,11.6,3.6,3.02,615.0,3.9,327.79,1.1,13.1,0.12,6.0,10.0,32.75
0.0,17.0,19.0,36.8,101.0,73.69953051643192,18.785260770975057,0.1272119815668203,91.0,0.98,104.25520833333331,252.93801652892563,81.716,0.02,0.01,40.7,13.8,1.41,29.4,33.9,86.8,0.59,9.5,1.6,213.0,4.69,12.6,3.6,3.02,198.0,221.4,267.4,1.1,13.1,12.0,4.0,10.0,32.75
0.0,19.0,24.0,45.8,139.0,73.69953051643192,18.785260770975057,0.29,82.0,0.87,180.0,307.0,121.648,0.07,0.13,43.4,14.7,2.39,27.8,33.9,82.2,1.27,10.1,10.09,328.0,5.28,12.7,14.0,3.02,441.0,125.95,277.71,1.07,12.8,0.12,7.0,10.0,32.8
0.0,59.0,51.0,38.59178535606821,84.0960219478738,73.69953051643192,18.785260770975057,0.1272119815668203,113.0,0.87,104.25520833333331,252.93801652892563,95.803,0.02,0.07,40.4,13.3,2.53,28.6,32.9,86.9,0.42,10.8,4.64,302.0,4.65,13.7,7.7,5.11,441.0,42.0,321.1,1.1,13.1,0.12,17.0,10.0,32.75
0.0,56.0,24.0,38.59178535606821,82.0,73.69953051643192,18.785260770975057,0.1272119815668203,136.0293103448276,1.05,67.0,176.0,100.268,0.01,0.02,33.9,10.6,1.61,23.0,31.3,73.7,0.42,11.0,3.14,195.0,4.6,15.2,5.2,11.1,231.44,31.7,402.76,1.12,13.3,0.12,17.0,10.0,37.7
0.0,38.2,52.0,34.3,86.0,228.0,15.5,0.22,134.0,0.88,56.0,330.0,98.071,0.01,0.07,32.4,10.1,2.05,22.1,31.2,70.7,0.42,9.6,2.69,247.0,4.58,15.7,5.2,8.72,441.0,125.95,321.1,1.1,13.1,0.12,17.0,10.0,32.75
0.0,21.0,31.0,42.8,62.0,73.69953051643192,25.2,0.06,118.0,1.05,67.0,241.0,84.119,0.02,0.15,34.2,11.5,1.46,28.5,33.6,84.9,1.06,10.3,6.88,218.0,4.03,13.7,9.6,3.02,441.0,125.95,321.1,1.1,13.1,0.12,17.0,10.0,32.75
0.0,50.0,39.0,46.2,84.0960219478738,73.69953051643192,18.785260770975057,0.09,130.0,1.11,104.25520833333331,183.0,87.393,0.0,0.01,40.5,14.3,0.59,30.5,35.3,86.4,0.81,11.2,8.73,24.0,4.69,13.6,10.1,3.02,441.0,24.1,311.64,1.1,13.1,0.12,2.0,10.0,32.75
0.0,15.0,17.0,46.5,113.0,73.69953051643192,18.785260770975057,0.11,90.0,0.95,120.0,209.0,110.806,0.03,0.06,50.3,16.9,0.32,30.3,33.6,90.3,0.58,11.5,8.35,142.0,5.57,14.9,9.3,3.02,441.0,125.95,321.1,1.1,13.1,0.12,17.0,10.0,32.75
0.0,34.0,21.0,47.2,84.0960219478738,73.69953051643192,18.785260770975057,0.14,96.0,1.13,147.0,232.0,86.737,0.0,0.01,37.2,13.2,0.67,29.7,35.5,83.6,0.23,12.2,0.87,80.0,4.45,11.9,1.8,9.4,441.0,125.95,321.1,0.94,11.3,0.12,17.0,10.0,32.75
0.0,0.0,35.0,39.7,84.0960219478738,73.69953051643192,18.785260770975057,0.1272119815668203,104.0,1.39,104.25520833333331,252.93801652892563,52.807,0.04,0.08,38.5,13.0,2.47,26.9,33.8,79.5,0.87,11.2,8.69,293.0,4.84,13.9,12.2,6.76,441.0,636.0,321.1,1.1,13.1,0.12,17.0,16.0,32.75
0.0,106.0,62.0,31.9,84.0960219478738,73.69953051643192,18.785260770975057,0.11,141.0,3.14,75.0,412.0,23.336,0.03,0.14,40.7,13.4,1.18,28.7,32.9,87.2,0.52,10.7,3.11,185.0,4.67,13.4,5.0,3.02,328.0,8.3,286.39,1.1,13.1,0.12,4.0,10.0,32.75
0.0,222.0,50.0,35.4,97.0,73.69953051643192,18.785260770975057,0.13,330.0,0.92,32.0,252.93801652892563,93.959,0.01,0.07,36.0,12.0,0.79,28.2,33.3,84.5,0.45,11.8,3.65,160.0,4.26,13.2,5.0,3.14,274.35,125.95,321.1,1.1,13.1,0.12,17.0,10.0,32.75
0.0,37.0,42.0,28.2,84.0960219478738,73.69953051643192,18.785260770975057,0.16,119.0,1.52,55.0,309.0,42.958,0.04,0.02,53.8,18.3,2.51,28.6,34.0,84.2,0.76,9.0,2.06,258.0,6.39,13.4,5.4,5.55,441.0,92.9,321.1,1.1,13.1,0.12,3.0,10.0,32.75
0.0,8.0,15.0,46.8,84.0960219478738,73.69953051643192,18.785260770975057,0.1272119815668203,89.0,0.78,104.25520833333331,161.0,101.618,0.08,0.35,48.7,16.9,2.14,29.5,34.7,85.0,0.57,10.2,4.29,217.0,5.73,12.7,7.4,3.02,122.0,104.2,321.1,1.1,13.1,0.12,2.0,10.0,32.75
0.0,34.0,36.0,44.6,67.0,40.0,12.1,0.12,91.0,0.96,160.0,233.0,98.47,0.01,0.11,39.9,13.6,1.49,28.5,34.1,83.5,0.57,9.5,2.54,239.0,4.78,12.6,4.7,3.02,441.0,125.95,321.1,1.1,13.1,0.12,17.0,10.0,32.75
0.0,16.0,28.0,32.7,42.0,49.0,15.7,0.09,190.0,0.84,147.0,616.0,109.523,0.02,0.0,41.0,13.4,1.1,26.5,32.7,81.2,0.34,10.7,5.32,213.0,5.05,14.3,6.8,25.0,441.0,125.95,321.1,1.1,13.1,0.12,17.0,10.0,32.75
0.0,35.308825910931176,33.24291497975708,38.59178535606821,84.0960219478738,73.69953051643192,18.785260770975057,0.1272119815668203,136.0293103448276,1.1425579536370902,104.25520833333331,252.93801652892563,82.73687055837563,0.02,0.09,29.9,9.9,1.66,23.9,33.1,72.2,0.24,12.1,1.38,212.0,4.14,13.9,3.4,3.02,441.0,18.0,327.37,1.1,13.1,0.12,17.0,10.0,32.75
0.0,35.308825910931176,33.24291497975708,38.59178535606821,84.0960219478738,73.69953051643192,18.785260770975057,0.1272119815668203,136.0293103448276,1.1425579536370902,104.25520833333331,252.93801652892563,82.73687055837563,0.01,0.04,38.8,13.2,1.51,27.8,34.0,81.7,0.44,10.2,3.11,198.0,4.75,13.2,5.1,6.71,456.19,62.3,410.0,1.13,13.5,0.12,17.0,10.0,32.75
0.0,35.308825910931176,33.24291497975708,38.59178535606821,84.0960219478738,73.69953051643192,18.785260770975057,0.1272119815668203,136.0293103448276,1.1425579536370902,104.25520833333331,252.93801652892563,82.73687055837563,0.04,0.15,38.9,13.6,1.53,30.0,35.0,85.9,0.62,10.5,4.98,398.0,4.53,12.8,7.3,3.02,192.0,32.3,466.15,1.1,13.1,0.12,20.0,10.0,32.75
0.0,35.308825910931176,33.24291497975708,38.59178535606821,84.0960219478738,73.69953051643192,18.785260770975057,0.1272119815668203,136.0293103448276,1.1425579536370902,104.25520833333331,252.93801652892563,82.73687055837563,0.02,0.09,36.2,12.6,2.73,29.5,34.8,84.8,0.5,11.2,2.76,278.0,4.27,12.5,6.1,3.02,434.0,4.1,305.69,1.1,13.1,0.12,10.0,10.0,32.75
0.0,35.308825910931176,33.24291497975708,38.59178535606821,84.0960219478738,73.69953051643192,18.785260770975057,0.1272119815668203,136.0293103448276,1.1425579536370902,104.25520833333331,252.93801652892563,82.73687055837563,0.06,0.06,37.6,12.2,1.91,25.3,32.4,78.0,0.85,12.4,3.17,206.0,4.82,16.0,6.1,3.02,313.0,11.2,298.38,1.08,12.9,0.12,17.0,10.0,31.1
0.0,35.308825910931176,33.24291497975708,38.59178535606821,84.0960219478738,73.69953051643192,18.785260770975057,0.1272119815668203,136.0293103448276,1.1425579536370902,104.25520833333331,252.93801652892563,82.73687055837563,0.03,0.01,40.6,13.6,1.66,27.9,33.5,83.4,0.4,10.6,5.12,251.0,4.87,12.8,7.2,3.02,441.0,125.95,192.96,1.19,14.1,0.12,3.0,10.0,32.9
0.0,35.308825910931176,33.24291497975708,38.59178535606821,84.0960219478738,73.69953051643192,18.785260770975057,0.1272119815668203,136.0293103448276,1.1425579536370902,104.25520833333331,252.93801652892563,82.73687055837563,0.03,0.01,36.7,12.4,1.23,29.2,33.8,86.6,0.24,9.7,4.09,307.0,4.24,12.8,5.6,3.02,441.0,7.8,295.23,1.1,13.1,0.12,9.0,10.0,32.75
0.0,35.308825910931176,33.24291497975708,38.59178535606821,84.0960219478738,73.69953051643192,18.785260770975057,0.1272119815668203,136.0293103448276,1.1425579536370902,104.25520833333331,252.93801652892563,82.73687055837563,0.03,0.08,39.8,12.8,2.49,23.4,32.2,72.8,0.43,10.1,4.79,316.0,5.47,18.2,7.8,28.9,505.31,290.5,296.79,1.1,13.1,0.12,17.0,10.0,32.75
0.0,35.308825910931176,33.24291497975708,38.59178535606821,84.0960219478738,73.69953051643192,18.785260770975057,0.1272119815668203,136.0293103448276,1.1425579536370902,104.25520833333331,252.93801652892563,82.73687055837563,0.02,0.13,39.7,14.0,2.35,29.2,35.3,82.7,0.7,9.3,4.48,264.0,4.8,11.3,7.7,3.02,441.0,125.95,321.1,1.1,13.1,0.12,17.0,10.0,32.75
0.0,35.308825910931176,33.24291497975708,38.59178535606821,84.0960219478738,73.69953051643192,18.785260770975057,0.1272119815668203,136.0293103448276,1.1425579536370902,104.25520833333331,252.93801652892563,82.73687055837563,0.01,0.08,40.6,14.0,1.29,30.8,34.5,89.2,0.41,9.2,2.25,350.0,4.55,12.3,4.0,6.97,441.0,383.7,296.79,1.12,13.4,0.12,2.0,10.0,38.4
0.0,35.308825910931176,33.24291497975708,38.59178535606821,84.0960219478738,73.69953051643192,18.785260770975057,0.1272119815668203,136.0293103448276,1.1425579536370902,104.25520833333331,252.93801652892563,82.73687055837563,0.01,0.08,29.1,8.4,2.3,17.2,28.9,59.8,0.96,9.9,5.21,312.0,4.87,23.7,8.6,7.01,441.0,26.7,286.39,1.1,13.1,0.12,20.0,10.0,32.75
0.0,35.308825910931176,33.24291497975708,38.59178535606821,84.0960219478738,73.69953051643192,18.785260770975057,0.1272119815668203,136.0293103448276,1.1425579536370902,104.25520833333331,252.93801652892563,82.73687055837563,0.02,0.0,35.7,12.2,0.74,28.8,34.2,84.4,0.56,9.9,8.0,384.0,4.23,13.0,9.3,3.62,441.0,21.3,321.1,1.1,13.1,0.12,17.0,10.0,32.75
0.0,35.308825910931176,33.24291497975708,38.59178535606821,84.0960219478738,73.69953051643192,18.785260770975057,0.1272119815668203,136.0293103448276,1.1425579536370902,104.25520833333331,252.93801652892563,82.73687055837563,0.03,0.16,36.1,12.2,1.89,29.8,33.8,88.3,0.37,11.1,3.96,321.0,4.09,13.0,6.4,3.02,441.0,6.8,277.71,1.1,13.1,0.12,9.0,10.0,32.75
0.0,35.308825910931176,33.24291497975708,38.59178535606821,84.0960219478738,73.69953051643192,18.785260770975057,0.1272119815668203,136.0293103448276,1.1425579536370902,104.25520833333331,252.93801652892563,82.73687055837563,0.02,0.1,39.8,13.4,1.61,27.9,33.7,82.9,0.49,9.7,2.3,239.0,4.8,13.2,4.5,3.02,481.0,35.0,251.71,1.1,13.1,18.0,6.0,10.0,32.75
0.0,35.308825910931176,33.24291497975708,38.59178535606821,84.0960219478738,73.69953051643192,18.785260770975057,0.1272119815668203,136.0293103448276,1.1425579536370902,104.25520833333331,252.93801652892563,82.73687055837563,0.01,0.0,33.6,9.8,1.25,19.2,29.2,65.8,0.24,10.2,1.8,317.0,5.11,17.3,3.3,3.02,441.0,125.95,321.47,1.05,12.6,0.12,9.0,10.0,24.2
0.0,35.308825910931176,33.24291497975708,38.59178535606821,84.0960219478738,73.69953051643192,18.785260770975057,0.1272119815668203,136.0293103448276,1.1425579536370902,104.25520833333331,252.93801652892563,82.73687055837563,0.04,0.07,40.7,13.4,1.92,29.0,32.9,88.1,0.6,12.0,5.4,262.0,4.62,12.0,8.0,34.3,441.0,40.0,346.06,1.1,13.1,0.12,20.0,10.0,32.75
0.0,35.308825910931176,33.24291497975708,38.59178535606821,84.0960219478738,73.69953051643192,18.785260770975057,0.1272119815668203,136.0293103448276,1.1425579536370902,104.25520833333331,252.93801652892563,82.73687055837563,0.06,0.51,40.0,13.7,2.42,29.1,34.3,84.9,0.62,10.0,5.11,258.0,4.71,12.6,8.7,6.76,441.0,83.1,350.0,1.08,12.9,0.12,17.0,10.0,30.0
0.0,35.308825910931176,33.24291497975708,38.59178535606821,84.0960219478738,73.69953051643192,18.785260770975057,0.1272119815668203,136.0293103448276,1.1425579536370902,104.25520833333331,252.93801652892563,82.73687055837563,0.07,0.08,40.8,12.7,1.27,27.1,31.1,87.0,0.82,12.3,10.94,228.0,4.69,15.1,13.2,4.87,441.0,100.3,308.63,0.95,11.4,0.12,18.0,10.0,29.1
0.0,35.308825910931176,33.24291497975708,38.59178535606821,84.0960219478738,73.69953051643192,18.785260770975057,0.1272119815668203,136.0293103448276,1.1425579536370902,104.25520833333331,252.93801652892563,82.73687055837563,0.03,0.03,33.9,10.6,1.24,27.4,31.3,87.6,0.39,10.4,2.27,179.0,3.87,13.8,4.0,27.6,4021.78,179.7,321.1,1.1,13.1,0.12,17.0,10.0,32.75
0.0,35.308825910931176,33.24291497975708,38.59178535606821,84.0960219478738,73.69953051643192,18.785260770975057,0.1272119815668203,136.0293103448276,1.1425579536370902,104.25520833333331,252.93801652892563,82.73687055837563,0.01,0.03,41.1,13.7,1.56,29.1,33.3,87.4,0.37,9.2,1.52,176.0,4.7,12.8,3.5,3.02,441.0,125.95,321.1,1.1,13.1,0.12,17.0,10.0,32.75
0.0,35.308825910931176,33.24291497975708,38.59178535606821,84.0960219478738,73.69953051643192,18.785260770975057,0.1272119815668203,136.0293103448276,1.1425579536370902,104.25520833333331,252.93801652892563,82.73687055837563,0.0,0.0,32.0,10.5,0.65,28.7,32.8,87.4,0.5,10.8,6.6,205.0,3.66,13.3,7.8,9.5,495.61,695.2,376.08,1.1,13.1,0.12,44.0,10.0,32.75
0.0,35.308825910931176,33.24291497975708,38.59178535606821,84.0960219478738,73.69953051643192,18.785260770975057,0.1272119815668203,136.0293103448276,1.1425579536370902,104.25520833333331,252.93801652892563,82.73687055837563,0.05,0.11,51.9,16.9,2.12,28.1,32.6,86.4,0.42,9.9,4.7,181.0,6.01,13.0,7.4,3.02,441.0,125.95,321.1,1.1,13.1,0.12,17.0,10.0,32.75
0.0,35.308825910931176,33.24291497975708,38.59178535606821,84.0960219478738,73.69953051643192,18.785260770975057,0.1272119815668203,136.0293103448276,1.1425579536370902,104.25520833333331,252.93801652892563,82.73687055837563,0.01,0.01,44.2,15.7,1.32,30.8,35.5,86.7,0.45,9.4,2.05,156.0,5.1,11.9,3.8,3.02,220.46,103.8,336.67,1.1,13.1,0.12,4.0,10.0,32.75
0.0,35.308825910931176,33.24291497975708,38.59178535606821,84.0960219478738,73.69953051643192,18.785260770975057,0.1272119815668203,136.0293103448276,1.1425579536370902,104.25520833333331,252.93801652892563,82.73687055837563,0.06,0.05,46.1,15.7,2.85,29.4,34.1,86.3,0.57,11.0,6.41,226.0,5.34,12.8,9.9,3.69,441.0,125.95,321.1,1.1,13.1,0.12,17.0,10.0,32.75
0.0,35.308825910931176,33.24291497975708,38.59178535606821,84.0960219478738,73.69953051643192,18.785260770975057,0.1272119815668203,136.0293103448276,1.1425579536370902,104.25520833333331,252.93801652892563,82.73687055837563,0.05,0.21,45.5,16.4,3.99,30.3,36.0,83.9,0.57,10.4,3.66,222.0,5.42,11.9,8.5,37.9,399.57,125.95,321.1,1.1,13.1,0.12,17.0,10.0,32.75
0.0,35.308825910931176,33.24291497975708,38.59178535606821,84.0960219478738,73.69953051643192,18.785260770975057,0.1272119815668203,136.0293103448276,1.1425579536370902,104.25520833333331,252.93801652892563,82.73687055837563,0.13,0.01,45.0,14.8,2.28,27.1,32.9,82.3,1.12,11.4,11.84,485.0,5.47,13.6,15.4,20.5,980.4,731.7,417.31,1.23,14.6,17.0,17.0,10.0,41.1
0.0,35.308825910931176,33.24291497975708,38.59178535606821,84.0960219478738,73.69953051643192,18.785260770975057,0.1272119815668203,136.0293103448276,1.1425579536370902,104.25520833333331,252.93801652892563,82.73687055837563,0.01,0.07,48.0,16.5,1.85,27.1,34.4,78.9,0.52,8.8,2.62,274.0,6.08,12.3,5.1,3.02,200.0,178.9,295.23,1.1,13.1,0.12,12.0,10.0,32.75
0.0,35.308825910931176,33.24291497975708,38.59178535606821,84.0960219478738,73.69953051643192,18.785260770975057,0.1272119815668203,136.0293103448276,1.1425579536370902,104.25520833333331,252.93801652892563,82.73687055837563,0.09,0.03,38.7,12.9,2.21,28.0,33.3,83.9,0.57,9.8,3.79,579.0,4.61,14.5,6.7,3.02,441.0,125.95,321.1,1.1,13.1,0.12,17.0,10.0,32.75
0.0,35.308825910931176,33.24291497975708,38.59178535606821,84.0960219478738,73.69953051643192,18.785260770975057,0.1272119815668203,136.0293103448276,1.1425579536370902,104.25520833333331,252.93801652892563,82.73687055837563,0.01,0.02,43.2,15.2,1.35,29.6,35.2,84.2,0.56,10.0,2.4,196.0,5.13,12.3,4.3,11.1,441.0,63.4,352.46,1.1,13.1,0.12,2.0,10.0,32.75
0.0,35.308825910931176,33.24291497975708,38.59178535606821,84.0960219478738,73.69953051643192,18.785260770975057,0.1272119815668203,136.0293103448276,1.1425579536370902,104.25520833333331,252.93801652892563,82.73687055837563,0.01,0.0,37.9,12.5,1.03,27.8,33.0,84.2,0.33,9.2,3.27,199.0,4.5,13.3,4.6,6.43,441.0,125.95,321.1,1.1,13.1,0.12,17.0,10.0,32.75
0.0,35.308825910931176,33.24291497975708,38.59178535606821,84.0960219478738,73.69953051643192,18.785260770975057,0.1272119815668203,136.0293103448276,1.1425579536370902,104.25520833333331,252.93801652892563,82.73687055837563,0.04,0.15,53.8,18.1,2.74,29.1,33.6,86.4,0.5,9.8,6.03,251.0,6.23,15.6,9.5,3.14,1687.41,710.2,246.02,1.06,12.7,0.12,2.0,10.0,27.1
0.0,35.308825910931176,33.24291497975708,38.59178535606821,84.0960219478738,73.69953051643192,18.785260770975057,0.1272119815668203,136.0293103448276,1.1425579536370902,104.25520833333331,252.93801652892563,82.73687055837563,0.05,0.11,44.1,15.6,2.97,29.2,35.4,82.4,0.59,11.4,3.86,287.0,5.35,12.5,7.6,6.69,1218.12,338.4,402.76,1.1,13.1,0.12,17.0,10.0,32.75
0.0,35.308825910931176,33.24291497975708,38.59178535606821,84.0960219478738,73.69953051643192,18.785260770975057,0.1272119815668203,136.0293103448276,1.1425579536370902,104.25520833333331,252.93801652892563,82.73687055837563,0.05,0.11,47.2,16.6,2.03,29.2,35.2,83.0,0.7,9.9,4.8,252.0,5.69,12.1,7.7,3.02,441.0,125.95,321.1,1.1,13.1,0.12,17.0,10.0,32.75
0.0,35.308825910931176,33.24291497975708,38.59178535606821,84.0960219478738,73.69953051643192,18.785260770975057,0.1272119815668203,136.0293103448276,1.1425579536370902,104.25520833333331,252.93801652892563,82.73687055837563,0.0,0.14,38.7,13.1,0.57,28.2,33.9,83.2,0.4,10.0,5.27,187.0,4.65,12.8,6.4,23.6,128.86,290.4,437.25,1.1,13.1,0.12,11.0,10.0,32.75
0.0,35.308825910931176,33.24291497975708,38.59178535606821,84.0960219478738,73.69953051643192,18.785260770975057,0.1272119815668203,136.0293103448276,1.1425579536370902,104.25520833333331,252.93801652892563,82.73687055837563,0.02,0.0,37.1,12.8,1.13,27.6,34.5,80.0,0.34,11.2,4.83,249.0,4.64,13.2,6.3,15.1,441.0,133.5,486.28,1.1,13.1,0.12,18.0,10.0,32.75
0.0,35.308825910931176,33.24291497975708,38.59178535606821,84.0960219478738,73.69953051643192,18.785260770975057,0.1272119815668203,136.0293103448276,1.1425579536370902,104.25520833333331,252.93801652892563,82.73687055837563,0.09,0.0,39.8,14.0,0.48,29.4,35.2,83.4,0.79,9.4,13.65,284.0,4.77,14.3,15.0,16.3,441.0,395.0,321.1,1.1,13.1,0.12,17.0,10.0,32.75
0.0,35.308825910931176,33.24291497975708,38.59178535606821,84.0960219478738,73.69953051643192,18.785260770975057,0.1272119815668203,136.0293103448276,1.1425579536370902,104.25520833333331,252.93801652892563,82.73687055837563,0.02,0.02,42.2,14.6,1.68,29.7,34.6,85.9,0.53,11.1,3.15,140.0,4.91,12.4,5.4,3.08,441.0,125.95,321.1,1.1,13.1,0.12,17.0,10.0,32.75
0.0,35.308825910931176,33.24291497975708,38.59178535606821,84.0960219478738,73.69953051643192,18.785260770975057,0.1272119815668203,136.0293103448276,1.1425579536370902,104.25520833333331,252.93801652892563,82.73687055837563,0.0,0.01,34.6,12.1,1.32,28.9,35.0,82.6,0.29,9.5,6.08,199.0,4.19,13.3,7.7,3.02,441.0,10.3,230.26,1.1,13.1,0.12,8.0,10.0,32.75
0.0,35.308825910931176,33.24291497975708,38.59178535606821,84.0960219478738,73.69953051643192,18.785260770975057,0.1272119815668203,136.0293103448276,1.1425579536370902,104.25520833333331,252.93801652892563,82.73687055837563,0.06,0.07,46.3,16.2,1.67,29.5,35.0,84.3,0.79,9.0,5.68,174.0,5.49,13.1,8.3,13.2,441.0,54.9,295.23,1.1,13.1,0.12,17.0,10.0,32.75
0.0,35.308825910931176,33.24291497975708,38.59178535606821,84.0960219478738,73.69953051643192,18.785260770975057,0.1272119815668203,136.0293103448276,1.1425579536370902,104.25520833333331,252.93801652892563,82.73687055837563,0.01,0.0,48.5,16.9,2.32,29.5,34.8,84.6,0.68,10.7,3.08,186.0,5.73,13.1,6.1,3.02,366.0,6.5,296.79,1.1,13.1,0.12,31.0,10.0,32.75
0.0,35.308825910931176,33.24291497975708,38.59178535606821,84.0960219478738,73.69953051643192,18.785260770975057,0.1272119815668203,136.0293103448276,1.1425579536370902,104.25520833333331,252.93801652892563,82.73687055837563,0.03,0.14,35.4,11.5,1.53,26.5,32.5,81.6,0.37,12.6,2.5,97.0,4.34,12.5,4.6,76.8,441.0,148.3,668.07,1.1,13.1,0.12,46.0,10.0,32.75
0.0,35.308825910931176,33.24291497975708,38.59178535606821,84.0960219478738,73.69953051643192,18.785260770975057,0.1272119815668203,136.0293103448276,1.1425579536370902,104.25520833333331,252.93801652892563,82.73687055837563,0.05,0.19,40.3,13.3,1.8,27.9,33.0,84.5,0.6,11.2,4.34,311.0,4.77,12.7,7.0,36.7,441.0,125.95,321.1,1.1,13.1,0.12,17.0,10.0,32.75
0.0,35.308825910931176,33.24291497975708,38.59178535606821,84.0960219478738,73.69953051643192,18.785260770975057,0.1272119815668203,136.0293103448276,1.1425579536370902,104.25520833333331,252.93801652892563,82.73687055837563,0.01,0.0,38.4,12.7,1.51,28.4,33.1,85.9,0.34,9.2,4.62,230.0,4.47,14.0,6.5,3.02,441.0,9.5,274.19,1.1,13.1,0.12,10.0,10.0,32.75
0.0,35.308825910931176,33.24291497975708,38.59178535606821,84.0960219478738,73.69953051643192,18.785260770975057,0.1272119815668203,136.0293103448276,1.1425579536370902,104.25520833333331,252.93801652892563,82.73687055837563,0.01,0.0,42.5,14.2,0.26,31.1,33.4,93.2,0.14,10.2,3.83,351.0,4.56,12.8,4.2,6.27,423.49,333.0,296.79,1.1,13.1,0.12,78.0,10.0,32.75
0.0,35.308825910931176,33.24291497975708,38.59178535606821,84.0960219478738,73.69953051643192,18.785260770975057,0.1272119815668203,136.0293103448276,1.1425579536370902,104.25520833333331,252.93801652892563,82.73687055837563,0.02,0.03,41.9,13.7,1.52,24.8,32.7,75.9,0.51,10.5,4.43,221.0,5.52,14.3,6.5,3.02,441.0,125.95,321.1,1.1,13.1,0.12,17.0,10.0,32.75
0.0,35.308825910931176,33.24291497975708,38.59178535606821,84.0960219478738,73.69953051643192,18.785260770975057,0.1272119815668203,136.0293103448276,1.1425579536370902,104.25520833333331,252.93801652892563,82.73687055837563,0.07,0.19,39.9,13.6,0.79,28.8,34.1,84.4,1.22,11.1,7.21,269.0,4.73,13.3,9.5,32.5,441.0,450.0,350.0,1.11,13.2,27.0,66.0,10.0,58.3
0.0,35.308825910931176,33.24291497975708,38.59178535606821,84.0960219478738,73.69953051643192,18.785260770975057,0.1272119815668203,136.0293103448276,1.1425579536370902,104.25520833333331,252.93801652892563,82.73687055837563,0.03,0.06,41.9,14.7,2.16,28.1,35.1,80.1,0.29,9.9,2.22,214.0,5.23,12.6,4.8,109.0,719.45,0.0,376.08,1.2,14.2,24.0,91.0,10.0,32.5
0.0,35.308825910931176,33.24291497975708,38.59178535606821,84.0960219478738,73.69953051643192,18.785260770975057,0.1272119815668203,136.0293103448276,1.1425579536370902,104.25520833333331,252.93801652892563,82.73687055837563,0.02,0.05,35.5,10.7,4.38,23.8,30.1,78.9,1.0,9.3,3.59,376.0,4.5,15.0,9.0,3.14,225.02,125.95,321.1,1.1,13.1,0.12,17.0,10.0,32.75
0.0,35.308825910931176,33.24291497975708,38.59178535606821,84.0960219478738,73.69953051643192,18.785260770975057,0.1272119815668203,136.0293103448276,1.1425579536370902,104.25520833333331,252.93801652892563,82.73687055837563,0.03,0.05,38.6,12.4,2.14,24.9,32.1,77.5,0.53,13.4,3.98,280.0,4.98,13.0,6.7,6.76,441.0,125.95,321.1,1.1,13.1,0.12,17.0,10.0,32.75
0.0,35.308825910931176,33.24291497975708,38.59178535606821,84.0960219478738,73.69953051643192,18.785260770975057,0.1272119815668203,136.0293103448276,1.1425579536370902,104.25520833333331,252.93801652892563,82.73687055837563,0.02,0.0,37.4,12.3,0.5,26.5,32.9,80.6,0.5,10.2,5.63,345.0,4.64,14.6,6.7,5.78,830.0,125.95,321.1,1.1,13.1,0.12,17.0,10.0,32.75
0.0,35.308825910931176,33.24291497975708,38.59178535606821,84.0960219478738,73.69953051643192,18.785260770975057,0.1272119815668203,136.0293103448276,1.1425579536370902,104.25520833333331,252.93801652892563,82.73687055837563,0.03,0.05,40.1,14.1,0.59,32.1,35.2,91.3,0.39,11.6,13.47,45.0,4.39,12.0,14.5,7.3,441.0,40.5,298.38,1.2,14.3,0.12,61.0,10.0,32.0
0.0,35.308825910931176,33.24291497975708,38.59178535606821,84.0960219478738,73.69953051643192,18.785260770975057,0.1272119815668203,136.0293103448276,1.1425579536370902,104.25520833333331,252.93801652892563,82.73687055837563,0.06,0.11,45.3,15.8,3.29,28.2,34.9,80.7,0.85,10.5,7.1,274.0,5.61,13.5,11.4,3.14,143.79,63.8,296.79,1.07,12.8,0.12,17.0,10.0,27.4
0.0,35.308825910931176,33.24291497975708,38.59178535606821,84.0960219478738,73.69953051643192,18.785260770975057,0.1272119815668203,136.0293103448276,1.1425579536370902,104.25520833333331,252.93801652892563,82.73687055837563,0.0,0.02,38.1,12.5,1.79,27.4,32.8,83.6,0.46,10.9,2.15,197.0,4.56,12.9,4.4,18.6,278.65,65.8,362.26,0.96,11.6,0.12,17.0,10.0,27.2
0.0,35.308825910931176,33.24291497975708,38.59178535606821,84.0960219478738,73.69953051643192,18.785260770975057,0.1272119815668203,136.0293103448276,1.1425579536370902,104.25520833333331,252.93801652892563,82.73687055837563,0.01,0.01,32.9,10.8,1.2,27.2,32.8,82.9,0.42,10.3,7.07,377.0,3.97,14.3,8.7,6.23,441.0,44.1,486.28,1.1,13.1,0.12,24.0,10.0,32.75
0.0,35.308825910931176,33.24291497975708,38.59178535606821,84.0960219478738,73.69953051643192,18.785260770975057,0.1272119815668203,136.0293103448276,1.1425579536370902,104.25520833333331,252.93801652892563,82.73687055837563,0.03,0.06,42.1,14.0,1.93,27.6,33.3,82.9,0.5,9.3,2.16,248.0,5.08,13.2,4.7,3.14,197.19,125.95,321.1,1.1,13.1,0.12,17.0,10.0,32.75
0.0,35.308825910931176,33.24291497975708,38.59178535606821,84.0960219478738,73.69953051643192,18.785260770975057,0.1272119815668203,136.0293103448276,1.1425579536370902,104.25520833333331,252.93801652892563,82.73687055837563,0.02,0.26,43.4,14.9,1.62,28.7,34.3,83.5,0.53,9.2,2.23,279.0,5.2,13.4,4.7,3.02,441.0,125.95,321.1,1.1,13.1,0.12,17.0,10.0,32.75
0.0,35.308825910931176,33.24291497975708,38.59178535606821,84.0960219478738,73.69953051643192,18.785260770975057,0.1272119815668203,136.0293103448276,1.1425579536370902,104.25520833333331,252.93801652892563,82.73687055837563,0.03,0.12,44.9,14.6,2.33,27.8,32.5,85.4,0.96,10.5,4.0,327.0,5.26,13.8,7.4,39.1,441.0,1176.4,321.1,1.07,12.8,14.0,17.0,10.0,33.6
0.0,35.308825910931176,33.24291497975708,38.59178535606821,84.0960219478738,73.69953051643192,18.785260770975057,0.1272119815668203,136.0293103448276,1.1425579536370902,104.25520833333331,252.93801652892563,82.73687055837563,0.02,0.0,39.3,13.5,0.85,29.1,34.4,84.7,0.73,9.2,9.59,349.0,4.64,11.7,11.2,6.76,192.0,125.95,321.1,1.1,13.1,0.12,17.0,10.0,32.75
0.0,35.308825910931176,33.24291497975708,38.59178535606821,84.0960219478738,73.69953051643192,18.785260770975057,0.1272119815668203,136.0293103448276,1.1425579536370902,104.25520833333331,252.93801652892563,82.73687055837563,0.03,0.05,41.4,14.8,1.06,30.2,35.7,84.5,1.07,10.4,4.89,211.0,4.9,11.6,7.1,12.6,1840.94,60.5,368.24,1.28,15.2,0.12,17.0,10.0,35.0
0.0,35.308825910931176,33.24291497975708,38.59178535606821,84.0960219478738,73.69953051643192,18.785260770975057,0.1272119815668203,136.0293103448276,1.1425579536370902,104.25520833333331,252.93801652892563,82.73687055837563,0.01,0.02,44.1,14.3,1.24,27.5,32.4,84.8,0.71,9.5,2.8,216.0,5.2,13.1,4.8,17.7,371.39,125.95,321.1,1.1,13.1,0.12,17.0,10.0,32.75
0.0,35.308825910931176,33.24291497975708,38.59178535606821,84.0960219478738,73.69953051643192,18.785260770975057,0.1272119815668203,136.0293103448276,1.1425579536370902,104.25520833333331,252.93801652892563,82.73687055837563,0.03,0.1,46.7,16.5,2.43,29.5,35.3,83.5,0.54,9.9,3.59,233.0,5.59,12.5,6.7,3.02,441.0,36.1,466.15,1.1,13.1,0.12,3.0,10.0,32.75
0.0,35.308825910931176,33.24291497975708,38.59178535606821,84.0960219478738,73.69953051643192,18.785260770975057,0.1272119815668203,136.0293103448276,1.1425579536370902,104.25520833333331,252.93801652892563,82.73687055837563,0.04,0.07,47.6,16.5,1.86,30.4,34.7,87.8,0.54,10.4,5.54,191.0,5.42,12.5,8.1,3.02,441.0,74.1,321.1,1.1,13.1,0.12,2.0,10.0,32.75
0.0,35.308825910931176,33.24291497975708,38.59178535606821,84.0960219478738,73.69953051643192,18.785260770975057,0.1272119815668203,136.0293103448276,1.1425579536370902,104.25520833333331,252.93801652892563,82.73687055837563,0.12,0.03,47.6,17.8,1.48,30.3,37.4,81.0,1.13,10.4,16.73,410.0,5.88,13.2,19.5,67.0,441.0,334.1,321.1,1.1,13.1,0.12,11.0,10.0,32.75
0.0,35.308825910931176,33.24291497975708,38.59178535606821,84.0960219478738,73.69953051643192,18.785260770975057,0.1272119815668203,136.0293103448276,1.1425579536370902,104.25520833333331,252.93801652892563,82.73687055837563,0.01,0.01,39.7,13.8,1.79,29.7,34.8,85.6,0.48,11.6,5.22,102.0,4.64,14.0,7.5,6.76,441.0,125.95,321.1,1.71,19.9,0.12,17.0,10.0,43.4
0.0,35.308825910931176,33.24291497975708,38.59178535606821,84.0960219478738,73.69953051643192,18.785260770975057,0.1272119815668203,136.0293103448276,1.1425579536370902,104.25520833333331,252.93801652892563,82.73687055837563,0.01,0.01,32.9,10.4,0.52,25.2,31.6,79.9,0.5,11.4,6.71,197.0,4.12,14.3,7.8,36.3,441.0,384.4,352.34,1.14,13.6,23.0,44.0,10.0,35.5
0.0,35.308825910931176,33.24291497975708,38.59178535606821,84.0960219478738,73.69953051643192,18.785260770975057,0.1272119815668203,136.0293103448276,1.1425579536370902,104.25520833333331,252.93801652892563,82.73687055837563,0.01,0.0,38.0,12.7,0.52,29.8,33.4,89.2,0.15,10.2,3.83,412.0,4.26,12.5,4.5,47.4,441.0,713.5,359.7,1.09,13.0,0.12,74.0,10.0,33.8
0.0,35.308825910931176,33.24291497975708,38.59178535606821,84.0960219478738,73.69953051643192,18.785260770975057,0.1272119815668203,136.0293103448276,1.1425579536370902,104.25520833333331,252.93801652892563,82.73687055837563,0.01,0.0,46.4,16.5,0.7,27.8,35.6,78.1,0.47,10.6,6.5,208.0,5.94,12.9,7.7,38.2,5116.36,159.6,334.82,1.06,12.7,34.0,17.0,19.0,32.75
0.0,35.308825910931176,33.24291497975708,38.59178535606821,84.0960219478738,73.69953051643192,18.785260770975057,0.1272119815668203,136.0293103448276,1.1425579536370902,104.25520833333331,252.93801652892563,82.73687055837563,0.02,0.01,34.4,12.0,2.02,26.6,34.9,76.3,0.55,9.9,1.83,212.0,4.51,13.9,4.4,3.02,441.0,6.5,254.71,1.1,13.1,0.12,10.0,0.0,32.75
0.0,35.308825910931176,33.24291497975708,38.59178535606821,84.0960219478738,73.69953051643192,18.785260770975057,0.1272119815668203,136.0293103448276,1.1425579536370902,104.25520833333331,252.93801652892563,82.73687055837563,0.01,0.02,36.7,10.8,0.58,24.8,29.4,84.4,0.42,11.5,5.05,240.0,4.35,16.9,6.1,0.0,441.0,125.95,321.1,1.1,13.1,0.12,17.0,10.0,32.75
0.0,35.308825910931176,33.24291497975708,38.59178535606821,84.0960219478738,73.69953051643192,18.785260770975057,0.1272119815668203,136.0293103448276,1.1425579536370902,104.25520833333331,252.93801652892563,82.73687055837563,0.03,0.16,37.1,12.4,2.62,28.3,33.4,84.7,0.27,9.9,4.38,359.0,4.38,12.5,7.5,29.8,441.0,125.95,321.1,1.1,13.1,20.0,17.0,10.0,32.75
0.0,35.308825910931176,33.24291497975708,38.59178535606821,84.0960219478738,73.69953051643192,18.785260770975057,0.1272119815668203,136.0293103448276,1.1425579536370902,104.25520833333331,252.93801652892563,82.73687055837563,0.02,0.02,44.3,15.5,1.06,29.1,35.0,83.3,0.99,9.9,5.01,193.0,5.32,12.8,7.1,3.14,139.52,125.95,321.1,1.1,13.1,0.12,17.0,10.0,32.75
0.0,35.308825910931176,33.24291497975708,38.59178535606821,84.0960219478738,73.69953051643192,18.785260770975057,0.1272119815668203,136.0293103448276,1.1425579536370902,104.25520833333331,252.93801652892563,82.73687055837563,0.04,0.21,49.6,18.0,2.86,30.3,36.3,83.5,0.61,8.7,4.3,251.0,5.94,12.8,8.0,170.0,4364.49,930.1,421.1,1.04,12.5,28.0,52.0,10.0,27.1
0.0,35.308825910931176,33.24291497975708,38.59178535606821,84.0960219478738,73.69953051643192,18.785260770975057,0.1272119815668203,136.0293103448276,1.1425579536370902,104.25520833333331,252.93801652892563,82.73687055837563,0.01,0.0,35.0,12.1,0.66,27.9,34.6,80.6,0.54,9.4,10.22,343.0,4.34,12.5,11.4,5.75,441.0,252.3,331.26,1.1,13.1,0.12,22.0,0.0,32.75
0.0,35.308825910931176,33.24291497975708,38.59178535606821,84.0960219478738,73.69953051643192,18.785260770975057,0.1272119815668203,136.0293103448276,1.1425579536370902,104.25520833333331,252.93801652892563,82.73687055837563,0.05,0.15,44.4,15.4,2.58,28.2,34.7,81.3,0.6,10.6,5.75,299.0,5.46,12.2,9.1,0.0,441.0,125.95,321.1,1.1,13.1,0.12,17.0,10.0,32.75
0.0,35.308825910931176,33.24291497975708,38.59178535606821,84.0960219478738,73.69953051643192,18.785260770975057,0.1272119815668203,136.0293103448276,1.1425579536370902,104.25520833333331,252.93801652892563,82.73687055837563,0.04,0.37,49.3,16.9,1.85,29.9,34.3,87.3,0.53,10.5,3.15,199.0,5.65,13.8,5.9,3.14,77.71,119.6,254.71,1.1,13.1,0.12,3.0,10.0,32.75
0.0,35.308825910931176,33.24291497975708,38.59178535606821,84.0960219478738,73.69953051643192,18.785260770975057,0.1272119815668203,136.0293103448276,1.1425579536370902,104.25520833333331,252.93801652892563,82.73687055837563,0.09,0.25,46.1,16.5,2.49,29.5,35.8,82.3,0.59,9.7,5.86,317.0,5.6,13.1,9.3,3.02,441.0,217.8,290.7,1.1,13.1,0.12,20.0,10.0,32.75
0.0,35.308825910931176,33.24291497975708,38.59178535606821,84.0960219478738,73.69953051643192,18.785260770975057,0.1272119815668203,136.0293103448276,1.1425579536370902,104.25520833333331,252.93801652892563,82.73687055837563,0.07,0.22,44.2,16.1,1.92,31.0,36.4,85.2,0.93,9.3,7.07,274.0,5.19,12.5,10.2,32.8,107.53,108.7,357.19,1.04,12.4,0.12,17.0,10.0,27.0
0.0,35.308825910931176,33.24291497975708,38.59178535606821,84.0960219478738,73.69953051643192,18.785260770975057,0.1272119815668203,136.0293103448276,1.1425579536370902,104.25520833333331,252.93801652892563,82.73687055837563,0.03,0.15,31.6,10.8,1.02,27.6,34.2,80.8,0.82,12.1,9.53,382.0,3.91,14.4,11.6,51.5,910.24,1305.7,357.19,1.1,13.1,0.12,39.0,10.0,32.75
0.0,35.308825910931176,33.24291497975708,38.59178535606821,84.0960219478738,73.69953051643192,18.785260770975057,0.1272119815668203,136.0293103448276,1.1425579536370902,104.25520833333331,252.93801652892563,82.73687055837563,0.02,0.0,40.9,13.7,0.83,28.7,33.5,85.6,0.12,9.6,2.17,236.0,4.78,13.5,3.1,6.76,174.0,125.95,321.1,1.1,13.1,0.12,3.0,10.0,27.5
0.0,35.308825910931176,33.24291497975708,38.59178535606821,84.0960219478738,73.69953051643192,18.785260770975057,0.1272119815668203,136.0293103448276,1.1425579536370902,104.25520833333331,252.93801652892563,82.73687055837563,0.03,0.11,45.4,15.9,2.75,31.2,35.0,89.0,0.47,9.0,5.73,360.0,5.1,11.6,9.1,3.02,519.0,125.95,321.1,1.1,13.1,0.12,17.0,10.0,45.3
0.0,35.308825910931176,33.24291497975708,38.59178535606821,84.0960219478738,73.69953051643192,18.785260770975057,0.1272119815668203,136.0293103448276,1.1425579536370902,104.25520833333331,252.93801652892563,82.73687055837563,0.03,0.08,45.9,15.7,1.77,29.6,34.2,86.6,0.57,11.2,2.89,159.0,5.3,12.4,5.3,10.9,441.0,125.95,321.1,1.1,13.1,0.12,17.0,10.0,32.75
0.0,35.308825910931176,33.24291497975708,38.59178535606821,84.0960219478738,73.69953051643192,18.785260770975057,0.1272119815668203,136.0293103448276,1.1425579536370902,104.25520833333331,252.93801652892563,82.73687055837563,0.01,0.0,34.0,11.8,1.21,27.6,34.7,79.6,0.45,8.9,5.66,338.0,4.27,12.9,7.3,10.2,252.0,23.2,295.23,1.1,13.1,0.12,2.0,10.0,32.75
0.0,35.308825910931176,33.24291497975708,38.59178535606821,84.0960219478738,73.69953051643192,18.785260770975057,0.1272119815668203,136.0293103448276,1.1425579536370902,104.25520833333331,252.93801652892563,82.73687055837563,0.04,0.07,49.6,16.7,1.37,29.0,33.7,86.1,1.44,11.4,6.06,201.0,5.76,11.9,9.0,3.02,152.0,14.3,300.0,1.1,13.1,0.12,2.0,10.0,32.75
0.0,35.308825910931176,33.24291497975708,38.59178535606821,84.0960219478738,73.69953051643192,18.785260770975057,0.1272119815668203,136.0293103448276,1.1425579536370902,104.25520833333331,252.93801652892563,82.73687055837563,0.02,0.16,48.6,17.1,1.82,29.8,35.2,84.8,0.4,9.0,2.07,126.0,5.73,13.2,4.5,3.02,441.0,125.95,321.1,1.1,13.1,0.12,17.0,10.0,32.75
0.0,35.308825910931176,33.24291497975708,38.59178535606821,84.0960219478738,73.69953051643192,18.785260770975057,0.1272119815668203,136.0293103448276,1.1425579536370902,104.25520833333331,252.93801652892563,82.73687055837563,0.05,0.14,46.8,15.8,2.55,30.0,33.8,88.8,0.84,9.3,3.51,223.0,5.27,12.2,7.1,3.02,119.0,149.2,21917.0,108.0,129.0,0.12,2.0,10.0,414.0
0.0,35.308825910931176,33.24291497975708,38.59178535606821,84.0960219478738,73.69953051643192,18.785260770975057,0.1272119815668203,136.0293103448276,1.1425579536370902,104.25520833333331,252.93801652892563,82.73687055837563,0.06,0.3,49.9,16.9,3.61,29.7,33.9,87.7,0.8,8.3,6.45,294.0,5.69,13.0,11.2,6.21,441.0,357.4,321.1,1.1,13.1,0.12,15.0,10.0,32.75
0.0,35.308825910931176,33.24291497975708,38.59178535606821,84.0960219478738,73.69953051643192,18.785260770975057,0.1272119815668203,136.0293103448276,1.1425579536370902,104.25520833333331,252.93801652892563,82.73687055837563,0.03,0.06,45.7,15.5,2.45,30.1,33.9,88.7,0.45,9.6,2.55,210.0,5.15,12.0,5.5,4.11,441.0,289.7,201.6,1.1,13.1,0.12,35.0,10.0,32.75
0.0,35.308825910931176,33.24291497975708,38.59178535606821,84.0960219478738,73.69953051643192,18.785260770975057,0.1272119815668203,136.0293103448276,1.1425579536370902,104.25520833333331,252.93801652892563,82.73687055837563,0.07,0.06,46.5,15.8,2.0,29.3,34.0,86.1,0.67,10.7,4.33,238.0,5.4,12.1,7.1,3.14,295.85,37.0,300.0,0.97,11.7,0.12,17.0,10.0,22.0
0.0,35.308825910931176,33.24291497975708,38.59178535606821,84.0960219478738,73.69953051643192,18.785260770975057,0.1272119815668203,136.0293103448276,1.1425579536370902,104.25520833333331,252.93801652892563,82.73687055837563,0.01,0.01,41.5,13.4,1.49,26.6,32.3,82.5,0.43,11.2,2.91,189.0,5.03,13.5,4.9,37.4,441.0,99.6,418.62,1.08,12.9,0.12,39.0,10.0,33.8
0.0,35.308825910931176,33.24291497975708,38.59178535606821,84.0960219478738,73.69953051643192,18.785260770975057,0.1272119815668203,136.0293103448276,1.1425579536370902,104.25520833333331,252.93801652892563,82.73687055837563,0.03,0.07,42.5,15.2,1.67,29.6,35.8,82.7,0.43,9.7,4.77,184.0,5.14,12.5,7.0,3.14,152.32,86.1,321.1,1.1,13.1,0.12,17.0,10.0,32.75
0.0,35.308825910931176,33.24291497975708,38.59178535606821,84.0960219478738,73.69953051643192,18.785260770975057,0.1272119815668203,136.0293103448276,1.1425579536370902,104.25520833333331,252.93801652892563,82.73687055837563,0.02,0.01,45.6,15.5,1.14,28.4,34.0,83.7,0.46,9.0,3.45,254.0,5.45,13.3,5.1,5.68,297.0,32.7,321.1,1.1,13.1,0.12,13.0,10.0,32.75
0.0,35.308825910931176,33.24291497975708,38.59178535606821,84.0960219478738,73.69953051643192,18.785260770975057,0.1272119815668203,136.0293103448276,1.1425579536370902,104.25520833333331,252.93801652892563,82.73687055837563,0.02,0.19,44.0,16.2,2.76,29.6,36.8,80.3,0.72,11.1,5.72,253.0,5.48,12.4,9.4,22.3,441.0,394.6,300.0,1.74,20.2,0.12,21.0,10.0,76.0
0.0,35.308825910931176,33.24291497975708,38.59178535606821,84.0960219478738,73.69953051643192,18.785260770975057,0.1272119815668203,136.0293103448276,1.1425579536370902,104.25520833333331,252.93801652892563,82.73687055837563,0.01,0.1,39.1,13.7,1.57,29.7,35.0,84.6,0.54,8.7,1.39,299.0,4.62,13.2,3.6,3.02,441.0,125.95,321.1,1.1,13.1,0.12,17.0,10.0,32.75
0.0,35.308825910931176,33.24291497975708,38.59178535606821,84.0960219478738,73.69953051643192,18.785260770975057,0.1272119815668203,136.0293103448276,1.1425579536370902,104.25520833333331,252.93801652892563,82.73687055837563,0.02,0.01,41.0,13.8,1.17,28.2,33.7,83.8,0.57,10.3,4.1,234.0,4.89,13.0,5.9,5.49,441.0,125.95,321.1,1.1,13.1,0.12,17.0,10.0,32.75
0.0,35.308825910931176,33.24291497975708,38.59178535606821,84.0960219478738,73.69953051643192,18.785260770975057,0.1272119815668203,136.0293103448276,1.1425579536370902,104.25520833333331,252.93801652892563,82.73687055837563,0.04,0.11,49.6,16.2,3.22,27.2,32.7,83.2,0.66,10.9,3.46,283.0,5.96,13.2,7.5,12.8,441.0,984.1,321.1,1.1,13.1,0.12,34.0,10.0,32.75
0.0,35.308825910931176,33.24291497975708,38.59178535606821,84.0960219478738,73.69953051643192,18.785260770975057,0.1272119815668203,136.0293103448276,1.1425579536370902,104.25520833333331,252.93801652892563,82.73687055837563,0.01,0.17,38.5,12.9,1.43,27.3,33.5,81.6,0.66,10.0,6.41,206.0,4.72,12.8,8.7,49.6,441.0,464.6,359.7,1.1,13.1,0.12,14.0,10.0,32.75
0.0,35.308825910931176,33.24291497975708,38.59178535606821,84.0960219478738,73.69953051643192,18.785260770975057,0.1272119815668203,136.0293103448276,1.1425579536370902,104.25520833333331,252.93801652892563,82.73687055837563,0.04,0.1,44.3,15.3,2.85,29.1,34.5,84.4,0.62,9.1,4.14,255.0,5.25,13.4,7.8,3.02,441.0,91.7,321.1,1.1,13.1,0.12,2.0,10.0,32.75
0.0,35.308825910931176,33.24291497975708,38.59178535606821,84.0960219478738,73.69953051643192,18.785260770975057,0.1272119815668203,136.0293103448276,1.1425579536370902,104.25520833333331,252.93801652892563,82.73687055837563,0.02,0.01,38.6,13.8,0.74,29.9,35.8,83.5,1.11,10.3,8.67,399.0,4.62,12.7,10.6,3.02,441.0,125.95,321.1,1.1,13.1,0.12,17.0,10.0,32.75
0.0,35.308825910931176,33.24291497975708,38.59178535606821,84.0960219478738,73.69953051643192,18.785260770975057,0.1272119815668203,136.0293103448276,1.1425579536370902,104.25520833333331,252.93801652892563,82.73687055837563,0.03,0.1,45.0,14.2,2.51,21.5,31.6,68.0,0.36,11.8,2.63,151.0,6.62,14.0,5.6,91.1,441.0,125.95,321.1,1.1,13.1,0.12,17.0,10.0,32.75
0.0,35.308825910931176,33.24291497975708,38.59178535606821,84.0960219478738,73.69953051643192,18.785260770975057,0.1272119815668203,136.0293103448276,1.1425579536370902,104.25520833333331,252.93801652892563,82.73687055837563,0.02,0.03,35.2,12.0,1.33,28.1,34.1,82.4,0.5,11.1,2.35,70.0,4.27,13.0,4.2,3.02,256.0,125.95,321.1,1.1,13.1,0.12,17.0,10.0,32.75
0.0,35.308825910931176,33.24291497975708,38.59178535606821,84.0960219478738,73.69953051643192,18.785260770975057,0.1272119815668203,136.0293103448276,1.1425579536370902,104.25520833333331,252.93801652892563,82.73687055837563,0.07,0.41,49.5,17.1,3.07,28.1,34.5,81.4,0.81,9.9,4.76,319.0,6.08,12.7,9.1,46.6,441.0,648.3,373.18,1.1,13.1,29.0,17.0,10.0,32.75
0.0,35.308825910931176,33.24291497975708,38.59178535606821,84.0960219478738,73.69953051643192,18.785260770975057,0.1272119815668203,136.0293103448276,1.1425579536370902,104.25520833333331,252.93801652892563,82.73687055837563,0.01,0.0,46.8,16.2,1.11,26.4,34.6,76.3,0.46,10.4,3.22,243.0,6.13,13.2,4.8,3.02,120.0,113.1,406.14,1.18,14.0,0.12,17.0,10.0,23.5
0.0,35.308825910931176,33.24291497975708,38.59178535606821,84.0960219478738,73.69953051643192,18.785260770975057,0.1272119815668203,136.0293103448276,1.1425579536370902,104.25520833333331,252.93801652892563,82.73687055837563,0.0,0.01,29.4,10.1,1.31,35.7,34.4,103.9,0.33,11.7,0.68,146.0,2.83,16.0,2.3,3.02,441.0,125.95,321.1,1.1,13.1,0.12,17.0,10.0,32.75
0.0,35.308825910931176,33.24291497975708,38.59178535606821,84.0960219478738,73.69953051643192,18.785260770975057,0.1272119815668203,136.0293103448276,1.1425579536370902,104.25520833333331,252.93801652892563,82.73687055837563,0.05,0.09,45.5,16.2,1.55,31.6,35.6,88.9,1.28,9.6,4.18,196.0,5.12,12.2,7.2,25.0,441.0,125.95,321.1,1.1,13.1,0.12,17.0,10.0,32.75
0.0,35.308825910931176,33.24291497975708,38.59178535606821,84.0960219478738,73.69953051643192,18.785260770975057,0.1272119815668203,136.0293103448276,1.1425579536370902,104.25520833333331,252.93801652892563,82.73687055837563,0.03,0.05,52.0,16.8,1.41,28.9,32.3,89.3,0.68,10.6,5.52,172.0,5.82,14.0,7.7,3.63,441.0,125.95,321.1,1.1,13.1,0.12,17.0,10.0,32.75
0.0,35.308825910931176,33.24291497975708,38.59178535606821,84.0960219478738,73.69953051643192,18.785260770975057,0.1272119815668203,136.0293103448276,1.1425579536370902,104.25520833333331,252.93801652892563,82.73687055837563,0.02,0.01,27.1,8.2,1.65,23.8,30.3,78.8,0.57,9.3,11.25,335.0,3.44,16.4,13.5,3.02,441.0,33.3,346.56,1.1,13.1,0.12,19.0,10.0,32.75
0.0,35.308825910931176,33.24291497975708,38.59178535606821,84.0960219478738,73.69953051643192,18.785260770975057,0.1272119815668203,136.0293103448276,1.1425579536370902,104.25520833333331,252.93801652892563,82.73687055837563,0.05,0.4,33.0,11.3,1.63,27.5,34.2,80.3,0.92,10.3,5.65,311.0,4.11,12.5,8.7,16.3,1190.7,225.6,334.82,0.98,11.8,0.12,17.0,10.0,29.0
0.0,35.308825910931176,33.24291497975708,38.59178535606821,84.0960219478738,73.69953051643192,18.785260770975057,0.1272119815668203,136.0293103448276,1.1425579536370902,104.25520833333331,252.93801652892563,82.73687055837563,0.03,0.19,38.6,12.1,1.75,27.4,31.3,87.3,0.5,10.5,2.77,279.0,4.42,14.5,5.2,7.53,441.0,334.2,305.69,1.45,17.0,0.12,17.0,10.0,43.8
0.0,35.308825910931176,33.24291497975708,38.59178535606821,84.0960219478738,73.69953051643192,18.785260770975057,0.1272119815668203,136.0293103448276,1.1425579536370902,104.25520833333331,252.93801652892563,82.73687055837563,0.01,0.14,36.8,13.2,1.55,27.3,35.9,76.0,0.64,9.5,5.98,262.0,4.84,12.3,8.3,153.0,441.0,125.95,321.1,1.1,13.1,0.12,17.0,10.0,32.75
0.0,35.308825910931176,33.24291497975708,38.59178535606821,84.0960219478738,73.69953051643192,18.785260770975057,0.1272119815668203,136.0293103448276,1.1425579536370902,104.25520833333331,252.93801652892563,82.73687055837563,0.02,0.0,44.4,14.5,1.43,26.2,32.7,80.3,0.8,9.9,14.23,377.0,5.53,14.1,16.5,23.8,441.0,125.95,321.1,1.1,13.1,0.12,17.0,10.0,32.75
0.0,35.308825910931176,33.24291497975708,38.59178535606821,84.0960219478738,73.69953051643192,18.785260770975057,0.1272119815668203,136.0293103448276,1.1425579536370902,104.25520833333331,252.93801652892563,82.73687055837563,0.04,0.01,44.1,14.3,1.16,28.4,32.4,87.7,0.53,11.2,4.53,192.0,5.03,12.7,6.3,21.4,441.0,125.95,321.1,1.1,13.1,0.12,17.0,10.0,32.75
0.0,35.308825910931176,33.24291497975708,38.59178535606821,84.0960219478738,73.69953051643192,18.785260770975057,0.1272119815668203,136.0293103448276,1.1425579536370902,104.25520833333331,252.93801652892563,82.73687055837563,0.03,0.04,43.3,14.2,2.21,27.0,32.8,82.3,0.4,9.7,1.65,209.0,5.26,12.7,4.3,21.3,441.0,125.95,321.1,1.1,13.1,0.12,17.0,10.0,32.75
0.0,35.308825910931176,33.24291497975708,38.59178535606821,84.0960219478738,73.69953051643192,18.785260770975057,0.1272119815668203,136.0293103448276,1.1425579536370902,104.25520833333331,252.93801652892563,82.73687055837563,0.02,0.01,40.8,13.4,1.1,26.7,32.8,81.4,0.21,9.4,3.96,257.0,5.01,13.2,5.3,51.1,893.0,269.3,354.74,1.1,13.1,0.12,33.0,10.0,32.75
0.0,35.308825910931176,33.24291497975708,38.59178535606821,84.0960219478738,73.69953051643192,18.785260770975057,0.1272119815668203,136.0293103448276,1.1425579536370902,104.25520833333331,252.93801652892563,82.73687055837563,0.02,0.0,35.5,11.2,0.4,30.0,31.5,95.2,0.45,10.5,6.45,201.0,3.73,13.2,7.3,31.9,441.0,129.5,331.26,1.1,13.1,0.12,16.0,10.0,32.75
0.0,35.308825910931176,33.24291497975708,38.59178535606821,84.0960219478738,73.69953051643192,18.785260770975057,0.1272119815668203,136.0293103448276,1.1425579536370902,104.25520833333331,252.93801652892563,82.73687055837563,0.01,0.03,44.8,14.5,1.27,28.8,32.4,89.1,0.37,10.2,1.92,139.0,5.03,12.3,3.6,3.02,191.0,96.7,267.4,1.04,12.4,0.12,6.0,10.0,27.4
0.0,35.308825910931176,33.24291497975708,38.59178535606821,84.0960219478738,73.69953051643192,18.785260770975057,0.1272119815668203,136.0293103448276,1.1425579536370902,104.25520833333331,252.93801652892563,82.73687055837563,0.03,0.1,45.8,15.5,1.89,27.8,33.8,82.1,0.69,10.5,4.9,321.0,5.58,12.6,7.6,161.0,441.0,505.8,321.1,1.07,12.8,0.12,88.0,16.0,35.1
0.0,35.308825910931176,33.24291497975708,38.59178535606821,84.0960219478738,73.69953051643192,18.785260770975057,0.1272119815668203,136.0293103448276,1.1425579536370902,104.25520833333331,252.93801652892563,82.73687055837563,0.09,0.34,46.4,16.4,2.27,31.1,35.3,88.0,0.6,9.9,4.35,205.0,5.27,12.8,7.7,3.24,619.0,125.95,314.72,1.04,12.4,0.12,17.0,10.0,39.8
0.0,35.308825910931176,33.24291497975708,38.59178535606821,84.0960219478738,73.69953051643192,18.785260770975057,0.1272119815668203,136.0293103448276,1.1425579536370902,104.25520833333331,252.93801652892563,82.73687055837563,0.02,0.09,29.9,10.3,0.6,27.2,34.4,79.1,0.5,13.4,8.83,129.0,3.78,13.9,10.0,121.0,441.0,125.95,321.1,1.1,13.1,0.12,17.0,10.0,32.75
0.0,35.308825910931176,33.24291497975708,38.59178535606821,84.0960219478738,73.69953051643192,18.785260770975057,0.1272119815668203,136.0293103448276,1.1425579536370902,104.25520833333331,252.93801652892563,82.73687055837563,0.05,0.19,45.0,15.1,2.41,29.8,33.6,88.8,1.31,10.7,10.13,250.0,5.07,12.2,14.1,3.14,255.03,125.95,321.1,1.1,13.1,0.12,17.0,10.0,32.75
0.0,35.308825910931176,33.24291497975708,38.59178535606821,84.0960219478738,73.69953051643192,18.785260770975057,0.1272119815668203,136.0293103448276,1.1425579536370902,104.25520833333331,252.93801652892563,82.73687055837563,0.01,0.02,43.8,14.9,0.89,28.3,34.0,83.3,0.35,10.9,2.62,153.0,5.26,12.6,3.9,18.2,441.0,912.0,350.0,1.1,13.1,0.12,11.0,10.0,32.75
0.0,35.308825910931176,33.24291497975708,38.59178535606821,84.0960219478738,73.69953051643192,18.785260770975057,0.1272119815668203,136.0293103448276,1.1425579536370902,104.25520833333331,252.93801652892563,82.73687055837563,0.08,0.0,40.9,14.1,1.41,30.7,34.5,88.9,0.69,10.6,8.03,435.0,4.6,13.4,10.2,98.5,441.0,1254.7,327.79,1.02,12.2,24.0,17.0,10.0,43.3
0.0,35.308825910931176,33.24291497975708,38.59178535606821,84.0960219478738,73.69953051643192,18.785260770975057,0.1272119815668203,136.0293103448276,1.1425579536370902,104.25520833333331,252.93801652892563,82.73687055837563,0.03,0.08,35.7,11.4,1.52,25.4,31.9,79.7,0.48,9.1,3.95,233.0,4.48,13.7,6.1,12.1,1000.0,231.0,418.62,1.07,12.8,0.12,31.0,10.0,34.1
0.0,35.308825910931176,33.24291497975708,38.59178535606821,84.0960219478738,73.69953051643192,18.785260770975057,0.1272119815668203,136.0293103448276,1.1425579536370902,104.25520833333331,252.93801652892563,82.73687055837563,0.02,0.12,39.1,12.7,1.58,28.7,32.5,88.5,0.47,11.3,7.99,207.0,4.42,14.2,10.2,22.8,1594.86,439.5,321.1,1.19,14.1,0.12,17.0,10.0,32.75
0.0,35.308825910931176,33.24291497975708,38.59178535606821,84.0960219478738,73.69953051643192,18.785260770975057,0.1272119815668203,136.0293103448276,1.1425579536370902,104.25520833333331,252.93801652892563,82.73687055837563,0.05,0.11,35.8,11.4,0.55,29.2,31.8,91.6,0.52,10.3,7.18,328.0,3.91,15.7,8.4,44.9,441.0,125.95,321.1,1.1,13.1,17.0,17.0,10.0,32.75
0.0,35.308825910931176,33.24291497975708,38.59178535606821,84.0960219478738,73.69953051643192,18.785260770975057,0.1272119815668203,136.0293103448276,1.1425579536370902,104.25520833333331,252.93801652892563,82.73687055837563,0.02,0.04,47.5,15.9,2.04,29.1,33.5,87.0,1.04,10.6,2.01,244.0,5.46,13.2,5.2,131.0,441.0,125.95,321.1,1.1,13.1,0.12,17.0,10.0,32.75
0.0,35.308825910931176,33.24291497975708,38.59178535606821,84.0960219478738,73.69953051643192,18.785260770975057,0.1272119815668203,136.0293103448276,1.1425579536370902,104.25520833333331,252.93801652892563,82.73687055837563,0.04,0.12,44.1,15.1,1.35,27.6,34.2,80.5,0.42,9.2,3.65,180.0,5.48,12.1,5.6,5.67,679.37,89.6,302.81,1.07,12.8,0.12,17.0,10.0,29.9
0.0,35.308825910931176,33.24291497975708,38.59178535606821,84.0960219478738,73.69953051643192,18.785260770975057,0.1272119815668203,136.0293103448276,1.1425579536370902,104.25520833333331,252.93801652892563,82.73687055837563,0.01,0.04,40.4,13.7,1.04,28.9,33.9,85.2,0.41,9.3,2.46,141.0,4.74,12.2,4.0,3.02,441.0,61.9,321.1,1.1,13.1,0.12,8.0,10.0,32.75
0.0,35.308825910931176,33.24291497975708,38.59178535606821,84.0960219478738,73.69953051643192,18.785260770975057,0.1272119815668203,136.0293103448276,1.1425579536370902,104.25520833333331,252.93801652892563,82.73687055837563,0.03,0.05,48.5,17.0,2.4,30.9,35.1,88.2,0.89,10.6,4.2,271.0,5.5,11.9,7.6,8.41,441.0,268.1,308.63,1.14,13.6,0.12,17.0,10.0,34.8
0.0,35.308825910931176,33.24291497975708,38.59178535606821,84.0960219478738,73.69953051643192,18.785260770975057,0.1272119815668203,136.0293103448276,1.1425579536370902,104.25520833333331,252.93801652892563,82.73687055837563,0.0,0.03,39.7,13.6,0.69,28.5,34.3,83.2,0.45,10.2,2.21,128.0,4.77,12.8,3.4,3.02,441.0,99.0,321.1,1.1,13.1,0.12,2.0,10.0,32.75
0.0,35.308825910931176,33.24291497975708,38.59178535606821,84.0960219478738,73.69953051643192,18.785260770975057,0.1272119815668203,136.0293103448276,1.1425579536370902,104.25520833333331,252.93801652892563,82.73687055837563,0.05,0.49,33.6,10.6,0.89,30.9,31.5,98.0,0.54,10.3,5.08,263.0,3.43,12.6,7.1,43.2,441.0,313.5,346.06,1.29,15.3,0.12,36.0,10.0,50.7
0.0,35.308825910931176,33.24291497975708,38.59178535606821,84.0960219478738,73.69953051643192,18.785260770975057,0.1272119815668203,136.0293103448276,1.1425579536370902,104.25520833333331,252.93801652892563,82.73687055837563,0.01,0.01,48.6,14.7,0.93,24.7,30.2,81.5,0.51,10.1,1.35,104.0,5.96,17.4,2.8,180.0,1710.0,125.95,501.36,0.94,11.3,92.0,17.0,10.0,28.6
0.0,35.308825910931176,33.24291497975708,38.59178535606821,84.0960219478738,73.69953051643192,18.785260770975057,0.1272119815668203,136.0293103448276,1.1425579536370902,104.25520833333331,252.93801652892563,82.73687055837563,0.03,0.17,40.6,13.6,1.76,28.2,33.5,84.2,0.37,10.3,3.32,201.0,4.82,11.7,5.7,69.5,441.0,125.95,321.1,1.1,13.1,0.12,17.0,10.0,32.75
0.0,35.308825910931176,33.24291497975708,38.59178535606821,84.0960219478738,73.69953051643192,18.785260770975057,0.1272119815668203,136.0293103448276,1.1425579536370902,104.25520833333331,252.93801652892563,82.73687055837563,0.01,0.01,41.9,13.7,1.33,29.6,32.7,90.5,0.53,9.2,2.71,157.0,4.63,12.3,4.6,3.02,197.0,201.7,321.1,1.1,13.1,0.12,17.0,10.0,32.75
0.0,35.308825910931176,33.24291497975708,38.59178535606821,84.0960219478738,73.69953051643192,18.785260770975057,0.1272119815668203,136.0293103448276,1.1425579536370902,104.25520833333331,252.93801652892563,82.73687055837563,0.03,0.09,28.2,9.2,0.79,30.4,32.6,93.1,0.81,9.3,19.16,197.0,3.03,13.7,20.9,10.1,441.0,125.95,321.1,1.1,13.1,0.12,17.0,10.0,32.75
0.0,35.308825910931176,33.24291497975708,38.59178535606821,84.0960219478738,73.69953051643192,18.785260770975057,0.1272119815668203,136.0293103448276,1.1425579536370902,104.25520833333331,252.93801652892563,82.73687055837563,0.03,0.15,40.5,13.5,1.28,29.4,33.3,88.2,0.94,10.6,6.09,230.0,4.59,12.7,8.5,73.7,441.0,336.6,350.0,1.16,13.8,0.12,17.0,1900.0,35.6
0.0,35.308825910931176,33.24291497975708,38.59178535606821,84.0960219478738,73.69953051643192,18.785260770975057,0.1272119815668203,136.0293103448276,1.1425579536370902,104.25520833333331,252.93801652892563,82.73687055837563,0.04,0.12,43.5,14.6,0.83,30.5,33.6,91.0,0.36,10.7,3.3,154.0,4.78,12.0,4.7,156.0,441.0,389.8,321.1,1.1,13.1,42.0,15.0,10.0,32.75
0.0,35.308825910931176,33.24291497975708,38.59178535606821,84.0960219478738,73.69953051643192,18.785260770975057,0.1272119815668203,136.0293103448276,1.1425579536370902,104.25520833333331,252.93801652892563,82.73687055837563,0.02,0.05,44.9,15.9,2.11,29.1,35.4,82.1,0.82,9.5,4.65,253.0,5.47,12.0,7.7,3.79,1350.0,556.8,321.1,1.13,13.5,0.12,17.0,10.0,32.0
0.0,35.308825910931176,33.24291497975708,38.59178535606821,84.0960219478738,73.69953051643192,18.785260770975057,0.1272119815668203,136.0293103448276,1.1425579536370902,104.25520833333331,252.93801652892563,82.73687055837563,0.02,0.06,47.5,16.7,1.57,28.9,35.2,82.3,0.36,9.8,3.45,258.0,5.77,11.4,5.5,3.1,441.0,125.95,321.1,1.1,13.1,0.12,17.0,10.0,32.75
0.0,35.308825910931176,33.24291497975708,38.59178535606821,84.0960219478738,73.69953051643192,18.785260770975057,0.1272119815668203,136.0293103448276,1.1425579536370902,104.25520833333331,252.93801652892563,82.73687055837563,0.01,0.0,36.2,13.1,0.6,28.0,36.2,77.4,0.45,11.2,3.19,131.0,4.68,13.1,4.3,3.02,441.0,48.8,321.1,1.1,13.1,0.12,2.0,10.0,32.75
0.0,35.308825910931176,33.24291497975708,38.59178535606821,84.0960219478738,73.69953051643192,18.785260770975057,0.1272119815668203,136.0293103448276,1.1425579536370902,104.25520833333331,252.93801652892563,82.73687055837563,0.01,0.01,34.2,10.8,1.37,22.3,31.6,70.7,0.44,9.6,6.61,354.0,4.84,18.6,8.4,139.0,441.0,125.95,321.1,1.27,15.0,51.0,51.0,11.0,29.6
0.0,35.308825910931176,33.24291497975708,38.59178535606821,84.0960219478738,73.69953051643192,18.785260770975057,0.1272119815668203,136.0293103448276,1.1425579536370902,104.25520833333331,252.93801652892563,82.73687055837563,0.04,0.0,42.8,14.3,0.68,30.0,33.4,89.9,0.31,9.6,9.11,267.0,4.76,13.0,10.1,73.8,441.0,125.95,321.1,1.1,13.1,0.12,17.0,10.0,32.75
0.0,35.308825910931176,33.24291497975708,38.59178535606821,84.0960219478738,73.69953051643192,18.785260770975057,0.1272119815668203,136.0293103448276,1.1425579536370902,104.25520833333331,252.93801652892563,82.73687055837563,0.05,0.05,43.5,15.8,2.46,30.9,36.3,85.1,0.97,9.8,3.57,187.0,5.11,12.3,7.1,22.8,441.0,0.0,455.19,1.0,12.0,13.0,17.0,10.0,32.75
0.0,35.308825910931176,33.24291497975708,38.59178535606821,84.0960219478738,73.69953051643192,18.785260770975057,0.1272119815668203,136.0293103448276,1.1425579536370902,104.25520833333331,252.93801652892563,82.73687055837563,0.05,0.16,29.3,9.2,1.07,22.6,31.4,72.0,1.22,9.0,14.18,400.0,4.07,16.6,16.7,9.87,441.0,125.95,321.1,1.1,13.1,0.12,17.0,10.0,32.75
0.0,35.308825910931176,33.24291497975708,38.59178535606821,84.0960219478738,73.69953051643192,18.785260770975057,0.1272119815668203,136.0293103448276,1.1425579536370902,104.25520833333331,252.93801652892563,82.73687055837563,0.01,0.0,36.2,11.9,0.37,27.1,32.9,82.5,0.62,11.3,5.04,153.0,4.39,14.0,6.0,23.8,362.73,105.9,290.7,1.1,13.1,0.12,3.0,10.0,32.75
0.0,35.308825910931176,33.24291497975708,38.59178535606821,84.0960219478738,73.69953051643192,18.785260770975057,0.1272119815668203,136.0293103448276,1.1425579536370902,104.25520833333331,252.93801652892563,82.73687055837563,0.01,0.01,47.5,14.3,1.84,23.5,30.1,78.0,0.46,9.9,2.9,222.0,6.09,16.2,5.2,3.02,441.0,399.4,321.1,1.1,13.1,0.12,20.0,10.0,32.75
0.0,35.308825910931176,33.24291497975708,38.59178535606821,84.0960219478738,73.69953051643192,18.785260770975057,0.1272119815668203,136.0293103448276,1.1425579536370902,104.25520833333331,252.93801652892563,82.73687055837563,0.01,0.0,34.7,11.8,0.74,28.6,34.0,84.2,0.23,12.3,2.87,130.0,4.12,13.5,3.9,3.02,441.0,33.3,321.1,1.1,13.1,0.12,13.0,10.0,32.75
0.0,35.308825910931176,33.24291497975708,38.59178535606821,84.0960219478738,73.69953051643192,18.785260770975057,0.1272119815668203,136.0293103448276,1.1425579536370902,104.25520833333331,252.93801652892563,82.73687055837563,0.02,0.0,34.8,11.6,1.25,27.4,33.3,82.1,0.62,11.1,11.01,362.0,4.24,13.8,12.9,96.2,441.0,125.95,321.1,1.1,13.1,0.12,17.0,10.0,32.75
0.0,35.308825910931176,33.24291497975708,38.59178535606821,84.0960219478738,73.69953051643192,18.785260770975057,0.1272119815668203,136.0293103448276,1.1425579536370902,104.25520833333331,252.93801652892563,82.73687055837563,0.01,0.0,37.6,12.1,0.57,26.0,32.2,80.7,0.13,9.9,7.43,296.0,4.66,14.4,8.1,32.5,1161.06,89.3,406.34,1.09,13.0,18.0,17.0,10.0,32.75
0.0,35.308825910931176,33.24291497975708,38.59178535606821,84.0960219478738,73.69953051643192,18.785260770975057,0.1272119815668203,136.0293103448276,1.1425579536370902,104.25520833333331,252.93801652892563,82.73687055837563,0.02,0.0,38.5,13.0,0.82,26.6,33.8,78.9,0.6,11.0,7.88,297.0,4.88,14.3,9.3,3.02,441.0,176.3,321.1,1.1,13.1,0.12,17.0,10.0,32.75
0.0,35.308825910931176,33.24291497975708,38.59178535606821,84.0960219478738,73.69953051643192,18.785260770975057,0.1272119815668203,136.0293103448276,1.1425579536370902,104.25520833333331,252.93801652892563,82.73687055837563,0.01,0.0,41.0,13.3,0.55,25.9,32.4,79.8,0.45,11.3,7.85,162.0,5.14,15.6,8.9,35.5,675.48,77.2,346.06,1.13,13.5,13.0,35.0,10.0,31.7
0.0,35.308825910931176,33.24291497975708,38.59178535606821,84.0960219478738,73.69953051643192,18.785260770975057,0.1272119815668203,136.0293103448276,1.1425579536370902,104.25520833333331,252.93801652892563,82.73687055837563,0.01,0.03,42.5,14.6,1.56,28.7,34.4,83.7,0.52,10.2,2.14,245.0,5.08,12.8,4.3,25.3,441.0,125.95,321.1,1.1,13.1,0.12,17.0,10.0,32.75
0.0,35.308825910931176,33.24291497975708,38.59178535606821,84.0960219478738,73.69953051643192,18.785260770975057,0.1272119815668203,136.0293103448276,1.1425579536370902,104.25520833333331,252.93801652892563,82.73687055837563,0.02,0.03,38.3,13.4,1.88,28.5,35.0,81.3,0.79,8.5,6.02,265.0,4.71,13.4,8.7,3.14,870.52,125.95,321.1,1.1,13.1,0.12,17.0,10.0,32.75
0.0,35.308825910931176,33.24291497975708,38.59178535606821,84.0960219478738,73.69953051643192,18.785260770975057,0.1272119815668203,136.0293103448276,1.1425579536370902,104.25520833333331,252.93801652892563,82.73687055837563,0.01,0.0,42.1,14.6,0.83,30.2,34.7,87.2,0.55,9.2,6.24,271.0,4.83,12.0,7.6,7.43,441.0,38.2,386.05,1.1,13.1,0.12,17.0,10.0,32.75
0.0,35.308825910931176,33.24291497975708,38.59178535606821,84.0960219478738,73.69953051643192,18.785260770975057,0.1272119815668203,136.0293103448276,1.1425579536370902,104.25520833333331,252.93801652892563,82.73687055837563,0.06,0.23,39.4,13.3,1.7,29.9,33.8,88.5,0.38,10.5,2.69,217.0,4.45,12.9,5.1,141.0,441.0,614.4,346.06,1.1,13.1,0.12,120.0,10.0,32.75
0.0,35.308825910931176,33.24291497975708,38.59178535606821,84.0960219478738,73.69953051643192,18.785260770975057,0.1272119815668203,136.0293103448276,1.1425579536370902,104.25520833333331,252.93801652892563,82.73687055837563,0.07,0.22,33.1,11.1,3.14,29.1,33.5,86.9,0.64,11.3,3.32,122.0,3.81,12.6,7.4,7.41,441.0,1237.3,321.1,1.1,13.1,0.12,17.0,10.0,32.75
0.0,35.308825910931176,33.24291497975708,38.59178535606821,84.0960219478738,73.69953051643192,18.785260770975057,0.1272119815668203,136.0293103448276,1.1425579536370902,104.25520833333331,252.93801652892563,82.73687055837563,0.01,0.0,40.3,13.8,0.71,28.0,34.2,81.7,0.25,9.0,5.09,282.0,4.93,13.5,6.1,33.0,441.0,221.1,346.06,1.1,13.1,0.12,114.0,10.0,32.75
0.0,35.308825910931176,33.24291497975708,38.59178535606821,84.0960219478738,73.69953051643192,18.785260770975057,0.1272119815668203,136.0293103448276,1.1425579536370902,104.25520833333331,252.93801652892563,82.73687055837563,0.01,0.05,25.1,8.6,0.92,29.1,34.3,84.8,0.26,11.0,1.07,85.0,2.96,12.4,2.3,15.7,1190.0,158.6,338.47,1.1,13.1,0.12,69.0,10.0,32.75
0.0,35.308825910931176,33.24291497975708,38.59178535606821,84.0960219478738,73.69953051643192,18.785260770975057,0.1272119815668203,136.0293103448276,1.1425579536370902,104.25520833333331,252.93801652892563,82.73687055837563,0.03,0.1,33.8,11.5,2.01,29.3,34.0,86.2,0.41,10.9,4.07,388.0,3.92,12.7,6.6,71.4,441.0,125.95,321.1,0.98,11.8,0.12,67.0,10.0,29.1
0.0,35.308825910931176,33.24291497975708,38.59178535606821,84.0960219478738,73.69953051643192,18.785260770975057,0.1272119815668203,136.0293103448276,1.1425579536370902,104.25520833333331,252.93801652892563,82.73687055837563,0.01,0.03,39.1,13.2,1.01,26.2,33.8,77.7,0.4,10.6,4.27,309.0,5.03,13.1,5.7,3.02,441.0,277.5,285.0,2.27,26.0,0.12,2.0,10.0,23.3
0.0,35.308825910931176,33.24291497975708,38.59178535606821,84.0960219478738,73.69953051643192,18.785260770975057,0.1272119815668203,136.0293103448276,1.1425579536370902,104.25520833333331,252.93801652892563,82.73687055837563,0.01,0.27,23.4,7.2,0.33,22.1,30.8,71.8,0.32,11.6,4.19,164.0,3.26,19.0,5.1,30.3,421.0,138.4,334.82,1.1,13.1,0.12,29.0,10.0,32.75
0.0,35.308825910931176,33.24291497975708,38.59178535606821,84.0960219478738,73.69953051643192,18.785260770975057,0.1272119815668203,136.0293103448276,1.1425579536370902,104.25520833333331,252.93801652892563,82.73687055837563,0.02,0.0,30.1,9.9,1.16,26.2,32.9,79.6,0.61,9.6,6.37,493.0,3.78,16.3,8.2,69.8,830.65,929.6,406.34,1.1,13.1,0.12,78.0,10.0,32.75
0.0,35.308825910931176,33.24291497975708,38.59178535606821,84.0960219478738,73.69953051643192,18.785260770975057,0.1272119815668203,136.0293103448276,1.1425579536370902,104.25520833333331,252.93801652892563,82.73687055837563,0.02,0.02,42.5,14.7,1.75,29.5,34.6,85.3,0.22,12.1,3.15,140.0,4.98,13.2,5.2,3.02,441.0,125.95,245.9,1.1,13.1,0.12,5.0,10.0,32.75
0.0,35.308825910931176,33.24291497975708,38.59178535606821,84.0960219478738,73.69953051643192,18.785260770975057,0.1272119815668203,136.0293103448276,1.1425579536370902,104.25520833333331,252.93801652892563,82.73687055837563,0.02,0.0,40.7,14.3,0.71,29.2,35.1,83.1,0.26,10.2,5.21,360.0,4.9,12.4,6.2,16.7,441.0,196.2,321.1,1.1,13.1,17.0,52.0,10.0,32.75
0.0,35.308825910931176,33.24291497975708,38.59178535606821,84.0960219478738,73.69953051643192,18.785260770975057,0.1272119815668203,136.0293103448276,1.1425579536370902,104.25520833333331,252.93801652892563,82.73687055837563,0.02,0.0,36.0,12.8,0.88,28.5,35.6,80.2,0.46,8.4,8.79,379.0,4.49,12.8,10.2,10.0,441.0,242.7,321.1,1.08,12.9,57.0,46.0,10.0,28.6
0.0,35.308825910931176,33.24291497975708,38.59178535606821,84.0960219478738,73.69953051643192,18.785260770975057,0.1272119815668203,136.0293103448276,1.1425579536370902,104.25520833333331,252.93801652892563,82.73687055837563,0.04,0.19,33.6,11.3,2.48,29.5,33.6,87.7,0.97,11.5,4.0,236.0,3.83,12.1,7.7,78.6,654.0,125.95,501.36,1.14,13.6,0.12,17.0,10.0,58.6
0.0,35.308825910931176,33.24291497975708,38.59178535606821,84.0960219478738,73.69953051643192,18.785260770975057,0.1272119815668203,136.0293103448276,1.1425579536370902,104.25520833333331,252.93801652892563,82.73687055837563,0.01,0.0,32.7,10.7,0.36,27.5,32.7,84.1,0.38,11.3,8.56,235.0,3.89,14.1,9.3,11.7,441.0,90.7,421.1,1.1,13.1,15.0,17.0,10.0,32.75
0.0,35.308825910931176,33.24291497975708,38.59178535606821,84.0960219478738,73.69953051643192,18.785260770975057,0.1272119815668203,136.0293103448276,1.1425579536370902,104.25520833333331,252.93801652892563,82.73687055837563,0.01,0.0,38.4,12.3,0.67,26.9,32.0,83.8,0.11,9.6,2.54,176.0,4.58,13.9,3.3,33.3,441.0,125.95,321.1,1.1,13.1,0.12,17.0,10.0,32.75
0.0,35.308825910931176,33.24291497975708,38.59178535606821,84.0960219478738,73.69953051643192,18.785260770975057,0.1272119815668203,136.0293103448276,1.1425579536370902,104.25520833333331,252.93801652892563,82.73687055837563,0.04,0.12,32.9,11.2,1.79,30.1,34.0,88.4,0.71,11.3,2.09,334.0,3.72,12.1,4.8,30.5,122.46,106.8,314.72,1.1,13.1,14.0,21.0,10.0,32.75
0.0,35.308825910931176,33.24291497975708,38.59178535606821,84.0960219478738,73.69953051643192,18.785260770975057,0.1272119815668203,136.0293103448276,1.1425579536370902,104.25520833333331,252.93801652892563,82.73687055837563,0.0,0.0,37.8,12.8,0.44,24.9,33.9,73.4,0.42,10.6,10.79,234.0,5.15,14.1,11.7,122.0,441.0,125.95,321.1,1.18,14.0,0.12,59.0,10.0,28.5
0.0,35.308825910931176,33.24291497975708,38.59178535606821,84.0960219478738,73.69953051643192,18.785260770975057,0.1272119815668203,136.0293103448276,1.1425579536370902,104.25520833333331,252.93801652892563,82.73687055837563,0.03,0.04,35.7,12.2,1.2,29.3,34.2,85.8,1.09,9.9,9.93,379.0,4.16,13.0,12.3,80.1,1576.67,160.1,441.55,1.09,13.0,0.12,17.0,180.0,32.75
0.0,35.308825910931176,33.24291497975708,38.59178535606821,84.0960219478738,73.69953051643192,18.785260770975057,0.1272119815668203,136.0293103448276,1.1425579536370902,104.25520833333331,252.93801652892563,82.73687055837563,0.01,0.0,38.3,13.2,1.72,29.1,34.5,84.4,0.57,9.6,3.39,176.0,4.54,12.3,5.7,3.14,524.2,125.95,290.7,0.99,11.9,0.12,28.0,10.0,30.4
0.0,35.308825910931176,33.24291497975708,38.59178535606821,84.0960219478738,73.69953051643192,18.785260770975057,0.1272119815668203,136.0293103448276,1.1425579536370902,104.25520833333331,252.93801652892563,82.73687055837563,0.05,0.23,28.3,8.4,1.3,20.0,29.7,67.5,0.59,9.4,8.51,355.0,4.19,19.9,10.7,20.7,441.0,153.4,321.1,1.1,13.1,0.12,37.0,10.0,32.75
0.0,35.308825910931176,33.24291497975708,38.59178535606821,84.0960219478738,73.69953051643192,18.785260770975057,0.1272119815668203,136.0293103448276,1.1425579536370902,104.25520833333331,252.93801652892563,82.73687055837563,0.02,0.02,38.4,12.3,1.2,28.1,32.0,87.7,0.5,12.7,3.17,163.0,4.38,12.8,4.9,44.9,441.0,303.4,352.34,1.14,13.6,0.12,40.0,10.0,34.7
0.0,35.308825910931176,33.24291497975708,38.59178535606821,84.0960219478738,73.69953051643192,18.785260770975057,0.1272119815668203,136.0293103448276,1.1425579536370902,104.25520833333331,252.93801652892563,82.73687055837563,0.03,0.02,31.4,10.3,1.11,27.3,32.8,83.3,0.44,12.4,3.11,123.0,3.77,12.7,4.7,13.2,895.0,20.9,308.63,1.1,13.1,0.12,17.0,10.0,32.75
0.0,35.308825910931176,33.24291497975708,38.59178535606821,84.0960219478738,73.69953051643192,18.785260770975057,0.1272119815668203,136.0293103448276,1.1425579536370902,104.25520833333331,252.93801652892563,82.73687055837563,0.02,0.02,38.9,13.5,2.44,29.6,34.7,85.3,0.5,9.7,1.86,197.0,4.56,11.9,4.8,3.02,441.0,125.95,321.1,1.1,13.1,0.12,17.0,10.0,32.75
0.0,35.308825910931176,33.24291497975708,38.59178535606821,84.0960219478738,73.69953051643192,18.785260770975057,0.1272119815668203,136.0293103448276,1.1425579536370902,104.25520833333331,252.93801652892563,82.73687055837563,0.01,0.0,40.7,14.1,0.81,26.9,34.6,77.7,0.21,10.8,3.73,133.0,5.24,14.0,4.8,3.14,248.59,54.9,339.9,1.14,13.6,0.12,17.0,10.0,30.5
0.0,35.308825910931176,33.24291497975708,38.59178535606821,84.0960219478738,73.69953051643192,18.785260770975057,0.1272119815668203,136.0293103448276,1.1425579536370902,104.25520833333331,252.93801652892563,82.73687055837563,0.0,0.0,0.0,0.0,0.0,0.0,0.0,0.0,0.0,10.389577103801797,0.0,0.0,0.0,0.0,0.4,3.14,84.09,125.95,321.1,1.1,13.1,0.12,17.0,10.0,32.75
0.0,35.308825910931176,33.24291497975708,38.59178535606821,84.0960219478738,73.69953051643192,18.785260770975057,0.1272119815668203,136.0293103448276,1.1425579536370902,104.25520833333331,252.93801652892563,82.73687055837563,0.01,0.08,37.9,12.6,1.08,28.1,33.2,84.6,0.31,9.7,1.28,225.0,4.48,14.0,2.8,15.2,645.0,229.7,479.27,1.1,13.1,29.0,31.0,10.0,32.75
0.0,35.308825910931176,33.24291497975708,38.59178535606821,84.0960219478738,73.69953051643192,18.785260770975057,0.1272119815668203,136.0293103448276,1.1425579536370902,104.25520833333331,252.93801652892563,82.73687055837563,0.02,0.06,39.0,13.1,0.57,29.4,33.6,87.4,0.43,10.2,3.92,203.0,4.46,12.4,5.0,86.1,441.0,206.8,338.47,1.1,13.1,0.12,34.0,10.0,32.9
0.0,35.308825910931176,33.24291497975708,38.59178535606821,84.0960219478738,73.69953051643192,18.785260770975057,0.1272119815668203,136.0293103448276,1.1425579536370902,104.25520833333331,252.93801652892563,82.73687055837563,0.02,0.03,39.7,13.4,1.39,30.9,33.8,91.5,0.37,11.0,2.19,165.0,4.34,12.2,4.0,23.0,848.38,267.9,338.47,1.09,13.0,0.12,73.0,10.0,25.5
0.0,35.308825910931176,33.24291497975708,38.59178535606821,84.0960219478738,73.69953051643192,18.785260770975057,0.1272119815668203,136.0293103448276,1.1425579536370902,104.25520833333331,252.93801652892563,82.73687055837563,0.01,0.02,39.9,13.8,1.97,27.2,34.6,78.7,0.84,9.6,3.96,241.0,5.07,13.2,6.8,18.9,883.0,298.4,346.06,1.04,12.5,0.12,17.0,10.0,29.9
0.0,35.308825910931176,33.24291497975708,38.59178535606821,84.0960219478738,73.69953051643192,18.785260770975057,0.1272119815668203,136.0293103448276,1.1425579536370902,104.25520833333331,252.93801652892563,82.73687055837563,0.02,0.06,35.8,12.0,1.82,27.0,33.5,80.6,0.48,11.1,4.03,276.0,4.44,13.6,6.4,3.14,441.0,302.2,399.26,0.96,11.5,17.0,61.0,10.0,26.2
0.0,35.308825910931176,33.24291497975708,38.59178535606821,84.0960219478738,73.69953051643192,18.785260770975057,0.1272119815668203,136.0293103448276,1.1425579536370902,104.25520833333331,252.93801652892563,82.73687055837563,0.02,0.0,34.8,12.4,1.0,27.7,35.6,77.9,0.4,9.7,8.13,358.0,4.47,12.6,9.6,9.4,441.0,61.7,336.67,1.13,13.5,15.0,16.0,10.0,22.8
0.0,35.308825910931176,33.24291497975708,38.59178535606821,84.0960219478738,73.69953051643192,18.785260770975057,0.1272119815668203,136.0293103448276,1.1425579536370902,104.25520833333331,252.93801652892563,82.73687055837563,0.01,0.02,38.1,12.9,1.01,29.8,33.9,88.0,0.34,9.7,3.28,199.0,4.33,13.0,4.7,3.02,441.0,280.1,318.61,1.1,13.1,0.12,17.0,10.0,32.75
0.0,35.308825910931176,33.24291497975708,38.59178535606821,84.0960219478738,73.69953051643192,18.785260770975057,0.1272119815668203,136.0293103448276,1.1425579536370902,104.25520833333331,252.93801652892563,82.73687055837563,0.01,0.01,33.2,11.1,0.78,27.3,33.4,81.8,0.25,11.0,1.89,181.0,4.06,13.4,2.9,6.94,416.96,39.9,310.34,1.02,12.2,0.12,16.0,10.0,31.7
0.0,35.308825910931176,33.24291497975708,38.59178535606821,84.0960219478738,73.69953051643192,18.785260770975057,0.1272119815668203,136.0293103448276,1.1425579536370902,104.25520833333331,252.93801652892563,82.73687055837563,0.01,0.01,36.8,13.2,1.12,30.1,35.9,84.0,0.47,9.9,5.0,242.0,4.38,12.2,6.6,50.3,597.14,522.2,417.31,1.06,12.7,0.12,17.0,14.0,33.5
0.0,35.308825910931176,33.24291497975708,38.59178535606821,84.0960219478738,73.69953051643192,18.785260770975057,0.1272119815668203,136.0293103448276,1.1425579536370902,104.25520833333331,252.93801652892563,82.73687055837563,0.0,0.0,34.8,12.3,0.63,30.4,35.3,85.9,0.38,9.8,3.89,296.0,4.05,12.2,4.9,18.0,441.0,125.95,321.1,1.1,13.1,0.12,17.0,10.0,32.75
0.0,35.308825910931176,33.24291497975708,38.59178535606821,84.0960219478738,73.69953051643192,18.785260770975057,0.1272119815668203,136.0293103448276,1.1425579536370902,104.25520833333331,252.93801652892563,82.73687055837563,0.0,0.0,28.4,8.3,0.5,18.9,29.2,64.7,0.11,10.389577103801797,4.25,209.0,4.39,21.9,4.9,5.56,404.0,55.0,292.18,1.1,13.1,0.12,12.0,10.0,32.75
0.0,35.308825910931176,33.24291497975708,38.59178535606821,84.0960219478738,73.69953051643192,18.785260770975057,0.1272119815668203,136.0293103448276,1.1425579536370902,104.25520833333331,252.93801652892563,82.73687055837563,0.08,0.05,37.5,12.4,2.2,29.7,33.1,89.9,0.8,10.0,4.14,171.0,4.17,14.0,7.3,82.9,441.0,35.2,321.1,1.1,13.1,0.12,66.0,10.0,32.75
0.0,35.308825910931176,33.24291497975708,38.59178535606821,84.0960219478738,73.69953051643192,18.785260770975057,0.1272119815668203,136.0293103448276,1.1425579536370902,104.25520833333331,252.93801652892563,82.73687055837563,0.02,0.0,36.5,12.3,1.38,28.0,33.7,83.1,0.58,10.0,9.5,369.0,4.39,14.1,11.5,163.0,678.0,125.95,376.08,1.12,13.3,51.0,49.0,10.0,32.8
0.0,35.308825910931176,33.24291497975708,38.59178535606821,84.0960219478738,73.69953051643192,18.785260770975057,0.1272119815668203,136.0293103448276,1.1425579536370902,104.25520833333331,252.93801652892563,82.73687055837563,0.03,0.07,35.6,11.9,1.2,27.2,33.4,81.5,0.5,10.3,2.15,175.0,4.37,12.9,4.0,3.02,463.0,19.6,334.82,1.1,13.1,0.12,12.0,10.0,32.75
0.0,35.308825910931176,33.24291497975708,38.59178535606821,84.0960219478738,73.69953051643192,18.785260770975057,0.1272119815668203,136.0293103448276,1.1425579536370902,104.25520833333331,252.93801652892563,82.73687055837563,0.0,0.0,32.7,11.4,1.17,28.9,34.9,82.8,0.28,11.4,5.29,140.0,3.95,12.4,6.7,34.5,441.0,81.5,305.69,1.1,13.1,26.0,17.0,10.0,32.75
0.0,35.308825910931176,33.24291497975708,38.59178535606821,84.0960219478738,73.69953051643192,18.785260770975057,0.1272119815668203,136.0293103448276,1.1425579536370902,104.25520833333331,252.93801652892563,82.73687055837563,0.04,0.07,42.5,14.5,1.74,27.1,34.1,79.3,0.4,10.0,1.97,138.0,5.36,12.2,4.2,66.4,647.0,238.9,321.1,1.52,17.8,0.12,17.0,10.0,101.0
0.0,35.308825910931176,33.24291497975708,38.59178535606821,84.0960219478738,73.69953051643192,18.785260770975057,0.1272119815668203,136.0293103448276,1.1425579536370902,104.25520833333331,252.93801652892563,82.73687055837563,0.03,0.05,45.3,14.6,2.42,27.4,32.2,85.0,0.42,12.0,3.53,180.0,5.33,14.2,6.5,65.2,441.0,416.1,321.1,1.1,13.1,0.12,34.0,10.0,32.75
0.0,35.308825910931176,33.24291497975708,38.59178535606821,84.0960219478738,73.69953051643192,18.785260770975057,0.1272119815668203,136.0293103448276,1.1425579536370902,104.25520833333331,252.93801652892563,82.73687055837563,0.03,0.0,29.3,9.7,0.92,20.7,33.1,62.6,0.55,12.4,14.38,283.0,4.68,15.5,15.9,3.02,441.0,125.95,321.1,1.1,13.1,0.12,17.0,10.0,32.75
0.0,35.308825910931176,33.24291497975708,38.59178535606821,84.0960219478738,73.69953051643192,18.785260770975057,0.1272119815668203,136.0293103448276,1.1425579536370902,104.25520833333331,252.93801652892563,82.73687055837563,0.05,0.01,34.5,11.8,1.63,27.1,34.2,79.1,1.05,9.6,10.96,367.0,4.36,13.4,13.7,82.3,441.0,51.3,385.27,1.28,15.1,0.12,74.0,10.0,51.7
0.0,35.308825910931176,33.24291497975708,38.59178535606821,84.0960219478738,73.69953051643192,18.785260770975057,0.1272119815668203,136.0293103448276,1.1425579536370902,104.25520833333331,252.93801652892563,82.73687055837563,0.01,0.0,39.9,12.8,0.62,27.9,32.1,87.1,0.3,10.3,6.27,182.0,4.58,14.2,7.2,3.51,441.0,26.9,300.0,1.09,13.0,0.12,13.0,10.0,28.5
0.0,35.308825910931176,33.24291497975708,38.59178535606821,84.0960219478738,73.69953051643192,18.785260770975057,0.1272119815668203,136.0293103448276,1.1425579536370902,104.25520833333331,252.93801652892563,82.73687055837563,0.05,0.17,44.9,14.9,1.98,26.6,33.2,80.2,0.72,8.9,3.79,273.0,5.6,13.3,6.7,6.76,835.0,76.7,493.64,1.1,13.1,0.12,16.0,10.0,32.75
0.0,35.308825910931176,33.24291497975708,38.59178535606821,84.0960219478738,73.69953051643192,18.785260770975057,0.1272119815668203,136.0293103448276,1.1425579536370902,104.25520833333331,252.93801652892563,82.73687055837563,0.01,0.0,35.0,12.0,0.89,27.8,34.3,81.0,0.3,10.1,4.98,291.0,4.32,14.1,6.2,6.5,398.0,66.7,486.28,1.1,13.1,0.12,11.0,10.0,32.75
0.0,35.308825910931176,33.24291497975708,38.59178535606821,84.0960219478738,73.69953051643192,18.785260770975057,0.1272119815668203,136.0293103448276,1.1425579536370902,104.25520833333331,252.93801652892563,82.73687055837563,0.01,0.0,36.9,12.0,1.07,29.3,32.5,90.0,0.34,9.4,2.23,150.0,4.1,12.2,3.7,10.1,759.0,48.8,324.41,1.1,13.1,0.12,17.0,10.0,32.75
0.0,35.308825910931176,33.24291497975708,38.59178535606821,84.0960219478738,73.69953051643192,18.785260770975057,0.1272119815668203,136.0293103448276,1.1425579536370902,104.25520833333331,252.93801652892563,82.73687055837563,0.01,0.0,41.8,14.8,0.68,29.0,35.4,82.0,0.89,9.5,6.5,391.0,5.1,12.2,8.1,18.3,1330.0,15.4,321.1,1.1,13.1,0.12,17.0,10.0,32.75
0.0,35.308825910931176,33.24291497975708,38.59178535606821,84.0960219478738,73.69953051643192,18.785260770975057,0.1272119815668203,136.0293103448276,1.1425579536370902,104.25520833333331,252.93801652892563,82.73687055837563,0.0,0.1,35.6,12.5,0.49,28.5,35.1,81.1,0.15,10.9,3.59,135.0,4.39,14.1,4.3,3.02,441.0,163.6,321.47,1.04,12.4,0.12,8.0,10.0,21.3
0.0,35.308825910931176,33.24291497975708,38.59178535606821,84.0960219478738,73.69953051643192,18.785260770975057,0.1272119815668203,136.0293103448276,1.1425579536370902,104.25520833333331,252.93801652892563,82.73687055837563,0.01,0.01,31.7,11.0,1.28,31.6,34.7,91.1,0.21,9.6,0.95,106.0,3.48,14.3,2.5,10.2,434.0,92.6,270.8,1.1,13.1,0.12,5.0,10.0,32.75
0.0,35.308825910931176,33.24291497975708,38.59178535606821,84.0960219478738,73.69953051643192,18.785260770975057,0.1272119815668203,136.0293103448276,1.1425579536370902,104.25520833333331,252.93801652892563,82.73687055837563,0.04,0.38,33.3,10.9,1.34,24.7,32.7,75.3,0.71,10.1,4.03,282.0,4.42,17.9,6.5,22.4,441.0,125.95,321.1,1.1,13.1,0.12,25.0,10.0,32.75
0.0,35.308825910931176,33.24291497975708,38.59178535606821,84.0960219478738,73.69953051643192,18.785260770975057,0.1272119815668203,136.0293103448276,1.1425579536370902,104.25520833333331,252.93801652892563,82.73687055837563,0.01,0.06,38.5,12.9,2.39,32.3,33.5,96.5,0.2,9.3,1.04,175.0,3.99,12.3,3.7,43.8,441.0,125.95,321.1,1.1,13.1,16.0,17.0,10.0,32.75
0.0,35.308825910931176,33.24291497975708,38.59178535606821,84.0960219478738,73.69953051643192,18.785260770975057,0.1272119815668203,136.0293103448276,1.1425579536370902,104.25520833333331,252.93801652892563,82.73687055837563,0.01,0.01,41.4,13.9,1.11,27.9,33.6,83.1,0.19,10.5,1.42,183.0,4.98,13.5,2.7,11.5,1521.92,86.6,379.86,1.1,13.1,0.12,17.0,10.0,32.75
0.0,35.308825910931176,33.24291497975708,38.59178535606821,84.0960219478738,73.69953051643192,18.785260770975057,0.1272119815668203,136.0293103448276,1.1425579536370902,104.25520833333331,252.93801652892563,82.73687055837563,0.02,0.01,41.4,13.3,1.63,29.4,32.1,91.4,0.56,10.3,2.12,223.0,4.53,13.3,4.3,3.02,441.0,102.1,274.31,1.1,13.1,0.12,13.0,10.0,32.75
0.0,35.308825910931176,33.24291497975708,38.59178535606821,84.0960219478738,73.69953051643192,18.785260770975057,0.1272119815668203,136.0293103448276,1.1425579536370902,104.25520833333331,252.93801652892563,82.73687055837563,0.01,0.02,33.3,11.8,1.64,28.8,35.4,81.2,0.4,9.7,3.91,161.0,4.1,13.2,6.0,7.06,441.0,125.95,321.1,1.1,13.1,0.12,17.0,10.0,32.75
0.0,35.308825910931176,33.24291497975708,38.59178535606821,84.0960219478738,73.69953051643192,18.785260770975057,0.1272119815668203,136.0293103448276,1.1425579536370902,104.25520833333331,252.93801652892563,82.73687055837563,0.01,0.05,32.7,10.1,2.43,20.1,30.9,65.0,0.41,10.6,3.58,135.0,5.03,16.4,6.5,7.8,441.0,35.2,321.1,1.1,13.1,0.12,17.0,10.0,32.75
0.0,35.308825910931176,33.24291497975708,38.59178535606821,84.0960219478738,73.69953051643192,18.785260770975057,0.1272119815668203,136.0293103448276,1.1425579536370902,104.25520833333331,252.93801652892563,82.73687055837563,0.05,0.0,42.1,13.7,1.31,26.8,32.5,82.2,0.58,9.4,12.74,444.0,5.12,13.7,14.7,3.02,441.0,125.95,321.1,1.1,13.1,0.12,17.0,10.0,32.75
0.0,35.308825910931176,33.24291497975708,38.59178535606821,84.0960219478738,73.69953051643192,18.785260770975057,0.1272119815668203,136.0293103448276,1.1425579536370902,104.25520833333331,252.93801652892563,82.73687055837563,0.01,0.01,32.0,10.9,0.87,27.0,34.1,79.4,0.64,10.2,3.69,368.0,4.03,13.2,5.2,3.02,441.0,125.95,321.1,1.1,13.1,0.12,17.0,10.0,32.75
0.0,35.308825910931176,33.24291497975708,38.59178535606821,84.0960219478738,73.69953051643192,18.785260770975057,0.1272119815668203,136.0293103448276,1.1425579536370902,104.25520833333331,252.93801652892563,82.73687055837563,0.05,0.11,44.4,15.1,2.16,27.8,34.0,81.6,0.44,10.8,4.01,191.0,5.44,12.7,6.8,3.02,441.0,367.4,466.15,1.26,14.9,0.12,44.0,10.0,40.2
0.0,35.308825910931176,33.24291497975708,38.59178535606821,84.0960219478738,73.69953051643192,18.785260770975057,0.1272119815668203,136.0293103448276,1.1425579536370902,104.25520833333331,252.93801652892563,82.73687055837563,0.01,0.14,37.7,11.8,0.82,23.4,31.3,74.8,0.13,10.4,4.21,147.0,5.04,14.4,5.3,5.43,441.0,352.5,260.91,1.25,14.8,0.12,8.0,10.0,27.8
0.0,35.308825910931176,33.24291497975708,38.59178535606821,84.0960219478738,73.69953051643192,18.785260770975057,0.1272119815668203,136.0293103448276,1.1425579536370902,104.25520833333331,252.93801652892563,82.73687055837563,0.02,0.0,29.7,10.2,1.01,32.8,34.3,95.5,0.59,12.0,12.57,199.0,3.11,15.5,14.2,23.8,441.0,274.8,321.1,1.1,13.1,0.12,17.0,10.0,32.75
0.0,35.308825910931176,33.24291497975708,38.59178535606821,84.0960219478738,73.69953051643192,18.785260770975057,0.1272119815668203,136.0293103448276,1.1425579536370902,104.25520833333331,252.93801652892563,82.73687055837563,0.03,0.03,38.9,13.0,1.59,26.5,33.4,79.2,0.42,10.6,3.55,170.0,4.91,14.3,5.6,22.2,2529.37,380.7,371.06,1.1,13.1,16.0,17.0,10.0,32.75
0.0,35.308825910931176,33.24291497975708,38.59178535606821,84.0960219478738,73.69953051643192,18.785260770975057,0.1272119815668203,136.0293103448276,1.1425579536370902,104.25520833333331,252.93801652892563,82.73687055837563,0.02,0.0,34.4,11.7,0.82,28.8,34.0,84.7,0.6,10.2,6.79,325.0,4.06,14.0,8.2,34.0,441.0,126.9,308.63,1.52,17.8,0.12,39.0,10.0,81.3
0.0,35.308825910931176,33.24291497975708,38.59178535606821,84.0960219478738,73.69953051643192,18.785260770975057,0.1272119815668203,136.0293103448276,1.1425579536370902,104.25520833333331,252.93801652892563,82.73687055837563,0.03,0.05,37.5,12.5,1.73,29.3,33.3,87.8,0.34,12.4,2.94,233.0,4.27,12.4,5.1,16.2,741.72,382.9,321.1,1.1,13.1,0.12,17.0,10.0,32.75
0.0,35.308825910931176,33.24291497975708,38.59178535606821,84.0960219478738,73.69953051643192,18.785260770975057,0.1272119815668203,136.0293103448276,1.1425579536370902,104.25520833333331,252.93801652892563,82.73687055837563,0.04,0.03,39.0,13.2,1.88,27.2,33.8,80.2,0.59,10.2,3.15,252.0,4.86,12.9,5.7,53.2,441.0,125.95,321.1,1.1,13.1,0.12,47.0,10.0,32.75
0.0,35.308825910931176,33.24291497975708,38.59178535606821,84.0960219478738,73.69953051643192,18.785260770975057,0.1272119815668203,136.0293103448276,1.1425579536370902,104.25520833333331,252.93801652892563,82.73687055837563,0.01,0.07,43.4,14.3,1.66,28.4,32.9,86.3,0.53,10.0,2.34,139.0,5.03,14.0,4.6,3.14,308.77,20.5,331.26,1.04,12.5,0.12,17.0,10.0,28.8
0.0,35.308825910931176,33.24291497975708,38.59178535606821,84.0960219478738,73.69953051643192,18.785260770975057,0.1272119815668203,136.0293103448276,1.1425579536370902,104.25520833333331,252.93801652892563,82.73687055837563,0.01,0.03,47.6,16.6,1.74,29.4,34.9,84.2,0.52,10.0,2.9,195.0,5.65,12.5,5.2,14.4,1008.69,578.7,406.34,1.1,13.1,0.12,15.0,10.0,32.75
0.0,35.308825910931176,33.24291497975708,38.59178535606821,84.0960219478738,73.69953051643192,18.785260770975057,0.1272119815668203,136.0293103448276,1.1425579536370902,104.25520833333331,252.93801652892563,82.73687055837563,0.02,0.01,40.5,14.0,0.36,27.9,34.6,80.8,0.2,11.0,4.05,250.0,5.01,13.3,4.6,31.0,441.0,178.4,354.74,1.04,12.4,0.12,39.0,10.0,39.1
0.0,35.308825910931176,33.24291497975708,38.59178535606821,84.0960219478738,73.69953051643192,18.785260770975057,0.1272119815668203,136.0293103448276,1.1425579536370902,104.25520833333331,252.93801652892563,82.73687055837563,0.02,0.0,37.3,12.8,0.65,26.3,34.3,76.7,0.4,10.4,16.86,241.0,4.86,15.6,17.9,3.02,441.0,17.0,285.0,1.1,13.1,0.12,3.0,10.0,32.75
0.0,35.308825910931176,33.24291497975708,38.59178535606821,84.0960219478738,73.69953051643192,18.785260770975057,0.1272119815668203,136.0293103448276,1.1425579536370902,104.25520833333331,252.93801652892563,82.73687055837563,0.03,0.0,33.4,11.5,0.6,27.8,34.4,80.7,0.57,9.4,7.74,311.0,4.14,14.3,8.9,32.6,441.0,125.95,321.1,1.07,12.8,0.12,20.0,10.0,32.4
0.0,35.308825910931176,33.24291497975708,38.59178535606821,84.0960219478738,73.69953051643192,18.785260770975057,0.1272119815668203,136.0293103448276,1.1425579536370902,104.25520833333331,252.93801652892563,82.73687055837563,0.02,0.0,37.8,12.6,1.46,27.2,33.3,81.6,1.64,10.6,9.78,284.0,4.63,14.3,12.9,191.0,1655.3,125.95,321.1,1.1,13.1,33.0,17.0,10.0,32.75
0.0,35.308825910931176,33.24291497975708,38.59178535606821,84.0960219478738,73.69953051643192,18.785260770975057,0.1272119815668203,136.0293103448276,1.1425579536370902,104.25520833333331,252.93801652892563,82.73687055837563,0.01,0.05,40.8,13.6,1.5,27.8,33.3,83.3,0.63,12.7,3.54,103.0,4.9,13.9,5.7,17.4,441.0,125.95,321.1,1.1,13.1,0.12,17.0,10.0,32.75
0.0,35.308825910931176,33.24291497975708,38.59178535606821,84.0960219478738,73.69953051643192,18.785260770975057,0.1272119815668203,136.0293103448276,1.1425579536370902,104.25520833333331,252.93801652892563,82.73687055837563,0.01,0.01,36.8,12.0,2.05,26.8,32.6,82.3,0.5,10.9,2.38,287.0,4.47,13.2,5.0,3.02,409.0,125.95,321.1,1.04,12.5,0.12,14.0,10.0,35.3
0.0,35.308825910931176,33.24291497975708,38.59178535606821,84.0960219478738,73.69953051643192,18.785260770975057,0.1272119815668203,136.0293103448276,1.1425579536370902,104.25520833333331,252.93801652892563,82.73687055837563,0.0,0.0,29.1,9.6,0.37,24.7,33.0,75.0,0.29,10.4,1.82,264.0,3.88,15.8,2.5,3.02,441.0,32.5,298.38,1.1,13.1,0.12,22.0,10.0,32.75
0.0,35.308825910931176,33.24291497975708,38.59178535606821,84.0960219478738,73.69953051643192,18.785260770975057,0.1272119815668203,136.0293103448276,1.1425579536370902,104.25520833333331,252.93801652892563,82.73687055837563,0.03,0.0,34.6,11.8,0.74,30.4,34.1,89.2,0.72,11.4,6.14,273.0,3.88,12.6,7.6,4.54,441.0,728.3,472.56,1.1,13.1,0.12,18.0,10.0,32.75
0.0,35.308825910931176,33.24291497975708,38.59178535606821,84.0960219478738,73.69953051643192,18.785260770975057,0.1272119815668203,136.0293103448276,1.1425579536370902,104.25520833333331,252.93801652892563,82.73687055837563,0.01,0.0,39.8,12.9,0.96,28.6,32.4,88.2,0.55,11.4,3.76,222.0,4.51,12.7,5.3,4.75,441.0,33.1,302.81,1.1,13.1,0.12,5.0,10.0,32.75
0.0,35.308825910931176,33.24291497975708,38.59178535606821,84.0960219478738,73.69953051643192,18.785260770975057,0.1272119815668203,136.0293103448276,1.1425579536370902,104.25520833333331,252.93801652892563,82.73687055837563,0.02,0.0,39.0,13.3,2.17,26.7,34.1,78.3,0.39,9.7,8.5,279.0,4.98,12.9,11.1,8.67,7044.98,70.4,196.33,1.15,13.7,0.12,17.0,10.0,32.75
0.0,35.308825910931176,33.24291497975708,38.59178535606821,84.0960219478738,73.69953051643192,18.785260770975057,0.1272119815668203,136.0293103448276,1.1425579536370902,104.25520833333331,252.93801652892563,82.73687055837563,0.01,0.05,40.6,13.8,1.71,30.1,34.0,88.6,0.64,10.6,3.3,246.0,4.58,12.7,5.7,6.76,441.0,125.95,321.1,5.27,57.6,0.12,17.0,10.0,32.75
0.0,35.308825910931176,33.24291497975708,38.59178535606821,84.0960219478738,73.69953051643192,18.785260770975057,0.1272119815668203,136.0293103448276,1.1425579536370902,104.25520833333331,252.93801652892563,82.73687055837563,0.02,0.0,41.0,14.4,0.68,29.1,35.1,83.0,1.16,12.6,5.76,198.0,4.94,12.0,7.6,36.9,589.0,125.95,388.5,1.02,12.2,0.12,17.0,10.0,27.3
0.0,35.308825910931176,33.24291497975708,38.59178535606821,84.0960219478738,73.69953051643192,18.785260770975057,0.1272119815668203,136.0293103448276,1.1425579536370902,104.25520833333331,252.93801652892563,82.73687055837563,0.0,0.0,37.6,12.6,1.56,27.9,33.5,83.4,0.29,9.7,3.34,256.0,4.51,12.5,5.2,3.02,441.0,52.0,321.1,1.1,13.1,0.12,17.0,220.0,32.75
0.0,35.308825910931176,33.24291497975708,38.59178535606821,84.0960219478738,73.69953051643192,18.785260770975057,0.1272119815668203,136.0293103448276,1.1425579536370902,104.25520833333331,252.93801652892563,82.73687055837563,0.04,0.04,41.2,13.7,1.1,29.9,33.3,90.0,0.53,10.1,3.9,304.0,4.58,13.0,5.6,3.02,441.0,62.2,277.71,1.1,13.1,0.12,3.0,10.0,32.75
0.0,35.308825910931176,33.24291497975708,38.59178535606821,84.0960219478738,73.69953051643192,18.785260770975057,0.1272119815668203,136.0293103448276,1.1425579536370902,104.25520833333331,252.93801652892563,82.73687055837563,0.02,0.08,38.9,12.9,1.14,29.6,33.2,89.2,0.31,9.8,2.43,253.0,4.36,12.9,4.0,181.0,441.0,125.95,321.1,1.17,13.9,0.12,0.0,10.0,39.7
0.0,35.308825910931176,33.24291497975708,38.59178535606821,84.0960219478738,73.69953051643192,18.785260770975057,0.1272119815668203,136.0293103448276,1.1425579536370902,104.25520833333331,252.93801652892563,82.73687055837563,0.16,0.02,33.4,11.0,9.27,30.8,32.9,93.6,3.53,11.3,6.02,188.0,3.57,14.9,12.7,21.9,688.27,197.5,305.69,1.1,13.1,0.12,50.0,10.0,32.75
0.0,35.308825910931176,33.24291497975708,38.59178535606821,84.0960219478738,73.69953051643192,18.785260770975057,0.1272119815668203,136.0293103448276,1.1425579536370902,104.25520833333331,252.93801652892563,82.73687055837563,0.01,0.01,41.4,14.1,1.35,27.7,34.1,81.3,0.3,9.8,4.77,171.0,5.09,12.8,6.4,26.1,3251.82,11.3,321.1,1.1,13.1,0.12,17.0,10.0,32.75
0.0,35.308825910931176,33.24291497975708,38.59178535606821,84.0960219478738,73.69953051643192,18.785260770975057,0.1272119815668203,136.0293103448276,1.1425579536370902,104.25520833333331,252.93801652892563,82.73687055837563,0.01,0.01,43.9,14.5,1.32,28.2,33.0,85.2,0.24,10.2,2.31,192.0,5.15,13.1,3.9,13.2,441.0,125.95,321.1,1.1,13.1,0.12,17.0,10.0,32.75
0.0,35.308825910931176,33.24291497975708,38.59178535606821,84.0960219478738,73.69953051643192,18.785260770975057,0.1272119815668203,136.0293103448276,1.1425579536370902,104.25520833333331,252.93801652892563,82.73687055837563,0.03,0.05,37.1,11.3,2.21,27.9,30.5,91.6,0.4,10.5,2.57,194.0,4.05,14.1,5.3,17.6,666.02,95.9,399.26,1.13,13.5,0.12,17.0,10.0,32.1
0.0,35.308825910931176,33.24291497975708,38.59178535606821,84.0960219478738,73.69953051643192,18.785260770975057,0.1272119815668203,136.0293103448276,1.1425579536370902,104.25520833333331,252.93801652892563,82.73687055837563,0.03,0.13,42.6,14.0,2.19,26.9,32.9,81.9,0.62,10.0,6.69,330.0,5.2,11.8,9.7,8.98,441.0,125.95,314.72,1.1,13.1,0.12,12.0,10.0,33.2
0.0,35.308825910931176,33.24291497975708,38.59178535606821,84.0960219478738,73.69953051643192,18.785260770975057,0.1272119815668203,136.0293103448276,1.1425579536370902,104.25520833333331,252.93801652892563,82.73687055837563,0.05,0.18,36.5,11.0,3.02,19.1,30.1,63.3,0.65,10.389577103801797,9.06,430.0,5.77,17.2,13.0,6.61,390.0,90.2,295.23,1.1,13.1,0.12,10.0,10.0,32.75
0.0,35.308825910931176,33.24291497975708,38.59178535606821,84.0960219478738,73.69953051643192,18.785260770975057,0.1272119815668203,136.0293103448276,1.1425579536370902,104.25520833333331,252.93801652892563,82.73687055837563,0.02,0.01,38.5,13.2,1.68,26.0,34.3,75.9,0.87,10.5,2.5,239.0,5.07,14.1,5.1,3.02,365.0,50.0,448.44,1.1,13.1,0.12,5.0,10.0,32.75
0.0,35.308825910931176,33.24291497975708,38.59178535606821,84.0960219478738,73.69953051643192,18.785260770975057,0.1272119815668203,136.0293103448276,1.1425579536370902,104.25520833333331,252.93801652892563,82.73687055837563,0.01,0.0,36.2,12.7,0.7,26.5,35.1,75.4,0.28,10.5,3.67,157.0,4.8,12.7,4.7,3.02,441.0,125.95,321.1,1.09,13.0,0.12,17.0,10.0,31.5
0.0,35.308825910931176,33.24291497975708,38.59178535606821,84.0960219478738,73.69953051643192,18.785260770975057,0.1272119815668203,136.0293103448276,1.1425579536370902,104.25520833333331,252.93801652892563,82.73687055837563,0.03,0.0,38.6,12.9,0.58,24.8,33.4,74.2,0.99,11.5,20.47,155.0,5.2,19.0,22.1,3.02,105.0,33.4,321.1,1.1,13.1,0.12,17.0,10.0,32.75
0.0,35.308825910931176,33.24291497975708,38.59178535606821,84.0960219478738,73.69953051643192,18.785260770975057,0.1272119815668203,136.0293103448276,1.1425579536370902,104.25520833333331,252.93801652892563,82.73687055837563,0.04,0.09,33.0,11.2,1.33,28.1,33.9,82.7,0.87,9.4,5.44,347.0,3.99,12.6,7.8,8.35,441.0,125.95,321.1,1.1,13.1,0.12,17.0,10.0,32.75
0.0,35.308825910931176,33.24291497975708,38.59178535606821,84.0960219478738,73.69953051643192,18.785260770975057,0.1272119815668203,136.0293103448276,1.1425579536370902,104.25520833333331,252.93801652892563,82.73687055837563,0.02,0.01,40.6,14.5,1.67,29.6,35.7,82.9,0.44,9.8,4.1,304.0,4.9,12.7,6.2,3.02,315.0,98.5,321.1,1.1,13.1,0.12,10.0,42.0,32.75
0.0,35.308825910931176,33.24291497975708,38.59178535606821,84.0960219478738,73.69953051643192,18.785260770975057,0.1272119815668203,136.0293103448276,1.1425579536370902,104.25520833333331,252.93801652892563,82.73687055837563,0.03,0.04,39.1,13.5,1.32,28.2,34.5,81.8,0.58,10.9,2.47,240.0,4.78,12.5,4.4,3.02,377.0,125.95,321.1,1.1,13.1,0.12,11.0,10.0,31.2
0.0,35.308825910931176,33.24291497975708,38.59178535606821,84.0960219478738,73.69953051643192,18.785260770975057,0.1272119815668203,136.0293103448276,1.1425579536370902,104.25520833333331,252.93801652892563,82.73687055837563,0.06,0.23,44.2,14.3,2.84,28.0,32.4,86.7,0.65,9.3,3.98,300.0,5.1,12.6,7.8,6.76,441.0,125.95,321.1,1.1,13.1,0.12,17.0,10.0,32.75
0.0,35.308825910931176,33.24291497975708,38.59178535606821,84.0960219478738,73.69953051643192,18.785260770975057,0.1272119815668203,136.0293103448276,1.1425579536370902,104.25520833333331,252.93801652892563,82.73687055837563,0.0,0.01,31.7,9.5,0.32,23.5,30.0,78.3,0.21,10.4,6.28,262.0,4.05,18.8,6.8,97.7,850.0,1206.5,391.83,1.1,13.1,0.12,32.0,10.0,32.75
0.0,35.308825910931176,33.24291497975708,38.59178535606821,84.0960219478738,73.69953051643192,18.785260770975057,0.1272119815668203,136.0293103448276,1.1425579536370902,104.25520833333331,252.93801652892563,82.73687055837563,0.01,0.0,34.7,11.7,1.79,28.4,33.7,84.2,0.38,10.1,7.59,563.0,4.12,12.4,9.8,60.1,598.0,511.6,324.41,1.0,12.0,15.0,17.0,10.0,29.3
0.0,35.308825910931176,33.24291497975708,38.59178535606821,84.0960219478738,73.69953051643192,18.785260770975057,0.1272119815668203,136.0293103448276,1.1425579536370902,104.25520833333331,252.93801652892563,82.73687055837563,0.02,0.11,31.4,10.8,2.01,27.7,34.4,80.5,0.48,11.1,5.72,181.0,3.9,13.9,8.3,5.68,441.0,125.95,321.1,1.1,13.1,0.12,17.0,10.0,32.75
0.0,35.308825910931176,33.24291497975708,38.59178535606821,84.0960219478738,73.69953051643192,18.785260770975057,0.1272119815668203,136.0293103448276,1.1425579536370902,104.25520833333331,252.93801652892563,82.73687055837563,0.01,0.06,39.2,13.0,2.74,25.3,33.2,76.3,0.6,11.1,7.9,221.0,5.14,13.3,11.3,21.9,441.0,125.95,321.1,1.1,13.1,0.12,17.0,10.0,32.75
0.0,35.308825910931176,33.24291497975708,38.59178535606821,84.0960219478738,73.69953051643192,18.785260770975057,0.1272119815668203,136.0293103448276,1.1425579536370902,104.25520833333331,252.93801652892563,82.73687055837563,0.02,0.0,38.8,13.3,0.9,29.3,34.3,85.5,0.6,9.4,3.19,215.0,4.54,12.2,4.7,3.02,1620.0,125.95,472.56,1.28,15.2,0.12,17.0,10.0,53.3
0.0,35.308825910931176,33.24291497975708,38.59178535606821,84.0960219478738,73.69953051643192,18.785260770975057,0.1272119815668203,136.0293103448276,1.1425579536370902,104.25520833333331,252.93801652892563,82.73687055837563,0.02,0.26,33.9,11.6,1.87,29.7,34.2,86.7,0.51,10.6,3.65,206.0,3.91,12.1,6.3,5.87,567.0,125.95,274.19,1.08,12.9,0.12,17.0,10.0,37.4
0.0,35.308825910931176,33.24291497975708,38.59178535606821,84.0960219478738,73.69953051643192,18.785260770975057,0.1272119815668203,136.0293103448276,1.1425579536370902,104.25520833333331,252.93801652892563,82.73687055837563,0.02,0.01,37.5,13.0,1.9,28.9,34.7,83.3,0.57,9.8,1.82,214.0,4.5,12.0,4.3,199.0,2687.53,745.5,357.19,1.1,13.1,31.0,17.0,10.0,32.75
0.0,35.308825910931176,33.24291497975708,38.59178535606821,84.0960219478738,73.69953051643192,18.785260770975057,0.1272119815668203,136.0293103448276,1.1425579536370902,104.25520833333331,252.93801652892563,82.73687055837563,0.04,0.21,38.6,12.5,4.25,29.8,32.4,92.1,0.67,9.9,3.41,234.0,4.19,12.9,8.6,3.02,1730.0,42.2,243.09,1.1,13.1,0.12,4.0,10.0,32.75
0.0,35.308825910931176,33.24291497975708,38.59178535606821,84.0960219478738,73.69953051643192,18.785260770975057,0.1272119815668203,136.0293103448276,1.1425579536370902,104.25520833333331,252.93801652892563,82.73687055837563,0.04,0.07,40.1,14.0,2.52,30.8,34.9,88.1,0.58,9.7,3.0,302.0,4.55,11.9,6.2,3.02,441.0,47.7,460.0,1.1,13.1,0.12,2.0,10.0,32.75
0.0,35.308825910931176,33.24291497975708,38.59178535606821,84.0960219478738,73.69953051643192,18.785260770975057,0.1272119815668203,136.0293103448276,1.1425579536370902,104.25520833333331,252.93801652892563,82.73687055837563,0.02,0.25,36.3,11.7,2.0,26.3,32.2,81.6,0.51,10.0,4.99,232.0,4.45,14.3,7.8,6.83,441.0,285.0,321.1,1.1,13.1,24.0,9.0,17.0,32.75
0.0,35.308825910931176,33.24291497975708,38.59178535606821,84.0960219478738,73.69953051643192,18.785260770975057,0.1272119815668203,136.0293103448276,1.1425579536370902,104.25520833333331,252.93801652892563,82.73687055837563,0.01,0.05,35.6,11.9,2.12,28.0,33.4,83.8,0.28,11.8,1.64,152.0,4.25,12.8,4.1,3.0,441.0,125.95,321.1,1.1,13.1,0.12,17.0,10.0,32.75
0.0,35.308825910931176,33.24291497975708,38.59178535606821,84.0960219478738,73.69953051643192,18.785260770975057,0.1272119815668203,136.0293103448276,1.1425579536370902,104.25520833333331,252.93801652892563,82.73687055837563,0.05,0.1,42.0,14.0,1.95,29.0,33.3,87.0,0.44,8.9,2.57,311.0,4.83,13.5,5.1,208.0,441.0,291.5,295.23,1.24,14.7,13.0,85.0,10.0,29.4
0.0,35.308825910931176,33.24291497975708,38.59178535606821,84.0960219478738,73.69953051643192,18.785260770975057,0.1272119815668203,136.0293103448276,1.1425579536370902,104.25520833333331,252.93801652892563,82.73687055837563,0.02,0.09,38.1,13.5,1.25,31.0,35.4,87.6,0.38,10.0,2.77,182.0,4.35,11.6,4.5,3.02,366.0,62.9,305.69,1.1,13.1,0.12,17.0,10.0,32.75
0.0,35.308825910931176,33.24291497975708,38.59178535606821,84.0960219478738,73.69953051643192,18.785260770975057,0.1272119815668203,136.0293103448276,1.1425579536370902,104.25520833333331,252.93801652892563,82.73687055837563,0.07,0.28,48.2,16.3,2.4,31.5,33.8,93.2,0.82,10.4,3.69,312.0,5.17,12.3,7.3,35.3,441.0,574.6,295.23,1.11,13.2,27.0,91.0,10.0,54.8
0.0,35.308825910931176,33.24291497975708,38.59178535606821,84.0960219478738,73.69953051643192,18.785260770975057,0.1272119815668203,136.0293103448276,1.1425579536370902,104.25520833333331,252.93801652892563,82.73687055837563,0.02,0.2,40.0,13.5,0.56,29.2,33.8,86.6,0.38,10.9,8.17,252.0,4.62,13.7,9.3,31.7,1390.0,1162.5,350.0,1.12,13.3,0.12,63.0,10.0,33.6
0.0,35.308825910931176,33.24291497975708,38.59178535606821,84.0960219478738,73.69953051643192,18.785260770975057,0.1272119815668203,136.0293103448276,1.1425579536370902,104.25520833333331,252.93801652892563,82.73687055837563,0.04,0.22,37.1,12.5,3.32,28.6,33.7,84.9,0.5,10.9,3.59,192.0,4.37,13.2,7.7,3.02,441.0,59.1,321.1,1.1,13.1,0.12,34.0,10.0,32.75
0.0,35.308825910931176,33.24291497975708,38.59178535606821,84.0960219478738,73.69953051643192,18.785260770975057,0.1272119815668203,136.0293103448276,1.1425579536370902,104.25520833333331,252.93801652892563,82.73687055837563,0.01,0.0,45.3,14.9,1.13,29.3,32.9,89.2,0.29,10.4,4.09,223.0,5.08,13.0,5.5,3.14,701.64,125.95,321.1,1.1,13.1,0.12,17.0,10.0,32.75
0.0,35.308825910931176,33.24291497975708,38.59178535606821,84.0960219478738,73.69953051643192,18.785260770975057,0.1272119815668203,136.0293103448276,1.1425579536370902,104.25520833333331,252.93801652892563,82.73687055837563,0.03,0.07,38.0,12.5,1.96,28.6,32.9,87.0,0.43,9.7,3.23,375.0,4.37,12.9,5.7,18.0,441.0,125.95,321.1,1.1,13.1,0.12,17.0,10.0,32.75
0.0,35.308825910931176,33.24291497975708,38.59178535606821,84.0960219478738,73.69953051643192,18.785260770975057,0.1272119815668203,136.0293103448276,1.1425579536370902,104.25520833333331,252.93801652892563,82.73687055837563,0.0,0.02,38.1,12.4,1.45,27.8,32.5,85.4,0.25,9.7,3.4,142.0,4.46,13.6,5.1,6.67,441.0,125.95,321.1,1.1,13.1,0.12,17.0,10.0,32.75
0.0,35.308825910931176,33.24291497975708,38.59178535606821,84.0960219478738,73.69953051643192,18.785260770975057,0.1272119815668203,136.0293103448276,1.1425579536370902,104.25520833333331,252.93801652892563,82.73687055837563,0.02,0.0,37.8,12.5,0.59,27.6,33.1,83.4,0.09,9.3,9.21,473.0,4.53,13.1,9.9,3.02,441.0,125.95,321.1,1.1,13.1,0.12,17.0,10.0,32.75
0.0,35.308825910931176,33.24291497975708,38.59178535606821,84.0960219478738,73.69953051643192,18.785260770975057,0.1272119815668203,136.0293103448276,1.1425579536370902,104.25520833333331,252.93801652892563,82.73687055837563,0.03,0.04,37.2,12.8,1.52,30.4,34.4,88.4,0.31,10.9,3.35,196.0,4.21,12.2,5.3,7.73,441.0,966.2,281.31,1.09,13.0,0.12,40.0,10.0,33.9
0.0,35.308825910931176,33.24291497975708,38.59178535606821,84.0960219478738,73.69953051643192,18.785260770975057,0.1272119815668203,136.0293103448276,1.1425579536370902,104.25520833333331,252.93801652892563,82.73687055837563,0.01,0.0,30.1,10.2,1.01,29.1,33.9,85.8,0.45,12.5,9.09,229.0,3.51,12.9,10.6,3.02,441.0,125.95,321.1,1.1,13.1,0.12,17.0,10.0,32.75
0.0,35.308825910931176,33.24291497975708,38.59178535606821,84.0960219478738,73.69953051643192,18.785260770975057,0.1272119815668203,136.0293103448276,1.1425579536370902,104.25520833333331,252.93801652892563,82.73687055837563,0.11,0.1,47.7,16.2,1.8,28.4,34.0,83.5,0.51,9.1,5.34,262.0,5.71,12.5,7.9,4.55,441.0,125.95,321.1,1.1,13.1,0.12,17.0,10.0,32.75
0.0,35.308825910931176,33.24291497975708,38.59178535606821,84.0960219478738,73.69953051643192,18.785260770975057,0.1272119815668203,136.0293103448276,1.1425579536370902,104.25520833333331,252.93801652892563,82.73687055837563,0.05,0.46,33.0,12.5,1.06,34.3,37.9,90.7,0.98,10.7,5.55,343.0,3.64,12.5,8.1,39.9,1160.0,330.4,350.0,0.97,11.7,27.0,17.0,10.0,31.8
0.0,35.308825910931176,33.24291497975708,38.59178535606821,84.0960219478738,73.69953051643192,18.785260770975057,0.1272119815668203,136.0293103448276,1.1425579536370902,104.25520833333331,252.93801652892563,82.73687055837563,0.02,0.06,38.0,13.0,1.87,26.7,34.2,78.0,0.4,9.1,1.87,372.0,4.87,14.7,4.2,40.1,441.0,595.1,493.64,1.02,12.2,18.0,17.0,10.0,42.1
0.0,35.308825910931176,33.24291497975708,38.59178535606821,84.0960219478738,73.69953051643192,18.785260770975057,0.1272119815668203,136.0293103448276,1.1425579536370902,104.25520833333331,252.93801652892563,82.73687055837563,0.02,0.0,35.8,12.3,0.65,29.4,34.4,85.6,0.6,11.0,7.56,308.0,4.18,12.9,8.8,105.0,441.0,125.95,321.1,1.1,13.1,0.12,17.0,10.0,32.75
0.0,35.308825910931176,33.24291497975708,38.59178535606821,84.0960219478738,73.69953051643192,18.785260770975057,0.1272119815668203,136.0293103448276,1.1425579536370902,104.25520833333331,252.93801652892563,82.73687055837563,0.07,0.14,39.9,13.8,2.36,29.0,34.6,83.8,0.63,10.4,5.19,307.0,4.76,13.1,8.4,3.02,441.0,125.95,321.1,1.1,13.1,0.12,17.0,10.0,32.75
0.0,35.308825910931176,33.24291497975708,38.59178535606821,84.0960219478738,73.69953051643192,18.785260770975057,0.1272119815668203,136.0293103448276,1.1425579536370902,104.25520833333331,252.93801652892563,82.73687055837563,0.04,0.04,34.8,10.8,1.25,24.3,31.0,78.2,1.45,10.0,5.97,510.0,4.45,14.0,8.8,4.52,443.0,52.1,493.64,1.1,13.1,0.12,17.0,10.0,32.75
0.0,35.308825910931176,33.24291497975708,38.59178535606821,84.0960219478738,73.69953051643192,18.785260770975057,0.1272119815668203,136.0293103448276,1.1425579536370902,104.25520833333331,252.93801652892563,82.73687055837563,0.05,0.12,43.6,14.6,2.86,29.6,33.5,88.3,0.81,10.8,6.13,350.0,4.94,12.6,10.0,7.88,441.0,125.95,321.1,1.1,13.1,0.12,17.0,10.0,32.75
0.0,35.308825910931176,33.24291497975708,38.59178535606821,84.0960219478738,73.69953051643192,18.785260770975057,0.1272119815668203,136.0293103448276,1.1425579536370902,104.25520833333331,252.93801652892563,82.73687055837563,0.02,0.06,33.4,10.1,1.42,30.1,30.2,99.4,0.25,10.3,3.6,226.0,3.36,13.5,5.4,3.02,309.0,27.0,321.1,1.1,13.1,0.12,17.0,10.0,32.75
0.0,35.308825910931176,33.24291497975708,38.59178535606821,84.0960219478738,73.69953051643192,18.785260770975057,0.1272119815668203,136.0293103448276,1.1425579536370902,104.25520833333331,252.93801652892563,82.73687055837563,0.04,0.19,33.7,11.3,1.91,28.5,33.5,85.1,0.53,10.4,2.74,216.0,3.96,12.9,5.4,3.02,441.0,458.7,199.81,1.11,13.2,0.12,8.0,10.0,42.0
0.0,35.308825910931176,33.24291497975708,38.59178535606821,84.0960219478738,73.69953051643192,18.785260770975057,0.1272119815668203,136.0293103448276,1.1425579536370902,104.25520833333331,252.93801652892563,82.73687055837563,0.04,0.12,33.3,11.4,2.13,30.0,34.2,87.6,0.62,10.0,4.52,184.0,3.8,13.3,7.4,245.0,441.0,125.95,321.1,1.1,13.1,0.12,57.0,10.0,32.75
0.0,35.308825910931176,33.24291497975708,38.59178535606821,84.0960219478738,73.69953051643192,18.785260770975057,0.1272119815668203,136.0293103448276,1.1425579536370902,104.25520833333331,252.93801652892563,82.73687055837563,0.02,0.11,34.3,11.1,1.58,26.5,32.4,81.9,0.32,9.5,2.1,303.0,4.19,13.2,4.1,3.02,175.0,152.6,217.07,0.89,10.7,0.12,17.0,10.0,31.2
0.0,35.308825910931176,33.24291497975708,38.59178535606821,84.0960219478738,73.69953051643192,18.785260770975057,0.1272119815668203,136.0293103448276,1.1425579536370902,104.25520833333331,252.93801652892563,82.73687055837563,0.01,0.0,28.9,8.2,1.8,18.2,28.4,64.2,0.35,10.7,2.47,136.0,4.5,16.7,4.6,28.8,441.0,125.95,321.1,1.1,13.1,0.12,31.0,10.0,32.75
0.0,35.308825910931176,33.24291497975708,38.59178535606821,84.0960219478738,73.69953051643192,18.785260770975057,0.1272119815668203,136.0293103448276,1.1425579536370902,104.25520833333331,252.93801652892563,82.73687055837563,0.03,0.03,40.8,13.8,2.61,28.6,33.8,84.5,0.57,9.7,2.93,293.0,4.83,12.2,6.2,3.3,441.0,184.2,321.1,1.1,13.1,0.12,30.0,10.0,32.75
0.0,35.308825910931176,33.24291497975708,38.59178535606821,84.0960219478738,73.69953051643192,18.785260770975057,0.1272119815668203,136.0293103448276,1.1425579536370902,104.25520833333331,252.93801652892563,82.73687055837563,0.04,0.02,39.3,12.2,2.56,21.0,31.0,67.8,0.71,11.1,4.03,305.0,5.8,17.1,7.4,3.14,156.59,10.6,321.1,1.1,13.1,0.12,17.0,10.0,32.75
0.0,35.308825910931176,33.24291497975708,38.59178535606821,84.0960219478738,73.69953051643192,18.785260770975057,0.1272119815668203,136.0293103448276,1.1425579536370902,104.25520833333331,252.93801652892563,82.73687055837563,0.04,0.09,43.9,14.7,1.93,30.9,33.5,92.4,0.84,12.6,4.6,185.0,4.75,13.1,7.5,3.82,441.0,1611.5,321.1,1.07,12.8,0.12,17.0,10.0,29.6
0.0,35.308825910931176,33.24291497975708,38.59178535606821,84.0960219478738,73.69953051643192,18.785260770975057,0.1272119815668203,136.0293103448276,1.1425579536370902,104.25520833333331,252.93801652892563,82.73687055837563,0.06,0.0,40.2,14.0,1.47,27.7,34.8,79.6,0.62,9.2,6.69,567.0,5.05,12.7,8.8,6.33,843.95,12.9,321.1,1.1,13.1,0.12,17.0,10.0,32.75
0.0,35.308825910931176,33.24291497975708,38.59178535606821,84.0960219478738,73.69953051643192,18.785260770975057,0.1272119815668203,136.0293103448276,1.1425579536370902,104.25520833333331,252.93801652892563,82.73687055837563,0.05,0.1,47.0,15.7,1.97,28.6,33.4,85.8,0.8,11.1,6.07,201.0,5.48,11.9,9.0,3.02,441.0,193.9,321.1,1.1,13.1,0.12,35.0,10.0,32.75
0.0,35.308825910931176,33.24291497975708,38.59178535606821,84.0960219478738,73.69953051643192,18.785260770975057,0.1272119815668203,136.0293103448276,1.1425579536370902,104.25520833333331,252.93801652892563,82.73687055837563,0.03,0.07,44.0,15.3,1.59,28.6,34.8,82.2,0.54,10.4,2.81,187.0,5.35,12.4,5.0,3.14,445.28,125.95,321.1,1.1,13.1,0.12,17.0,10.0,32.75
0.0,35.308825910931176,33.24291497975708,38.59178535606821,84.0960219478738,73.69953051643192,18.785260770975057,0.1272119815668203,136.0293103448276,1.1425579536370902,104.25520833333331,252.93801652892563,82.73687055837563,0.05,0.02,40.6,13.4,1.93,29.3,33.0,88.6,0.36,9.1,2.88,314.0,4.58,11.8,5.2,21.6,441.0,58.0,321.1,1.1,13.1,0.12,38.0,10.0,32.75
0.0,35.308825910931176,33.24291497975708,38.59178535606821,84.0960219478738,73.69953051643192,18.785260770975057,0.1272119815668203,136.0293103448276,1.1425579536370902,104.25520833333331,252.93801652892563,82.73687055837563,0.02,0.01,41.9,14.8,0.71,29.8,35.3,84.3,0.44,10.9,3.84,149.0,4.97,13.5,5.0,38.3,441.0,125.95,321.1,1.1,13.1,0.12,17.0,10.0,32.75
0.0,35.308825910931176,33.24291497975708,38.59178535606821,84.0960219478738,73.69953051643192,18.785260770975057,0.1272119815668203,136.0293103448276,1.1425579536370902,104.25520833333331,252.93801652892563,82.73687055837563,0.03,0.1,33.9,11.2,1.61,26.9,33.0,81.5,0.79,9.0,4.65,546.0,4.16,12.9,7.2,3.02,441.0,16.9,289.24,1.04,12.5,0.12,30.0,10.0,36.7
0.0,35.308825910931176,33.24291497975708,38.59178535606821,84.0960219478738,73.69953051643192,18.785260770975057,0.1272119815668203,136.0293103448276,1.1425579536370902,104.25520833333331,252.93801652892563,82.73687055837563,0.02,0.05,38.4,14.0,3.26,29.9,36.5,81.9,0.48,9.0,5.39,349.0,4.69,11.8,9.2,18.4,441.0,35.7,321.1,1.1,13.1,33.0,18.0,10.0,32.75
0.0,35.308825910931176,33.24291497975708,38.59178535606821,84.0960219478738,73.69953051643192,18.785260770975057,0.1272119815668203,136.0293103448276,1.1425579536370902,104.25520833333331,252.93801652892563,82.73687055837563,0.09,0.2,36.1,12.4,2.95,31.2,34.3,90.9,0.47,10.9,6.55,232.0,3.97,13.1,10.3,19.1,1411.67,95.4,352.34,1.11,13.2,25.0,61.0,10.0,34.3
0.0,35.308825910931176,33.24291497975708,38.59178535606821,84.0960219478738,73.69953051643192,18.785260770975057,0.1272119815668203,136.0293103448276,1.1425579536370902,104.25520833333331,252.93801652892563,82.73687055837563,0.02,0.02,36.5,12.9,1.27,30.0,35.3,84.9,0.42,9.9,3.8,189.0,4.3,11.6,5.5,3.02,441.0,34.6,321.1,1.1,13.1,0.12,30.0,10.0,32.75
0.0,35.308825910931176,33.24291497975708,38.59178535606821,84.0960219478738,73.69953051643192,18.785260770975057,0.1272119815668203,136.0293103448276,1.1425579536370902,104.25520833333331,252.93801652892563,82.73687055837563,0.03,0.04,40.9,13.9,2.24,30.6,34.0,90.1,0.36,10.3,4.18,269.0,4.54,12.1,6.9,3.02,398.0,125.95,321.1,1.1,13.1,0.12,9.0,10.0,32.8
0.0,35.308825910931176,33.24291497975708,38.59178535606821,84.0960219478738,73.69953051643192,18.785260770975057,0.1272119815668203,136.0293103448276,1.1425579536370902,104.25520833333331,252.93801652892563,82.73687055837563,0.01,0.01,42.1,14.0,0.77,29.4,33.3,88.3,0.16,11.5,0.55,108.0,4.77,12.5,1.5,42.5,441.0,125.95,321.1,2.43,27.7,0.12,112.0,10.0,47.3
0.0,35.308825910931176,33.24291497975708,38.59178535606821,84.0960219478738,73.69953051643192,18.785260770975057,0.1272119815668203,136.0293103448276,1.1425579536370902,104.25520833333331,252.93801652892563,82.73687055837563,0.03,0.0,36.1,12.6,1.99,30.8,34.9,88.3,0.64,9.8,10.83,265.0,4.09,12.4,13.5,3.02,270.2,62.8,333.51,1.1,13.1,0.12,15.0,10.0,32.75
0.0,35.308825910931176,33.24291497975708,38.59178535606821,84.0960219478738,73.69953051643192,18.785260770975057,0.1272119815668203,136.0293103448276,1.1425579536370902,104.25520833333331,252.93801652892563,82.73687055837563,0.04,0.11,36.5,12.4,1.69,28.7,34.0,84.5,0.6,10.1,3.7,278.0,4.32,13.0,6.1,3.14,272.2,123.2,324.41,0.99,11.9,0.12,17.0,10.0,28.1
0.0,35.308825910931176,33.24291497975708,38.59178535606821,84.0960219478738,73.69953051643192,18.785260770975057,0.1272119815668203,136.0293103448276,1.1425579536370902,104.25520833333331,252.93801652892563,82.73687055837563,0.02,0.01,38.2,13.2,1.39,28.8,34.6,83.4,0.55,9.8,6.49,228.0,4.58,13.6,8.5,176.0,441.0,446.4,321.1,1.1,13.1,35.0,69.0,10.0,32.75
0.0,35.308825910931176,33.24291497975708,38.59178535606821,84.0960219478738,73.69953051643192,18.785260770975057,0.1272119815668203,136.0293103448276,1.1425579536370902,104.25520833333331,252.93801652892563,82.73687055837563,0.02,0.04,40.4,13.4,1.79,27.7,33.2,83.5,0.47,9.7,3.79,182.0,4.84,14.6,6.1,7.18,441.0,399.7,300.0,1.1,13.1,0.12,29.0,10.0,32.75
0.0,35.308825910931176,33.24291497975708,38.59178535606821,84.0960219478738,73.69953051643192,18.785260770975057,0.1272119815668203,136.0293103448276,1.1425579536370902,104.25520833333331,252.93801652892563,82.73687055837563,0.07,0.08,36.8,12.3,2.36,26.5,33.4,79.1,0.62,9.4,5.2,313.0,4.65,14.1,8.3,4.66,612.67,125.95,295.23,1.1,13.1,0.12,17.0,10.0,32.75
0.0,35.308825910931176,33.24291497975708,38.59178535606821,84.0960219478738,73.69953051643192,18.785260770975057,0.1272119815668203,136.0293103448276,1.1425579536370902,104.25520833333331,252.93801652892563,82.73687055837563,0.02,0.01,37.7,13.0,1.99,28.5,34.5,82.7,0.32,10.4,4.29,278.0,4.56,12.8,6.6,3.02,441.0,6.6,321.1,1.1,13.1,0.12,17.0,10.0,32.75
0.0,35.308825910931176,33.24291497975708,38.59178535606821,84.0960219478738,73.69953051643192,18.785260770975057,0.1272119815668203,136.0293103448276,1.1425579536370902,104.25520833333331,252.93801652892563,82.73687055837563,0.03,0.04,36.1,12.1,1.31,30.6,33.5,91.2,0.25,10.8,2.52,132.0,3.96,12.8,4.2,4.08,441.0,11.9,321.1,1.1,13.1,0.12,17.0,10.0,32.75
0.0,35.308825910931176,33.24291497975708,38.59178535606821,84.0960219478738,73.69953051643192,18.785260770975057,0.1272119815668203,136.0293103448276,1.1425579536370902,104.25520833333331,252.93801652892563,82.73687055837563,0.03,0.06,36.4,12.6,2.7,30.4,34.6,87.7,0.68,9.6,3.81,306.0,4.15,13.2,7.3,3.02,441.0,125.95,321.1,1.1,13.1,0.12,17.0,10.0,32.75
0.0,35.308825910931176,33.24291497975708,38.59178535606821,84.0960219478738,73.69953051643192,18.785260770975057,0.1272119815668203,136.0293103448276,1.1425579536370902,104.25520833333331,252.93801652892563,82.73687055837563,0.03,0.08,37.7,12.6,1.92,28.6,33.4,85.7,0.42,10.1,4.8,387.0,4.4,13.4,7.3,12.5,441.0,81.7,321.1,1.2,14.3,0.12,63.0,10.0,34.6
0.0,35.308825910931176,33.24291497975708,38.59178535606821,84.0960219478738,73.69953051643192,18.785260770975057,0.1272119815668203,136.0293103448276,1.1425579536370902,104.25520833333331,252.93801652892563,82.73687055837563,0.03,0.12,30.1,9.6,1.75,26.5,31.9,83.1,0.41,11.6,3.64,351.0,3.62,14.7,6.0,279.0,1330.0,1431.9,379.07,1.12,13.3,53.0,51.0,10.0,40.6
0.0,35.308825910931176,33.24291497975708,38.59178535606821,84.0960219478738,73.69953051643192,18.785260770975057,0.1272119815668203,136.0293103448276,1.1425579536370902,104.25520833333331,252.93801652892563,82.73687055837563,0.01,0.0,34.9,11.4,1.16,27.1,32.7,82.9,0.23,11.9,4.17,138.0,4.21,13.5,5.6,18.4,441.0,290.5,406.14,1.1,13.1,0.12,17.0,10.0,38.2
0.0,35.308825910931176,33.24291497975708,38.59178535606821,84.0960219478738,73.69953051643192,18.785260770975057,0.1272119815668203,136.0293103448276,1.1425579536370902,104.25520833333331,252.93801652892563,82.73687055837563,0.01,0.03,33.8,11.1,1.36,30.3,32.8,92.3,0.4,9.9,3.45,291.0,3.66,15.0,5.3,14.0,441.0,125.95,321.1,1.1,13.1,22.0,17.0,10.0,32.75
0.0,35.308825910931176,33.24291497975708,38.59178535606821,84.0960219478738,73.69953051643192,18.785260770975057,0.1272119815668203,136.0293103448276,1.1425579536370902,104.25520833333331,252.93801652892563,82.73687055837563,0.02,0.06,34.0,10.5,1.49,22.3,30.9,72.2,0.51,11.0,4.83,209.0,4.71,16.9,6.9,14.5,1188.59,17.7,402.76,1.1,13.1,0.12,17.0,10.0,32.75
0.0,35.308825910931176,33.24291497975708,38.59178535606821,84.0960219478738,73.69953051643192,18.785260770975057,0.1272119815668203,136.0293103448276,1.1425579536370902,104.25520833333331,252.93801652892563,82.73687055837563,0.0,0.0,28.6,8.9,0.93,27.5,31.1,88.3,0.35,10.9,3.81,158.0,3.24,21.4,5.1,4.48,923.44,125.95,321.1,1.1,13.1,0.12,17.0,10.0,32.75
0.0,35.308825910931176,33.24291497975708,38.59178535606821,84.0960219478738,73.69953051643192,18.785260770975057,0.1272119815668203,136.0293103448276,1.1425579536370902,104.25520833333331,252.93801652892563,82.73687055837563,0.03,0.06,39.4,13.3,2.72,28.7,33.8,84.9,0.51,9.2,3.36,286.0,4.64,12.7,6.7,3.02,441.0,137.7,230.26,1.1,13.1,0.12,2.0,10.0,32.75
0.0,35.308825910931176,33.24291497975708,38.59178535606821,84.0960219478738,73.69953051643192,18.785260770975057,0.1272119815668203,136.0293103448276,1.1425579536370902,104.25520833333331,252.93801652892563,82.73687055837563,0.01,0.01,40.4,13.4,0.85,30.0,33.2,90.4,0.37,9.8,1.35,226.0,4.47,12.5,2.6,13.7,441.0,65.6,327.37,1.1,13.1,0.12,18.0,10.0,32.75
0.0,35.308825910931176,33.24291497975708,38.59178535606821,84.0960219478738,73.69953051643192,18.785260770975057,0.1272119815668203,136.0293103448276,1.1425579536370902,104.25520833333331,252.93801652892563,82.73687055837563,0.01,0.0,33.2,11.4,0.94,30.1,34.3,87.6,0.41,10.8,4.81,253.0,3.79,11.9,6.2,92.1,296.0,205.3,352.34,1.18,14.0,0.12,17.0,10.0,34.2
0.0,35.308825910931176,33.24291497975708,38.59178535606821,84.0960219478738,73.69953051643192,18.785260770975057,0.1272119815668203,136.0293103448276,1.1425579536370902,104.25520833333331,252.93801652892563,82.73687055837563,0.05,0.0,34.5,11.7,0.73,28.7,33.9,84.8,0.6,10.4,6.1,392.0,4.07,13.0,7.5,14.0,3215.65,683.4,428.97,1.2,14.2,13.0,35.0,10.0,44.5
0.0,35.308825910931176,33.24291497975708,38.59178535606821,84.0960219478738,73.69953051643192,18.785260770975057,0.1272119815668203,136.0293103448276,1.1425579536370902,104.25520833333331,252.93801652892563,82.73687055837563,0.02,0.04,42.3,13.9,1.74,26.3,32.9,80.0,0.43,10.8,1.58,204.0,5.29,12.3,3.8,21.6,812.89,206.8,321.1,1.1,13.1,0.12,17.0,10.0,32.75
0.0,35.308825910931176,33.24291497975708,38.59178535606821,84.0960219478738,73.69953051643192,18.785260770975057,0.1272119815668203,136.0293103448276,1.1425579536370902,104.25520833333331,252.93801652892563,82.73687055837563,0.05,0.03,38.7,12.3,1.48,27.1,31.8,85.2,0.58,8.9,3.58,340.0,4.54,14.1,5.7,5.76,441.0,125.95,321.1,1.1,13.1,0.12,17.0,10.0,32.75
0.0,35.308825910931176,33.24291497975708,38.59178535606821,84.0960219478738,73.69953051643192,18.785260770975057,0.1272119815668203,136.0293103448276,1.1425579536370902,104.25520833333331,252.93801652892563,82.73687055837563,0.06,0.11,38.4,12.7,2.02,24.8,33.1,74.9,0.36,9.9,6.16,258.0,5.13,14.5,8.7,36.3,441.0,399.6,362.78,1.06,12.7,0.12,77.0,10.0,23.5
0.0,35.308825910931176,33.24291497975708,38.59178535606821,84.0960219478738,73.69953051643192,18.785260770975057,0.1272119815668203,136.0293103448276,1.1425579536370902,104.25520833333331,252.93801652892563,82.73687055837563,0.03,0.04,34.1,10.8,0.92,26.3,31.7,83.0,0.53,9.5,10.87,435.0,4.11,14.5,12.4,14.1,441.0,125.95,321.1,1.1,13.1,0.12,17.0,10.0,32.75
0.0,35.308825910931176,33.24291497975708,38.59178535606821,84.0960219478738,73.69953051643192,18.785260770975057,0.1272119815668203,136.0293103448276,1.1425579536370902,104.25520833333331,252.93801652892563,82.73687055837563,0.01,0.0,42.8,14.7,0.48,30.8,34.3,89.5,0.2,11.1,8.96,157.0,4.78,12.1,9.7,3.14,441.0,125.95,321.1,1.1,13.1,0.12,17.0,10.0,32.75
0.0,35.308825910931176,33.24291497975708,38.59178535606821,84.0960219478738,73.69953051643192,18.785260770975057,0.1272119815668203,136.0293103448276,1.1425579536370902,104.25520833333331,252.93801652892563,82.73687055837563,0.07,0.26,44.5,14.4,2.6,27.7,32.4,85.7,1.12,9.2,7.08,319.0,5.19,12.7,11.1,78.4,441.0,125.95,321.1,1.1,13.1,24.0,17.0,10.0,32.75
0.0,35.308825910931176,33.24291497975708,38.59178535606821,84.0960219478738,73.69953051643192,18.785260770975057,0.1272119815668203,136.0293103448276,1.1425579536370902,104.25520833333331,252.93801652892563,82.73687055837563,0.06,0.06,42.5,15.3,2.85,29.1,36.0,81.0,0.73,9.5,4.16,299.0,5.25,11.6,7.9,68.1,441.0,398.7,286.39,1.14,13.6,17.0,59.0,10.0,33.3
0.0,35.308825910931176,33.24291497975708,38.59178535606821,84.0960219478738,73.69953051643192,18.785260770975057,0.1272119815668203,136.0293103448276,1.1425579536370902,104.25520833333331,252.93801652892563,82.73687055837563,0.01,0.25,35.8,12.4,1.11,29.0,34.6,83.8,0.36,8.9,2.0,192.0,4.27,12.7,3.7,5.46,441.0,125.95,321.1,1.1,13.1,0.12,17.0,10.0,32.75
0.0,35.308825910931176,33.24291497975708,38.59178535606821,84.0960219478738,73.69953051643192,18.785260770975057,0.1272119815668203,136.0293103448276,1.1425579536370902,104.25520833333331,252.93801652892563,82.73687055837563,0.03,0.09,39.6,14.0,2.03,29.8,35.4,84.3,0.68,10.2,4.76,227.0,4.7,12.7,7.6,85.1,441.0,125.95,321.1,1.1,13.1,0.12,17.0,10.0,32.75
0.0,35.308825910931176,33.24291497975708,38.59178535606821,84.0960219478738,73.69953051643192,18.785260770975057,0.1272119815668203,136.0293103448276,1.1425579536370902,104.25520833333331,252.93801652892563,82.73687055837563,0.03,0.11,34.9,11.7,2.11,26.4,33.5,78.8,0.29,11.2,2.01,227.0,4.43,18.5,4.6,9.95,441.0,108.6,321.1,1.1,13.1,0.12,17.0,10.0,32.75
0.0,35.308825910931176,33.24291497975708,38.59178535606821,84.0960219478738,73.69953051643192,18.785260770975057,0.1272119815668203,136.0293103448276,1.1425579536370902,104.25520833333331,252.93801652892563,82.73687055837563,0.06,0.11,41.0,13.4,2.93,28.8,32.7,88.0,0.45,9.8,3.64,429.0,4.66,13.9,7.2,6.21,441.0,52.0,290.7,1.1,13.1,0.12,59.0,10.0,32.75
0.0,35.308825910931176,33.24291497975708,38.59178535606821,84.0960219478738,73.69953051643192,18.785260770975057,0.1272119815668203,136.0293103448276,1.1425579536370902,104.25520833333331,252.93801652892563,82.73687055837563,0.03,0.23,47.6,16.8,2.16,29.7,35.3,84.1,0.5,11.7,4.03,157.0,5.66,12.1,7.0,10.1,279.0,125.95,321.1,1.1,13.1,0.12,17.0,10.0,32.75
0.0,35.308825910931176,33.24291497975708,38.59178535606821,84.0960219478738,73.69953051643192,18.785260770975057,0.1272119815668203,136.0293103448276,1.1425579536370902,104.25520833333331,252.93801652892563,82.73687055837563,0.01,0.01,31.8,10.7,0.7,26.9,33.6,79.9,0.32,10.7,1.92,121.0,3.98,13.7,3.0,3.02,441.0,26.4,321.1,1.1,13.1,0.12,3.0,10.0,32.75
0.0,35.308825910931176,33.24291497975708,38.59178535606821,84.0960219478738,73.69953051643192,18.785260770975057,0.1272119815668203,136.0293103448276,1.1425579536370902,104.25520833333331,252.93801652892563,82.73687055837563,0.04,0.0,38.5,14.0,0.86,28.6,36.4,78.6,0.62,9.7,10.45,310.0,4.9,12.7,12.0,19.8,441.0,432.6,321.1,1.1,13.1,0.12,18.0,10.0,32.75
0.0,35.308825910931176,33.24291497975708,38.59178535606821,84.0960219478738,73.69953051643192,18.785260770975057,0.1272119815668203,136.0293103448276,1.1425579536370902,104.25520833333331,252.93801652892563,82.73687055837563,0.01,0.0,39.2,13.6,0.8,28.8,34.7,82.9,0.72,10.4,8.59,249.0,4.73,11.9,10.1,10.2,441.0,860.8,479.27,1.52,17.8,0.12,17.0,10.0,56.9
0.0,35.308825910931176,33.24291497975708,38.59178535606821,84.0960219478738,73.69953051643192,18.785260770975057,0.1272119815668203,136.0293103448276,1.1425579536370902,104.25520833333331,252.93801652892563,82.73687055837563,0.01,0.0,40.9,13.7,1.12,29.1,33.5,86.8,1.0,9.8,8.69,157.0,4.71,13.4,10.8,18.7,441.0,598.7,230.26,1.19,14.1,0.12,10.0,10.0,30.5
0.0,35.308825910931176,33.24291497975708,38.59178535606821,84.0960219478738,73.69953051643192,18.785260770975057,0.1272119815668203,136.0293103448276,1.1425579536370902,104.25520833333331,252.93801652892563,82.73687055837563,0.09,0.29,37.6,12.1,1.18,28.6,32.2,88.9,0.79,10.5,4.93,277.0,4.23,13.1,7.3,3.02,553.0,125.95,321.1,1.1,13.1,0.12,17.0,10.0,32.75
0.0,35.308825910931176,33.24291497975708,38.59178535606821,84.0960219478738,73.69953051643192,18.785260770975057,0.1272119815668203,136.0293103448276,1.1425579536370902,104.25520833333331,252.93801652892563,82.73687055837563,0.01,0.12,42.0,14.5,1.73,29.8,34.5,86.4,0.6,11.7,4.83,179.0,4.86,12.4,7.3,3.14,50.02,84.3,290.7,1.03,12.3,0.12,17.0,10.0,26.8
0.0,35.308825910931176,33.24291497975708,38.59178535606821,84.0960219478738,73.69953051643192,18.785260770975057,0.1272119815668203,136.0293103448276,1.1425579536370902,104.25520833333331,252.93801652892563,82.73687055837563,0.0,0.03,37.6,12.3,1.49,24.6,32.7,75.4,0.21,10.4,2.46,230.0,4.99,14.5,4.2,3.02,441.0,125.95,321.1,1.1,13.1,0.12,17.0,10.0,32.75
0.0,35.308825910931176,33.24291497975708,38.59178535606821,84.0960219478738,73.69953051643192,18.785260770975057,0.1272119815668203,136.0293103448276,1.1425579536370902,104.25520833333331,252.93801652892563,82.73687055837563,0.01,0.11,33.3,11.6,0.56,28.5,34.8,81.8,0.24,10.6,4.56,215.0,4.07,12.6,5.5,87.1,441.0,125.95,321.1,1.1,13.1,0.12,17.0,10.0,32.75
0.0,35.308825910931176,33.24291497975708,38.59178535606821,84.0960219478738,73.69953051643192,18.785260770975057,0.1272119815668203,136.0293103448276,1.1425579536370902,104.25520833333331,252.93801652892563,82.73687055837563,0.03,0.01,39.8,13.2,2.52,26.9,33.2,81.2,0.56,9.5,2.3,361.0,4.9,13.5,5.4,3.02,244.45,122.8,321.47,1.1,13.1,0.12,2.0,10.0,32.75
0.0,35.308825910931176,33.24291497975708,38.59178535606821,84.0960219478738,73.69953051643192,18.785260770975057,0.1272119815668203,136.0293103448276,1.1425579536370902,104.25520833333331,252.93801652892563,82.73687055837563,0.02,0.0,32.5,10.6,0.63,19.0,32.6,58.2,0.5,10.389577103801797,9.61,332.0,5.58,15.3,10.8,6.95,441.0,125.95,321.1,1.1,13.1,0.12,17.0,10.0,32.75
0.0,35.308825910931176,33.24291497975708,38.59178535606821,84.0960219478738,73.69953051643192,18.785260770975057,0.1272119815668203,136.0293103448276,1.1425579536370902,104.25520833333331,252.93801652892563,82.73687055837563,0.01,0.0,42.3,14.3,0.56,27.9,33.8,82.6,0.14,10.3,4.04,256.0,5.12,14.0,4.8,20.9,441.0,240.5,321.1,1.1,13.1,15.0,17.0,10.0,32.75
0.0,35.308825910931176,33.24291497975708,38.59178535606821,84.0960219478738,73.69953051643192,18.785260770975057,0.1272119815668203,136.0293103448276,1.1425579536370902,104.25520833333331,252.93801652892563,82.73687055837563,0.01,0.0,33.5,10.8,0.44,25.9,32.2,80.3,0.32,9.9,4.88,192.0,4.17,13.6,5.7,3.25,43.64,86.2,296.79,1.01,12.1,0.12,17.0,10.0,27.1
0.0,35.308825910931176,33.24291497975708,38.59178535606821,84.0960219478738,73.69953051643192,18.785260770975057,0.1272119815668203,136.0293103448276,1.1425579536370902,104.25520833333331,252.93801652892563,82.73687055837563,0.03,0.02,42.1,13.8,1.07,28.7,32.8,87.5,0.7,11.3,3.64,257.0,4.81,13.7,5.5,3.2,56.41,217.6,346.56,1.02,12.2,0.12,17.0,10.0,36.2
0.0,35.308825910931176,33.24291497975708,38.59178535606821,84.0960219478738,73.69953051643192,18.785260770975057,0.1272119815668203,136.0293103448276,1.1425579536370902,104.25520833333331,252.93801652892563,82.73687055837563,0.01,0.02,39.6,14.0,1.63,29.0,35.4,82.0,0.78,10.8,4.38,203.0,4.83,13.3,6.8,3.02,441.0,125.95,321.1,1.1,13.1,0.12,17.0,10.0,32.75
0.0,35.308825910931176,33.24291497975708,38.59178535606821,84.0960219478738,73.69953051643192,18.785260770975057,0.1272119815668203,136.0293103448276,1.1425579536370902,104.25520833333331,252.93801652892563,82.73687055837563,0.03,0.08,40.1,13.2,1.76,28.3,32.9,86.1,0.62,12.1,3.38,251.0,4.66,12.6,5.9,3.02,441.0,202.6,227.96,1.1,13.1,0.12,2.0,10.0,32.75
0.0,35.308825910931176,33.24291497975708,38.59178535606821,84.0960219478738,73.69953051643192,18.785260770975057,0.1272119815668203,136.0293103448276,1.1425579536370902,104.25520833333331,252.93801652892563,82.73687055837563,0.01,0.01,37.5,13.3,1.22,33.1,35.5,93.3,0.32,10.3,6.9,265.0,4.02,12.8,8.5,12.8,441.0,137.9,321.1,1.1,13.1,0.12,3.0,10.0,32.75
0.0,35.308825910931176,33.24291497975708,38.59178535606821,84.0960219478738,73.69953051643192,18.785260770975057,0.1272119815668203,136.0293103448276,1.1425579536370902,104.25520833333331,252.93801652892563,82.73687055837563,0.03,0.1,33.9,10.8,0.69,26.0,31.9,81.7,0.49,11.4,3.23,223.0,4.15,15.8,4.5,3.02,441.0,125.95,321.1,1.1,13.1,0.12,17.0,10.0,32.75
0.0,35.308825910931176,33.24291497975708,38.59178535606821,84.0960219478738,73.69953051643192,18.785260770975057,0.1272119815668203,136.0293103448276,1.1425579536370902,104.25520833333331,252.93801652892563,82.73687055837563,0.04,0.08,44.5,16.1,1.98,28.9,36.2,79.7,0.59,10.3,2.58,268.0,5.58,12.6,5.3,3.02,325.0,298.5,302.81,1.1,13.1,0.12,5.0,10.0,32.75
0.0,35.308825910931176,33.24291497975708,38.59178535606821,84.0960219478738,73.69953051643192,18.785260770975057,0.1272119815668203,136.0293103448276,1.1425579536370902,104.25520833333331,252.93801652892563,82.73687055837563,0.01,0.04,41.2,14.7,0.89,31.0,35.7,86.9,0.58,10.0,1.98,163.0,4.74,11.9,3.5,3.02,441.0,111.2,321.1,1.1,13.1,0.12,3.0,10.0,32.75
0.0,35.308825910931176,33.24291497975708,38.59178535606821,84.0960219478738,73.69953051643192,18.785260770975057,0.1272119815668203,136.0293103448276,1.1425579536370902,104.25520833333331,252.93801652892563,82.73687055837563,0.12,0.29,50.1,16.7,2.06,28.2,33.3,84.5,0.96,10.8,9.27,465.0,5.93,13.3,12.7,11.1,781.77,1604.5,445.97,1.11,13.2,0.12,17.0,10.0,32.1
0.0,35.308825910931176,33.24291497975708,38.59178535606821,84.0960219478738,73.69953051643192,18.785260770975057,0.1272119815668203,136.0293103448276,1.1425579536370902,104.25520833333331,252.93801652892563,82.73687055837563,0.07,0.0,42.1,13.9,0.65,29.4,33.0,89.2,1.2,10.4,14.15,304.0,4.72,13.3,16.1,4.98,441.0,125.95,321.1,1.1,13.1,0.12,17.0,10.0,32.75
0.0,35.308825910931176,33.24291497975708,38.59178535606821,84.0960219478738,73.69953051643192,18.785260770975057,0.1272119815668203,136.0293103448276,1.1425579536370902,104.25520833333331,252.93801652892563,82.73687055837563,0.03,0.11,37.2,12.2,1.79,24.3,32.8,74.1,0.37,8.9,2.21,204.0,5.02,0.0,4.5,6.92,441.0,125.95,321.1,1.1,13.1,0.12,17.0,10.0,32.75
0.0,35.308825910931176,33.24291497975708,38.59178535606821,84.0960219478738,73.69953051643192,18.785260770975057,0.1272119815668203,136.0293103448276,1.1425579536370902,104.25520833333331,252.93801652892563,82.73687055837563,0.08,0.44,42.7,14.8,2.31,28.4,34.7,82.0,0.75,10.8,4.44,243.0,5.21,13.1,8.0,3.02,441.0,40.6,321.1,1.1,13.1,0.12,8.0,10.0,32.75
0.0,35.308825910931176,33.24291497975708,38.59178535606821,84.0960219478738,73.69953051643192,18.785260770975057,0.1272119815668203,136.0293103448276,1.1425579536370902,104.25520833333331,252.93801652892563,82.73687055837563,0.03,0.04,44.5,16.2,1.18,32.0,36.4,87.9,0.4,9.1,5.28,211.0,5.06,12.3,6.9,6.76,441.0,125.95,321.1,1.1,13.1,0.12,17.0,10.0,32.75
0.0,35.308825910931176,33.24291497975708,38.59178535606821,84.0960219478738,73.69953051643192,18.785260770975057,0.1272119815668203,136.0293103448276,1.1425579536370902,104.25520833333331,252.93801652892563,82.73687055837563,0.02,0.09,44.4,14.5,1.55,25.9,32.7,79.4,0.47,9.8,2.93,290.0,5.59,12.7,5.1,18.9,441.0,389.7,354.74,1.09,13.0,0.12,82.0,10.0,31.6
0.0,35.308825910931176,33.24291497975708,38.59178535606821,84.0960219478738,73.69953051643192,18.785260770975057,0.1272119815668203,136.0293103448276,1.1425579536370902,104.25520833333331,252.93801652892563,82.73687055837563,0.01,0.09,44.8,15.1,2.08,28.8,33.7,85.5,0.4,10.8,1.82,160.0,5.24,12.5,4.4,13.5,441.0,137.9,342.21,1.09,13.0,0.12,17.0,10.0,32.75
0.0,35.308825910931176,33.24291497975708,38.59178535606821,84.0960219478738,73.69953051643192,18.785260770975057,0.1272119815668203,136.0293103448276,1.1425579536370902,104.25520833333331,252.93801652892563,82.73687055837563,0.05,0.01,43.8,14.4,1.48,28.9,32.9,88.0,0.91,9.8,3.08,245.0,4.98,13.6,5.5,12.5,441.0,125.95,321.1,1.1,13.1,0.12,17.0,10.0,32.75
0.0,35.308825910931176,33.24291497975708,38.59178535606821,84.0960219478738,73.69953051643192,18.785260770975057,0.1272119815668203,136.0293103448276,1.1425579536370902,104.25520833333331,252.93801652892563,82.73687055837563,0.06,0.16,46.3,16.3,2.97,29.9,35.2,84.8,0.85,11.1,4.55,225.0,5.46,12.6,8.6,84.6,2730.0,488.4,391.83,0.9,10.9,0.12,42.0,10.0,28.7
0.0,35.308825910931176,33.24291497975708,38.59178535606821,84.0960219478738,73.69953051643192,18.785260770975057,0.1272119815668203,136.0293103448276,1.1425579536370902,104.25520833333331,252.93801652892563,82.73687055837563,0.06,0.12,47.0,16.8,1.99,29.3,35.7,82.0,0.49,10.7,4.31,184.0,5.73,12.7,7.0,34.9,441.0,125.95,321.1,1.1,13.1,0.12,17.0,10.0,32.75
0.0,35.308825910931176,33.24291497975708,38.59178535606821,84.0960219478738,73.69953051643192,18.785260770975057,0.1272119815668203,136.0293103448276,1.1425579536370902,104.25520833333331,252.93801652892563,82.73687055837563,0.04,0.05,47.2,16.8,1.22,28.6,35.6,80.4,0.7,11.4,2.28,188.0,5.87,12.6,4.3,94.9,441.0,374.5,321.1,1.1,13.1,0.12,66.0,10.0,32.75
0.0,35.308825910931176,33.24291497975708,38.59178535606821,84.0960219478738,73.69953051643192,18.785260770975057,0.1272119815668203,136.0293103448276,1.1425579536370902,104.25520833333331,252.93801652892563,82.73687055837563,0.02,0.13,44.3,15.5,2.38,28.7,35.0,81.9,0.33,9.3,1.82,218.0,5.41,11.8,4.7,3.02,441.0,125.95,321.1,1.1,13.1,0.12,17.0,10.0,32.75
0.0,35.308825910931176,33.24291497975708,38.59178535606821,84.0960219478738,73.69953051643192,18.785260770975057,0.1272119815668203,136.0293103448276,1.1425579536370902,104.25520833333331,252.93801652892563,82.73687055837563,0.05,0.21,51.0,17.8,1.63,31.2,34.9,89.5,0.72,10.1,8.23,213.0,5.7,12.6,10.8,5.45,441.0,125.95,321.1,1.1,13.1,0.12,17.0,10.0,32.75
0.0,35.308825910931176,33.24291497975708,38.59178535606821,84.0960219478738,73.69953051643192,18.785260770975057,0.1272119815668203,136.0293103448276,1.1425579536370902,104.25520833333331,252.93801652892563,82.73687055837563,0.04,0.17,49.4,17.2,2.84,28.9,34.8,82.9,0.46,10.9,3.89,279.0,5.96,12.5,7.4,3.02,441.0,125.95,321.1,1.1,13.1,0.12,17.0,10.0,32.75
0.0,35.308825910931176,33.24291497975708,38.59178535606821,84.0960219478738,73.69953051643192,18.785260770975057,0.1272119815668203,136.0293103448276,1.1425579536370902,104.25520833333331,252.93801652892563,82.73687055837563,0.02,0.05,44.4,15.6,1.64,30.0,35.1,85.4,0.3,11.0,2.64,159.0,5.2,12.2,4.7,34.5,441.0,125.95,321.1,1.1,13.1,16.0,17.0,10.0,32.75
0.0,35.308825910931176,33.24291497975708,38.59178535606821,84.0960219478738,73.69953051643192,18.785260770975057,0.1272119815668203,136.0293103448276,1.1425579536370902,104.25520833333331,252.93801652892563,82.73687055837563,0.01,0.0,40.8,14.4,0.36,28.7,35.3,81.4,0.48,10.3,7.38,133.0,5.01,12.9,8.2,152.0,441.0,125.95,321.1,1.1,13.1,0.12,17.0,10.0,32.75
0.0,35.308825910931176,33.24291497975708,38.59178535606821,84.0960219478738,73.69953051643192,18.785260770975057,0.1272119815668203,136.0293103448276,1.1425579536370902,104.25520833333331,252.93801652892563,82.73687055837563,0.02,0.11,46.9,16.9,1.56,30.3,36.0,84.2,0.43,11.2,3.71,0.0,5.57,12.9,5.8,3.02,441.0,125.95,321.1,1.1,13.1,0.12,17.0,10.0,32.75
0.0,35.308825910931176,33.24291497975708,38.59178535606821,84.0960219478738,73.69953051643192,18.785260770975057,0.1272119815668203,136.0293103448276,1.1425579536370902,104.25520833333331,252.93801652892563,82.73687055837563,0.04,0.19,42.4,15.0,2.27,29.6,35.4,83.6,0.79,10.4,4.48,221.0,5.07,13.0,7.8,3.14,41.51,40.6,314.72,1.06,12.7,0.12,17.0,10.0,28.6
0.0,35.308825910931176,33.24291497975708,38.59178535606821,84.0960219478738,73.69953051643192,18.785260770975057,0.1272119815668203,136.0293103448276,1.1425579536370902,104.25520833333331,252.93801652892563,82.73687055837563,0.02,0.11,41.1,14.3,1.31,30.6,34.8,88.0,0.41,10.3,3.46,274.0,4.67,12.4,5.3,3.02,441.0,65.0,321.1,1.1,13.1,0.12,16.0,10.0,32.75
0.0,35.308825910931176,33.24291497975708,38.59178535606821,84.0960219478738,73.69953051643192,18.785260770975057,0.1272119815668203,136.0293103448276,1.1425579536370902,104.25520833333331,252.93801652892563,82.73687055837563,0.02,0.0,37.9,13.1,1.22,28.5,34.6,82.4,0.57,10.4,8.69,284.0,4.6,12.2,10.5,3.02,441.0,68.8,321.1,1.1,13.1,0.12,17.0,10.0,32.75
0.0,35.308825910931176,33.24291497975708,38.59178535606821,84.0960219478738,73.69953051643192,18.785260770975057,0.1272119815668203,136.0293103448276,1.1425579536370902,104.25520833333331,252.93801652892563,82.73687055837563,0.04,0.08,38.5,13.1,1.28,30.3,34.0,88.9,0.88,9.3,4.23,307.0,4.33,13.2,6.5,3.14,1.06,50.6,286.39,1.12,13.4,0.12,17.0,10.0,32.2
0.0,35.308825910931176,33.24291497975708,38.59178535606821,84.0960219478738,73.69953051643192,18.785260770975057,0.1272119815668203,136.0293103448276,1.1425579536370902,104.25520833333331,252.93801652892563,82.73687055837563,0.02,0.1,46.2,15.7,1.64,30.2,34.0,88.8,1.08,9.8,3.63,252.0,5.2,12.4,6.5,3.02,441.0,97.6,277.71,1.1,13.1,0.12,10.0,10.0,32.75
0.0,35.308825910931176,33.24291497975708,38.59178535606821,84.0960219478738,73.69953051643192,18.785260770975057,0.1272119815668203,136.0293103448276,1.1425579536370902,104.25520833333331,252.93801652892563,82.73687055837563,0.05,0.28,40.8,14.1,2.92,28.1,34.6,81.3,0.51,9.5,3.07,251.0,5.02,13.6,6.8,3.02,441.0,280.0,321.1,1.1,13.1,0.12,3.0,10.0,32.75
0.0,35.308825910931176,33.24291497975708,38.59178535606821,84.0960219478738,73.69953051643192,18.785260770975057,0.1272119815668203,136.0293103448276,1.1425579536370902,104.25520833333331,252.93801652892563,82.73687055837563,0.02,0.15,32.8,11.2,2.22,28.2,34.1,82.6,0.93,10.1,4.74,365.0,3.97,12.8,8.1,3.02,196.0,100.2,287.8,1.1,13.1,0.12,2.0,10.0,32.75
0.0,35.308825910931176,33.24291497975708,38.59178535606821,84.0960219478738,73.69953051643192,18.785260770975057,0.1272119815668203,136.0293103448276,1.1425579536370902,104.25520833333331,252.93801652892563,82.73687055837563,0.01,0.25,41.3,14.3,0.88,29.4,34.6,85.0,0.44,9.5,9.58,259.0,4.86,12.0,11.2,41.3,441.0,125.95,386.05,1.15,13.7,24.0,11.0,10.0,33.7
0.0,35.308825910931176,33.24291497975708,38.59178535606821,84.0960219478738,73.69953051643192,18.785260770975057,0.1272119815668203,136.0293103448276,1.1425579536370902,104.25520833333331,252.93801652892563,82.73687055837563,0.06,0.2,47.3,16.2,3.02,28.5,34.2,83.1,0.61,10.3,3.17,292.0,5.69,13.2,7.1,4.09,441.0,141.6,287.8,1.26,14.9,0.12,6.0,10.0,45.9
0.0,35.308825910931176,33.24291497975708,38.59178535606821,84.0960219478738,73.69953051643192,18.785260770975057,0.1272119815668203,136.0293103448276,1.1425579536370902,104.25520833333331,252.93801652892563,82.73687055837563,0.01,0.01,38.7,14.0,0.35,29.0,36.2,80.3,0.41,8.6,10.08,306.0,4.82,12.7,10.9,3.02,80.0,56.7,225.7,1.1,13.1,0.12,6.0,10.0,32.75
0.0,35.308825910931176,33.24291497975708,38.59178535606821,84.0960219478738,73.69953051643192,18.785260770975057,0.1272119815668203,136.0293103448276,1.1425579536370902,104.25520833333331,252.93801652892563,82.73687055837563,0.02,0.16,46.0,15.1,2.14,30.8,32.8,93.9,0.83,11.1,6.55,244.0,4.9,12.2,9.7,7.68,377.89,338.4,321.1,1.1,13.1,0.12,17.0,10.0,32.75
0.0,35.308825910931176,33.24291497975708,38.59178535606821,84.0960219478738,73.69953051643192,18.785260770975057,0.1272119815668203,136.0293103448276,1.1425579536370902,104.25520833333331,252.93801652892563,82.73687055837563,0.02,0.01,27.3,8.6,1.35,24.6,31.5,78.0,1.76,10.389577103801797,4.66,125.0,3.5,18.6,7.8,6.76,102.0,125.95,321.1,1.1,13.1,0.12,17.0,10.0,32.75
0.0,35.308825910931176,33.24291497975708,38.59178535606821,84.0960219478738,73.69953051643192,18.785260770975057,0.1272119815668203,136.0293103448276,1.1425579536370902,104.25520833333331,252.93801652892563,82.73687055837563,0.01,0.0,38.2,13.9,0.59,29.3,36.4,80.4,0.13,8.7,8.58,322.0,4.75,12.4,9.3,11.7,650.0,255.2,350.0,1.12,13.3,0.12,17.0,10.0,29.3
0.0,35.308825910931176,33.24291497975708,38.59178535606821,84.0960219478738,73.69953051643192,18.785260770975057,0.1272119815668203,136.0293103448276,1.1425579536370902,104.25520833333331,252.93801652892563,82.73687055837563,0.04,0.08,41.9,15.1,1.5,30.9,36.0,85.9,1.04,9.2,4.13,276.0,4.88,11.9,6.8,15.2,441.0,292.5,289.24,1.1,13.1,0.12,30.0,10.0,32.75
0.0,35.308825910931176,33.24291497975708,38.59178535606821,84.0960219478738,73.69953051643192,18.785260770975057,0.1272119815668203,136.0293103448276,1.1425579536370902,104.25520833333331,252.93801652892563,82.73687055837563,0.04,0.08,45.1,15.6,1.81,29.7,34.6,85.7,0.79,10.4,6.35,215.0,5.26,13.1,9.1,38.7,441.0,718.8,321.1,1.1,13.1,26.0,17.0,10.0,32.75
0.0,35.308825910931176,33.24291497975708,38.59178535606821,84.0960219478738,73.69953051643192,18.785260770975057,0.1272119815668203,136.0293103448276,1.1425579536370902,104.25520833333331,252.93801652892563,82.73687055837563,0.03,0.13,49.1,16.4,2.07,28.3,33.4,84.7,0.49,10.4,3.97,226.0,5.8,12.3,6.7,92.7,441.0,366.5,321.1,1.1,13.1,15.0,17.0,10.0,32.75
0.0,35.308825910931176,33.24291497975708,38.59178535606821,84.0960219478738,73.69953051643192,18.785260770975057,0.1272119815668203,136.0293103448276,1.1425579536370902,104.25520833333331,252.93801652892563,82.73687055837563,0.04,0.03,44.6,15.2,2.28,28.0,34.1,82.3,0.47,10.0,3.65,208.0,5.42,13.2,6.5,3.02,441.0,121.3,321.1,1.1,13.1,0.12,17.0,10.0,32.75
0.0,35.308825910931176,33.24291497975708,38.59178535606821,84.0960219478738,73.69953051643192,18.785260770975057,0.1272119815668203,136.0293103448276,1.1425579536370902,104.25520833333331,252.93801652892563,82.73687055837563,0.03,0.19,40.2,13.9,2.5,27.0,34.6,78.2,0.32,9.1,1.14,214.0,5.14,12.0,4.2,3.02,441.0,125.95,321.1,1.1,13.1,0.12,17.0,10.0,32.75
0.0,35.308825910931176,33.24291497975708,38.59178535606821,84.0960219478738,73.69953051643192,18.785260770975057,0.1272119815668203,136.0293103448276,1.1425579536370902,104.25520833333331,252.93801652892563,82.73687055837563,0.03,0.05,43.1,14.8,2.75,28.7,34.3,83.5,0.71,10.7,3.42,254.0,5.16,12.8,7.0,30.4,441.0,479.6,321.1,1.1,13.1,0.12,17.0,10.0,32.75
0.0,35.308825910931176,33.24291497975708,38.59178535606821,84.0960219478738,73.69953051643192,18.785260770975057,0.1272119815668203,136.0293103448276,1.1425579536370902,104.25520833333331,252.93801652892563,82.73687055837563,0.04,0.05,43.2,15.9,0.96,30.5,36.8,82.9,1.22,10.9,5.11,192.0,5.21,12.0,7.4,8.54,225.02,496.4,376.87,1.12,13.4,0.12,17.0,10.0,32.8
0.0,35.308825910931176,33.24291497975708,38.59178535606821,84.0960219478738,73.69953051643192,18.785260770975057,0.1272119815668203,136.0293103448276,1.1425579536370902,104.25520833333331,252.93801652892563,82.73687055837563,0.03,0.08,46.7,16.7,1.26,28.5,35.8,79.7,0.58,10.1,2.57,150.0,5.86,12.7,4.5,3.02,441.0,76.5,321.1,1.1,13.1,0.12,2.0,10.0,32.75
0.0,35.308825910931176,33.24291497975708,38.59178535606821,84.0960219478738,73.69953051643192,18.785260770975057,0.1272119815668203,136.0293103448276,1.1425579536370902,104.25520833333331,252.93801652892563,82.73687055837563,0.05,0.21,39.9,12.9,2.66,25.5,32.3,78.9,0.87,10.5,5.5,247.0,5.06,13.8,9.3,3.02,441.0,363.8,324.41,1.1,13.1,0.12,11.0,3300.0,32.75
0.0,35.308825910931176,33.24291497975708,38.59178535606821,84.0960219478738,73.69953051643192,18.785260770975057,0.1272119815668203,136.0293103448276,1.1425579536370902,104.25520833333331,252.93801652892563,82.73687055837563,0.04,0.51,47.3,16.6,2.35,30.9,35.1,87.9,0.4,9.9,2.26,250.0,5.38,12.3,5.6,4.96,274.0,224.4,295.23,1.1,13.1,0.12,17.0,10.0,32.75
0.0,35.308825910931176,33.24291497975708,38.59178535606821,84.0960219478738,73.69953051643192,18.785260770975057,0.1272119815668203,136.0293103448276,1.1425579536370902,104.25520833333331,252.93801652892563,82.73687055837563,0.02,0.01,41.3,14.1,1.14,29.7,34.1,87.1,0.77,10.5,5.21,219.0,4.74,13.7,7.2,3.02,217.0,3.5,243.09,1.1,13.1,0.12,8.0,10.0,32.75
0.0,35.308825910931176,33.24291497975708,38.59178535606821,84.0960219478738,73.69953051643192,18.785260770975057,0.1272119815668203,136.0293103448276,1.1425579536370902,104.25520833333331,252.93801652892563,82.73687055837563,0.01,0.07,43.1,15.1,1.07,27.9,35.0,79.5,0.85,10.7,3.0,196.0,5.42,12.4,5.0,3.02,441.0,125.95,321.1,1.1,13.1,0.12,17.0,10.0,32.75
0.0,35.308825910931176,33.24291497975708,38.59178535606821,84.0960219478738,73.69953051643192,18.785260770975057,0.1272119815668203,136.0293103448276,1.1425579536370902,104.25520833333331,252.93801652892563,82.73687055837563,0.03,0.19,40.6,13.7,1.78,28.1,33.7,83.2,0.78,11.0,4.47,226.0,4.88,12.0,7.3,3.14,177.96,125.95,321.1,1.1,13.1,0.12,17.0,10.0,32.75
0.0,35.308825910931176,33.24291497975708,38.59178535606821,84.0960219478738,73.69953051643192,18.785260770975057,0.1272119815668203,136.0293103448276,1.1425579536370902,104.25520833333331,252.93801652892563,82.73687055837563,0.03,0.04,40.6,14.0,2.14,28.4,34.5,82.4,0.4,10.4,3.43,220.0,4.93,12.6,6.0,18.1,441.0,30.0,308.63,1.1,13.1,0.12,17.0,10.0,32.75
0.0,35.308825910931176,33.24291497975708,38.59178535606821,84.0960219478738,73.69953051643192,18.785260770975057,0.1272119815668203,136.0293103448276,1.1425579536370902,104.25520833333331,252.93801652892563,82.73687055837563,0.04,0.13,47.0,16.0,3.06,27.4,34.0,80.5,0.57,11.1,3.44,217.0,5.84,12.5,7.2,3.32,441.0,242.8,321.1,1.1,13.1,0.12,17.0,10.0,32.75
0.0,35.308825910931176,33.24291497975708,38.59178535606821,84.0960219478738,73.69953051643192,18.785260770975057,0.1272119815668203,136.0293103448276,1.1425579536370902,104.25520833333331,252.93801652892563,82.73687055837563,0.01,0.0,39.6,13.4,0.43,28.9,33.8,85.3,0.44,12.2,7.29,181.0,4.64,13.4,8.2,3.02,441.0,125.95,321.1,1.1,13.1,0.12,17.0,10.0,32.75
0.0,35.308825910931176,33.24291497975708,38.59178535606821,84.0960219478738,73.69953051643192,18.785260770975057,0.1272119815668203,136.0293103448276,1.1425579536370902,104.25520833333331,252.93801652892563,82.73687055837563,0.01,0.12,38.2,13.1,0.96,28.9,34.3,84.1,0.45,10.3,5.84,190.0,4.54,13.0,7.4,9.06,441.0,254.2,248.77,1.34,15.8,0.12,21.0,10.0,51.3
0.0,35.308825910931176,33.24291497975708,38.59178535606821,84.0960219478738,73.69953051643192,18.785260770975057,0.1272119815668203,136.0293103448276,1.1425579536370902,104.25520833333331,252.93801652892563,82.73687055837563,0.03,0.06,42.0,14.3,1.71,29.8,34.0,87.5,0.47,12.1,3.54,195.0,4.8,12.2,5.8,3.14,79.84,227.5,321.1,1.1,13.1,0.12,17.0,10.0,32.75
0.0,35.308825910931176,33.24291497975708,38.59178535606821,84.0960219478738,73.69953051643192,18.785260770975057,0.1272119815668203,136.0293103448276,1.1425579536370902,104.25520833333331,252.93801652892563,82.73687055837563,0.04,0.06,45.0,16.0,2.09,28.3,35.6,79.5,0.54,11.1,1.86,190.0,5.66,12.2,4.6,19.5,375.0,218.0,357.19,1.01,12.1,0.12,11.0,10.0,35.2
0.0,35.308825910931176,33.24291497975708,38.59178535606821,84.0960219478738,73.69953051643192,18.785260770975057,0.1272119815668203,136.0293103448276,1.1425579536370902,104.25520833333331,252.93801652892563,82.73687055837563,0.07,0.08,45.5,15.2,2.35,31.1,33.4,93.2,0.56,9.2,4.74,215.0,4.88,13.5,7.8,4.68,441.0,125.95,321.1,1.1,13.1,0.12,17.0,10.0,32.75
0.0,35.308825910931176,33.24291497975708,38.59178535606821,84.0960219478738,73.69953051643192,18.785260770975057,0.1272119815668203,136.0293103448276,1.1425579536370902,104.25520833333331,252.93801652892563,82.73687055837563,0.01,0.03,44.8,14.8,1.94,29.4,33.0,89.1,0.45,9.8,5.87,213.0,5.03,12.7,8.3,3.02,421.0,6.9,311.64,1.16,13.8,0.12,17.0,10.0,32.9
0.0,35.308825910931176,33.24291497975708,38.59178535606821,84.0960219478738,73.69953051643192,18.785260770975057,0.1272119815668203,136.0293103448276,1.1425579536370902,104.25520833333331,252.93801652892563,82.73687055837563,0.05,0.24,44.8,15.6,1.89,30.5,34.8,87.5,0.6,8.7,5.71,180.0,5.12,11.6,8.5,3.02,441.0,125.95,321.1,1.1,13.1,0.12,17.0,10.0,32.75
0.0,35.308825910931176,33.24291497975708,38.59178535606821,84.0960219478738,73.69953051643192,18.785260770975057,0.1272119815668203,136.0293103448276,1.1425579536370902,104.25520833333331,252.93801652892563,82.73687055837563,0.03,0.07,35.0,11.6,2.76,25.6,33.1,77.3,0.48,10.4,2.01,352.0,4.53,15.7,5.4,3.02,397.0,6.1,267.4,1.06,12.7,0.12,4.0,10.0,24.2
0.0,35.308825910931176,33.24291497975708,38.59178535606821,84.0960219478738,73.69953051643192,18.785260770975057,0.1272119815668203,136.0293103448276,1.1425579536370902,104.25520833333331,252.93801652892563,82.73687055837563,0.02,0.09,39.0,13.6,2.88,29.8,34.9,85.5,0.47,10.4,2.3,229.0,4.56,12.8,5.8,3.02,441.0,125.95,188.11,1.08,12.9,0.12,4.0,10.0,32.4
0.0,35.308825910931176,33.24291497975708,38.59178535606821,84.0960219478738,73.69953051643192,18.785260770975057,0.1272119815668203,136.0293103448276,1.1425579536370902,104.25520833333331,252.93801652892563,82.73687055837563,0.02,0.05,44.0,14.8,1.97,26.4,33.6,78.6,0.46,12.3,3.17,196.0,5.6,13.0,5.7,3.14,171.55,13.3,321.1,0.89,10.7,0.12,17.0,10.0,25.3
0.0,35.308825910931176,33.24291497975708,38.59178535606821,84.0960219478738,73.69953051643192,18.785260770975057,0.1272119815668203,136.0293103448276,1.1425579536370902,104.25520833333331,252.93801652892563,82.73687055837563,0.01,0.0,32.4,10.3,1.19,23.4,31.8,73.5,0.29,10.5,1.16,135.0,4.41,15.6,2.7,3.02,441.0,125.95,321.1,1.1,13.1,0.12,17.0,10.0,32.75
0.0,35.308825910931176,33.24291497975708,38.59178535606821,84.0960219478738,73.69953051643192,18.785260770975057,0.1272119815668203,136.0293103448276,1.1425579536370902,104.25520833333331,252.93801652892563,82.73687055837563,0.03,0.09,37.2,12.7,1.56,27.5,34.1,80.5,0.6,10.4,2.78,210.0,4.62,13.0,5.1,16.4,154.46,49.0,373.18,0.97,11.7,0.12,17.0,10.0,24.9
0.0,35.308825910931176,33.24291497975708,38.59178535606821,84.0960219478738,73.69953051643192,18.785260770975057,0.1272119815668203,136.0293103448276,1.1425579536370902,104.25520833333331,252.93801652892563,82.73687055837563,0.02,0.13,46.4,16.2,2.94,29.2,34.9,83.6,0.53,9.8,3.63,222.0,5.55,12.1,7.3,3.02,260.0,125.95,321.1,1.1,13.1,0.12,17.0,10.0,32.75
0.0,35.308825910931176,33.24291497975708,38.59178535606821,84.0960219478738,73.69953051643192,18.785260770975057,0.1272119815668203,136.0293103448276,1.1425579536370902,104.25520833333331,252.93801652892563,82.73687055837563,0.05,0.32,39.5,13.3,4.58,28.4,33.7,84.4,0.83,9.7,5.2,335.0,4.68,13.2,11.0,52.4,441.0,125.95,321.1,1.1,13.1,0.12,17.0,10.0,32.75
0.0,35.308825910931176,33.24291497975708,38.59178535606821,84.0960219478738,73.69953051643192,18.785260770975057,0.1272119815668203,136.0293103448276,1.1425579536370902,104.25520833333331,252.93801652892563,82.73687055837563,0.03,0.08,46.8,15.8,1.23,29.8,33.8,88.3,0.53,10.6,3.76,209.0,5.3,12.2,5.6,36.5,441.0,193.6,321.1,1.1,13.1,0.12,36.0,10.0,32.75
0.0,35.308825910931176,33.24291497975708,38.59178535606821,84.0960219478738,73.69953051643192,18.785260770975057,0.1272119815668203,136.0293103448276,1.1425579536370902,104.25520833333331,252.93801652892563,82.73687055837563,0.03,0.06,43.2,15.0,1.8,29.6,34.7,85.4,0.42,8.5,5.22,175.0,5.06,12.6,7.5,51.9,997.83,229.5,386.05,1.07,12.8,28.0,57.0,10.0,39.0
0.0,35.308825910931176,33.24291497975708,38.59178535606821,84.0960219478738,73.69953051643192,18.785260770975057,0.1272119815668203,136.0293103448276,1.1425579536370902,104.25520833333331,252.93801652892563,82.73687055837563,0.02,0.08,48.5,16.3,1.44,29.1,33.6,86.5,0.38,11.1,1.58,149.0,5.61,12.4,3.5,6.15,441.0,358.9,493.64,1.04,12.4,0.12,23.0,10.0,39.6
0.0,35.308825910931176,33.24291497975708,38.59178535606821,84.0960219478738,73.69953051643192,18.785260770975057,0.1272119815668203,136.0293103448276,1.1425579536370902,104.25520833333331,252.93801652892563,82.73687055837563,0.03,0.13,38.1,12.6,2.06,27.6,33.1,83.6,0.38,10.0,3.25,238.0,4.56,13.5,5.9,21.8,674.92,159.8,417.31,1.1,13.1,0.12,16.0,10.0,32.75
0.0,35.308825910931176,33.24291497975708,38.59178535606821,84.0960219478738,73.69953051643192,18.785260770975057,0.1272119815668203,136.0293103448276,1.1425579536370902,104.25520833333331,252.93801652892563,82.73687055837563,0.02,0.04,40.0,13.5,1.33,29.2,33.8,86.6,0.95,10.1,3.58,208.0,4.62,12.7,5.9,3.02,441.0,9.4,274.19,1.1,13.1,0.12,3.0,10.0,32.75
0.0,35.308825910931176,33.24291497975708,38.59178535606821,84.0960219478738,73.69953051643192,18.785260770975057,0.1272119815668203,136.0293103448276,1.1425579536370902,104.25520833333331,252.93801652892563,82.73687055837563,0.11,0.0,35.3,11.1,3.25,24.8,31.4,79.0,0.64,10.4,2.97,303.0,4.47,14.6,7.0,4.93,441.0,50.2,289.24,1.04,12.4,0.12,21.0,10.0,33.4
0.0,35.308825910931176,33.24291497975708,38.59178535606821,84.0960219478738,73.69953051643192,18.785260770975057,0.1272119815668203,136.0293103448276,1.1425579536370902,104.25520833333331,252.93801652892563,82.73687055837563,0.01,0.14,37.0,11.6,1.43,26.7,31.4,85.3,0.37,11.8,0.91,130.0,4.34,13.2,2.9,3.02,327.0,82.2,298.38,1.19,14.1,0.12,17.0,10.0,46.4
0.0,35.308825910931176,33.24291497975708,38.59178535606821,84.0960219478738,73.69953051643192,18.785260770975057,0.1272119815668203,136.0293103448276,1.1425579536370902,104.25520833333331,252.93801652892563,82.73687055837563,0.03,0.24,39.4,13.3,1.29,26.7,33.8,79.1,0.68,10.3,3.87,199.0,4.98,15.3,6.1,3.02,441.0,18.6,191.31,1.1,13.1,0.12,17.0,10.0,32.75
0.0,35.308825910931176,33.24291497975708,38.59178535606821,84.0960219478738,73.69953051643192,18.785260770975057,0.1272119815668203,136.0293103448276,1.1425579536370902,104.25520833333331,252.93801652892563,82.73687055837563,0.04,0.04,40.2,13.4,2.4,29.4,33.3,88.2,0.53,9.5,1.5,244.0,4.56,13.4,4.5,108.0,441.0,89.4,300.0,1.09,13.0,0.12,74.0,10.0,34.2
0.0,35.308825910931176,33.24291497975708,38.59178535606821,84.0960219478738,73.69953051643192,18.785260770975057,0.1272119815668203,136.0293103448276,1.1425579536370902,104.25520833333331,252.93801652892563,82.73687055837563,0.07,0.21,39.0,12.9,1.4,26.2,33.1,79.3,0.33,10.9,5.88,225.0,4.92,13.2,7.9,3.73,155.0,125.95,321.1,1.1,13.1,0.12,17.0,10.0,32.75
0.0,35.308825910931176,33.24291497975708,38.59178535606821,84.0960219478738,73.69953051643192,18.785260770975057,0.1272119815668203,136.0293103448276,1.1425579536370902,104.25520833333331,252.93801652892563,82.73687055837563,0.03,0.18,34.7,10.9,1.76,22.4,31.4,71.4,0.3,9.6,1.84,280.0,4.86,15.3,4.1,3.02,191.0,7.7,302.81,1.01,12.1,0.12,17.0,10.0,34.2
0.0,35.308825910931176,33.24291497975708,38.59178535606821,84.0960219478738,73.69953051643192,18.785260770975057,0.1272119815668203,136.0293103448276,1.1425579536370902,104.25520833333331,252.93801652892563,82.73687055837563,0.06,0.02,31.9,10.3,1.07,25.6,32.3,79.4,0.63,10.0,6.23,421.0,4.02,16.4,8.0,6.07,2330.0,152.7,308.63,1.09,13.0,0.12,32.0,10.0,35.0
0.0,35.308825910931176,33.24291497975708,38.59178535606821,84.0960219478738,73.69953051643192,18.785260770975057,0.1272119815668203,136.0293103448276,1.1425579536370902,104.25520833333331,252.93801652892563,82.73687055837563,0.02,0.0,35.1,12.2,0.44,27.4,34.8,78.9,1.06,10.8,9.82,271.0,4.45,13.9,11.3,3.02,441.0,125.95,321.1,1.1,13.1,0.12,17.0,10.0,32.75
0.0,35.308825910931176,33.24291497975708,38.59178535606821,84.0960219478738,73.69953051643192,18.785260770975057,0.1272119815668203,136.0293103448276,1.1425579536370902,104.25520833333331,252.93801652892563,82.73687055837563,0.01,0.02,26.2,8.5,1.7,27.2,32.4,83.7,0.87,9.1,3.03,672.0,3.13,14.6,5.6,3.02,441.0,125.95,321.1,1.1,13.1,0.12,17.0,10.0,32.75
0.0,35.308825910931176,33.24291497975708,38.59178535606821,84.0960219478738,73.69953051643192,18.785260770975057,0.1272119815668203,136.0293103448276,1.1425579536370902,104.25520833333331,252.93801652892563,82.73687055837563,0.0,0.0,42.2,13.8,0.91,26.2,32.7,80.1,0.66,10.8,3.8,152.0,5.27,15.9,5.4,3.15,220.74,14.0,382.92,1.1,13.1,15.0,17.0,10.0,32.75
0.0,35.308825910931176,33.24291497975708,38.59178535606821,84.0960219478738,73.69953051643192,18.785260770975057,0.1272119815668203,136.0293103448276,1.1425579536370902,104.25520833333331,252.93801652892563,82.73687055837563,0.09,0.13,39.0,12.8,1.82,28.6,32.8,87.1,0.55,9.3,3.99,423.0,4.48,12.5,6.6,19.0,260.0,209.3,493.64,1.1,13.1,0.12,23.0,10.0,32.75
0.0,35.308825910931176,33.24291497975708,38.59178535606821,84.0960219478738,73.69953051643192,18.785260770975057,0.1272119815668203,136.0293103448276,1.1425579536370902,104.25520833333331,252.93801652892563,82.73687055837563,0.05,0.0,36.5,12.2,19.2,29.8,33.4,89.0,0.71,10.8,6.72,179.0,4.1,13.9,26.7,51.8,441.0,1069.3,308.63,1.1,13.1,0.12,17.0,10.0,32.75
0.0,35.308825910931176,33.24291497975708,38.59178535606821,84.0960219478738,73.69953051643192,18.785260770975057,0.1272119815668203,136.0293103448276,1.1425579536370902,104.25520833333331,252.93801652892563,82.73687055837563,0.02,0.29,30.8,9.6,1.81,19.6,31.2,62.9,0.64,10.1,3.6,328.0,4.9,17.6,6.4,3.02,261.0,125.95,305.69,1.06,12.7,0.12,17.0,10.0,32.4
0.0,35.308825910931176,33.24291497975708,38.59178535606821,84.0960219478738,73.69953051643192,18.785260770975057,0.1272119815668203,136.0293103448276,1.1425579536370902,104.25520833333331,252.93801652892563,82.73687055837563,0.04,0.24,40.2,13.4,1.08,29.1,33.3,87.2,0.57,9.7,2.22,184.0,4.61,11.6,4.2,3.02,160.0,5.5,223.48,1.1,13.1,0.12,2.0,10.0,32.75
0.0,35.308825910931176,33.24291497975708,38.59178535606821,84.0960219478738,73.69953051643192,18.785260770975057,0.1272119815668203,136.0293103448276,1.1425579536370902,104.25520833333331,252.93801652892563,82.73687055837563,0.06,0.09,38.6,13.4,2.08,28.0,34.7,80.6,0.36,12.5,4.04,247.0,4.79,12.4,6.6,51.3,441.0,125.95,321.1,1.1,13.1,0.12,17.0,10.0,32.75
0.0,35.308825910931176,33.24291497975708,38.59178535606821,84.0960219478738,73.69953051643192,18.785260770975057,0.1272119815668203,136.0293103448276,1.1425579536370902,104.25520833333331,252.93801652892563,82.73687055837563,0.01,0.13,34.0,11.6,1.24,27.9,34.1,81.7,0.28,11.0,2.05,245.0,4.16,12.4,3.7,13.4,441.0,58.0,321.1,0.96,11.5,0.12,17.0,10.0,24.1
0.0,35.308825910931176,33.24291497975708,38.59178535606821,84.0960219478738,73.69953051643192,18.785260770975057,0.1272119815668203,136.0293103448276,1.1425579536370902,104.25520833333331,252.93801652892563,82.73687055837563,0.01,0.03,34.3,11.9,1.77,29.8,34.7,85.8,0.38,9.6,2.43,284.0,4.0,12.2,4.6,3.02,160.0,125.95,321.1,1.1,13.1,0.12,17.0,10.0,32.75
0.0,35.308825910931176,33.24291497975708,38.59178535606821,84.0960219478738,73.69953051643192,18.785260770975057,0.1272119815668203,136.0293103448276,1.1425579536370902,104.25520833333331,252.93801652892563,82.73687055837563,0.01,0.0,38.0,12.6,0.8,27.3,33.2,82.3,0.16,10.0,3.84,429.0,4.62,14.6,4.8,11.8,441.0,171.2,501.36,1.12,13.4,0.12,17.0,10.0,42.4
0.0,35.308825910931176,33.24291497975708,38.59178535606821,84.0960219478738,73.69953051643192,18.785260770975057,0.1272119815668203,136.0293103448276,1.1425579536370902,104.25520833333331,252.93801652892563,82.73687055837563,0.02,0.03,34.1,12.1,1.37,27.4,35.5,77.3,0.66,10.0,1.47,197.0,4.41,13.2,3.6,67.7,1060.0,124.3,314.72,0.96,11.6,0.12,17.0,10.0,27.4
0.0,35.308825910931176,33.24291497975708,38.59178535606821,84.0960219478738,73.69953051643192,18.785260770975057,0.1272119815668203,136.0293103448276,1.1425579536370902,104.25520833333331,252.93801652892563,82.73687055837563,0.05,0.08,41.8,13.1,1.87,26.0,31.3,82.9,0.52,10.2,4.98,378.0,5.04,14.1,7.5,9.34,441.0,168.3,364.89,1.1,13.1,0.12,17.0,10.0,32.75
0.0,35.308825910931176,33.24291497975708,38.59178535606821,84.0960219478738,73.69953051643192,18.785260770975057,0.1272119815668203,136.0293103448276,1.1425579536370902,104.25520833333331,252.93801652892563,82.73687055837563,0.02,0.12,44.2,14.8,3.09,29.5,33.5,88.2,0.48,9.3,1.64,382.0,5.01,11.9,5.4,18.9,441.0,52.3,321.1,1.1,13.1,0.12,62.0,10.0,32.75
0.0,35.308825910931176,33.24291497975708,38.59178535606821,84.0960219478738,73.69953051643192,18.785260770975057,0.1272119815668203,136.0293103448276,1.1425579536370902,104.25520833333331,252.93801652892563,82.73687055837563,0.04,0.08,39.8,13.8,1.64,28.8,34.7,83.1,0.52,10.9,4.12,218.0,4.79,12.6,6.4,3.52,2350.0,125.95,321.1,1.1,13.1,0.12,17.0,10.0,32.75
0.0,35.308825910931176,33.24291497975708,38.59178535606821,84.0960219478738,73.69953051643192,18.785260770975057,0.1272119815668203,136.0293103448276,1.1425579536370902,104.25520833333331,252.93801652892563,82.73687055837563,0.05,0.09,38.0,12.1,1.83,25.9,31.8,81.4,0.82,11.1,6.46,310.0,4.67,14.5,9.3,17.9,441.0,189.6,321.1,1.1,13.1,0.12,48.0,10.0,32.75
0.0,35.308825910931176,33.24291497975708,38.59178535606821,84.0960219478738,73.69953051643192,18.785260770975057,0.1272119815668203,136.0293103448276,1.1425579536370902,104.25520833333331,252.93801652892563,82.73687055837563,0.01,0.06,35.8,11.8,1.34,23.7,33.0,72.0,0.36,10.389577103801797,1.37,52.0,4.97,14.4,3.1,3.02,441.0,26.4,198.05,1.1,13.1,0.12,2.0,10.0,32.75
0.0,35.308825910931176,33.24291497975708,38.59178535606821,84.0960219478738,73.69953051643192,18.785260770975057,0.1272119815668203,136.0293103448276,1.1425579536370902,104.25520833333331,252.93801652892563,82.73687055837563,0.02,0.03,45.4,15.6,0.91,30.0,34.4,87.3,0.38,10.3,10.45,205.0,5.2,13.0,11.8,37.8,441.0,368.4,352.34,1.1,13.1,0.12,17.0,10.0,32.75
0.0,35.308825910931176,33.24291497975708,38.59178535606821,84.0960219478738,73.69953051643192,18.785260770975057,0.1272119815668203,136.0293103448276,1.1425579536370902,104.25520833333331,252.93801652892563,82.73687055837563,0.01,0.04,45.4,14.7,1.73,27.2,32.4,83.9,0.28,9.6,1.67,164.0,5.41,12.5,3.7,3.02,441.0,57.2,267.4,1.1,13.1,0.12,2.0,10.0,32.75
0.0,35.308825910931176,33.24291497975708,38.59178535606821,84.0960219478738,73.69953051643192,18.785260770975057,0.1272119815668203,136.0293103448276,1.1425579536370902,104.25520833333331,252.93801652892563,82.73687055837563,0.05,0.1,36.9,12.0,2.56,25.1,32.5,77.2,0.58,10.7,4.06,354.0,4.78,16.4,7.4,4.79,441.0,1005.1,251.71,1.13,13.5,0.12,12.0,10.0,27.2
0.0,35.308825910931176,33.24291497975708,38.59178535606821,84.0960219478738,73.69953051643192,18.785260770975057,0.1272119815668203,136.0293103448276,1.1425579536370902,104.25520833333331,252.93801652892563,82.73687055837563,0.01,0.13,31.9,9.9,1.35,25.3,31.0,81.4,0.34,10.5,3.7,149.0,3.92,16.0,5.5,6.76,441.0,235.2,321.1,1.1,13.1,45.0,17.0,10.0,32.75
0.0,35.308825910931176,33.24291497975708,38.59178535606821,84.0960219478738,73.69953051643192,18.785260770975057,0.1272119815668203,136.0293103448276,1.1425579536370902,104.25520833333331,252.93801652892563,82.73687055837563,0.01,0.01,36.5,11.0,1.22,22.8,30.1,75.7,0.53,9.9,3.91,197.0,4.82,16.7,5.7,14.0,6730.0,433.4,274.19,1.17,13.9,15.0,29.0,10.0,24.7
0.0,35.308825910931176,33.24291497975708,38.59178535606821,84.0960219478738,73.69953051643192,18.785260770975057,0.1272119815668203,136.0293103448276,1.1425579536370902,104.25520833333331,252.93801652892563,82.73687055837563,0.01,0.07,35.8,11.5,1.64,28.0,32.1,87.3,0.44,10.9,2.31,136.0,4.1,13.2,4.5,77.8,14228.19,342.1,321.1,1.1,13.1,0.12,17.0,10.0,32.75
0.0,35.308825910931176,33.24291497975708,38.59178535606821,84.0960219478738,73.69953051643192,18.785260770975057,0.1272119815668203,136.0293103448276,1.1425579536370902,104.25520833333331,252.93801652892563,82.73687055837563,0.02,0.12,44.9,15.9,1.15,30.6,35.4,86.5,0.73,9.4,2.17,239.0,5.19,12.6,4.2,6.76,3360.0,561.3,321.1,1.1,13.1,0.12,42.0,10.0,32.75
0.0,35.308825910931176,33.24291497975708,38.59178535606821,84.0960219478738,73.69953051643192,18.785260770975057,0.1272119815668203,136.0293103448276,1.1425579536370902,104.25520833333331,252.93801652892563,82.73687055837563,0.04,0.35,36.5,11.8,1.58,29.5,32.3,91.3,0.46,9.8,3.37,241.0,4.0,14.1,5.8,8.79,441.0,125.95,321.1,1.1,13.1,0.12,17.0,10.0,32.75
0.0,35.308825910931176,33.24291497975708,38.59178535606821,84.0960219478738,73.69953051643192,18.785260770975057,0.1272119815668203,136.0293103448276,1.1425579536370902,104.25520833333331,252.93801652892563,82.73687055837563,0.01,0.0,37.7,12.8,1.78,29.1,34.0,85.7,0.29,10.3,2.55,184.0,4.4,14.1,4.6,7.47,441.0,245.7,376.87,1.1,13.1,0.12,5.0,10.0,32.75
0.0,35.308825910931176,33.24291497975708,38.59178535606821,84.0960219478738,73.69953051643192,18.785260770975057,0.1272119815668203,136.0293103448276,1.1425579536370902,104.25520833333331,252.93801652892563,82.73687055837563,0.02,0.03,33.0,11.5,1.45,29.9,34.8,85.7,0.61,9.6,2.93,209.0,3.85,11.9,5.0,25.1,1080.0,1187.0,509.48,1.01,12.1,0.12,59.0,10.0,31.6
0.0,35.308825910931176,33.24291497975708,38.59178535606821,84.0960219478738,73.69953051643192,18.785260770975057,0.1272119815668203,136.0293103448276,1.1425579536370902,104.25520833333331,252.93801652892563,82.73687055837563,0.02,0.02,38.5,12.8,1.96,29.8,33.2,89.7,0.5,9.6,2.31,226.0,4.29,12.9,4.8,52.0,1109.95,782.9,321.1,1.1,13.1,0.12,45.0,10.0,32.75
0.0,35.308825910931176,33.24291497975708,38.59178535606821,84.0960219478738,73.69953051643192,18.785260770975057,0.1272119815668203,136.0293103448276,1.1425579536370902,104.25520833333331,252.93801652892563,82.73687055837563,0.02,0.06,38.4,12.1,2.53,21.3,31.5,67.6,0.47,10.3,3.51,316.0,5.68,15.1,6.6,3.14,395.23,52.4,352.46,1.1,13.1,0.12,21.0,10.0,32.75
0.0,35.308825910931176,33.24291497975708,38.59178535606821,84.0960219478738,73.69953051643192,18.785260770975057,0.1272119815668203,136.0293103448276,1.1425579536370902,104.25520833333331,252.93801652892563,82.73687055837563,0.02,0.14,37.4,12.7,1.66,28.9,34.0,85.2,0.62,9.7,3.68,239.0,4.39,12.2,6.1,12.5,561.71,771.3,441.55,1.13,13.5,0.12,17.0,180.0,32.75
0.0,35.308825910931176,33.24291497975708,38.59178535606821,84.0960219478738,73.69953051643192,18.785260770975057,0.1272119815668203,136.0293103448276,1.1425579536370902,104.25520833333331,252.93801652892563,82.73687055837563,0.03,0.01,46.2,15.2,1.81,31.5,32.9,95.9,0.32,10.9,2.53,223.0,4.82,11.9,4.7,21.2,441.0,466.2,287.8,1.19,14.1,0.12,17.0,10.0,34.4
0.0,35.308825910931176,33.24291497975708,38.59178535606821,84.0960219478738,73.69953051643192,18.785260770975057,0.1272119815668203,136.0293103448276,1.1425579536370902,104.25520833333331,252.93801652892563,82.73687055837563,0.01,0.0,35.8,12.3,0.8,29.0,34.4,84.4,0.59,10.3,7.64,499.0,4.24,12.7,9.0,6.76,441.0,125.95,321.1,1.03,12.3,0.12,17.0,10.0,28.8
0.0,35.308825910931176,33.24291497975708,38.59178535606821,84.0960219478738,73.69953051643192,18.785260770975057,0.1272119815668203,136.0293103448276,1.1425579536370902,104.25520833333331,252.93801652892563,82.73687055837563,0.03,0.01,43.6,14.2,1.35,28.6,32.6,87.9,0.43,11.3,9.91,235.0,4.96,14.8,11.7,9.01,441.0,302.9,373.93,1.12,13.4,0.12,20.0,10.0,24.5
0.0,35.308825910931176,33.24291497975708,38.59178535606821,84.0960219478738,73.69953051643192,18.785260770975057,0.1272119815668203,136.0293103448276,1.1425579536370902,104.25520833333331,252.93801652892563,82.73687055837563,0.09,0.0,36.2,11.9,0.95,28.3,32.9,86.0,0.88,9.6,15.88,267.0,4.21,13.4,17.8,27.6,576.54,109.7,339.9,1.1,13.1,15.0,7.0,10.0,32.75
0.0,35.308825910931176,33.24291497975708,38.59178535606821,84.0960219478738,73.69953051643192,18.785260770975057,0.1272119815668203,136.0293103448276,1.1425579536370902,104.25520833333331,252.93801652892563,82.73687055837563,0.01,0.04,35.2,11.6,1.43,28.5,33.0,86.5,0.28,11.0,1.4,168.0,4.07,13.9,3.2,3.02,435.0,77.5,211.01,1.28,15.2,0.12,17.0,10.0,43.7
0.0,35.308825910931176,33.24291497975708,38.59178535606821,84.0960219478738,73.69953051643192,18.785260770975057,0.1272119815668203,136.0293103448276,1.1425579536370902,104.25520833333331,252.93801652892563,82.73687055837563,0.01,0.07,35.9,11.9,0.68,27.7,33.1,83.5,0.24,10.2,8.22,257.0,4.3,14.6,9.2,3.94,227.16,125.95,321.1,1.1,13.1,0.12,17.0,10.0,32.75
0.0,35.308825910931176,33.24291497975708,38.59178535606821,84.0960219478738,73.69953051643192,18.785260770975057,0.1272119815668203,136.0293103448276,1.1425579536370902,104.25520833333331,252.93801652892563,82.73687055837563,0.03,0.09,38.4,12.9,0.87,28.5,33.6,84.8,0.58,11.1,3.21,187.0,4.53,12.6,4.8,5.89,531.0,68.8,327.79,1.1,13.1,0.12,8.0,10.0,32.75
0.0,35.308825910931176,33.24291497975708,38.59178535606821,84.0960219478738,73.69953051643192,18.785260770975057,0.1272119815668203,136.0293103448276,1.1425579536370902,104.25520833333331,252.93801652892563,82.73687055837563,0.01,0.07,46.6,15.8,1.89,28.7,33.9,84.7,0.36,11.3,2.89,197.0,5.5,12.9,5.2,49.0,441.0,134.9,350.0,1.1,13.1,13.0,17.0,35.0,32.75
0.0,35.308825910931176,33.24291497975708,38.59178535606821,84.0960219478738,73.69953051643192,18.785260770975057,0.1272119815668203,136.0293103448276,1.1425579536370902,104.25520833333331,252.93801652892563,82.73687055837563,0.0,0.0,43.3,15.0,0.32,29.5,34.6,85.2,0.32,10.0,7.6,177.0,5.08,12.4,8.2,23.2,1110.0,99.2,359.7,1.1,13.1,0.12,23.0,10.0,32.75
0.0,35.308825910931176,33.24291497975708,38.59178535606821,84.0960219478738,73.69953051643192,18.785260770975057,0.1272119815668203,136.0293103448276,1.1425579536370902,104.25520833333331,252.93801652892563,82.73687055837563,0.02,0.13,41.2,13.8,1.34,29.6,33.5,88.2,0.41,9.6,2.43,361.0,4.67,12.4,4.3,46.9,441.0,125.95,321.1,1.1,13.1,0.12,17.0,10.0,32.75
0.0,35.308825910931176,33.24291497975708,38.59178535606821,84.0960219478738,73.69953051643192,18.785260770975057,0.1272119815668203,136.0293103448276,1.1425579536370902,104.25520833333331,252.93801652892563,82.73687055837563,0.01,0.01,38.6,13.5,0.54,28.1,35.0,80.4,0.4,12.1,7.98,143.0,4.8,13.7,8.9,3.02,506.0,121.0,285.0,1.33,15.7,0.12,15.0,10.0,37.5
0.0,35.308825910931176,33.24291497975708,38.59178535606821,84.0960219478738,73.69953051643192,18.785260770975057,0.1272119815668203,136.0293103448276,1.1425579536370902,104.25520833333331,252.93801652892563,82.73687055837563,0.03,0.08,34.5,12.5,2.26,30.6,36.2,84.4,0.58,10.2,6.31,200.0,4.09,12.5,9.3,68.0,441.0,125.95,321.1,1.1,13.1,0.12,17.0,10.0,32.75
0.0,35.308825910931176,33.24291497975708,38.59178535606821,84.0960219478738,73.69953051643192,18.785260770975057,0.1272119815668203,136.0293103448276,1.1425579536370902,104.25520833333331,252.93801652892563,82.73687055837563,0.02,0.02,40.3,14.2,1.09,29.3,35.2,83.3,0.44,10.7,2.9,167.0,4.84,12.8,4.5,3.02,309.0,8.5,321.1,108.0,129.0,0.12,3.0,10.0,317.0
0.0,35.308825910931176,33.24291497975708,38.59178535606821,84.0960219478738,73.69953051643192,18.785260770975057,0.1272119815668203,136.0293103448276,1.1425579536370902,104.25520833333331,252.93801652892563,82.73687055837563,0.02,0.02,41.7,13.4,0.71,25.2,32.1,78.5,0.27,10.5,3.56,225.0,5.31,14.3,4.6,48.7,338.96,125.95,321.1,1.1,13.1,0.12,17.0,10.0,32.75
0.0,35.308825910931176,33.24291497975708,38.59178535606821,84.0960219478738,73.69953051643192,18.785260770975057,0.1272119815668203,136.0293103448276,1.1425579536370902,104.25520833333331,252.93801652892563,82.73687055837563,0.12,0.0,37.3,12.7,1.16,27.5,34.0,80.7,0.51,10.2,9.29,396.0,4.62,11.8,11.1,3.02,259.0,21.5,257.78,1.1,13.1,0.12,8.0,10.0,32.75
0.0,35.308825910931176,33.24291497975708,38.59178535606821,84.0960219478738,73.69953051643192,18.785260770975057,0.1272119815668203,136.0293103448276,1.1425579536370902,104.25520833333331,252.93801652892563,82.73687055837563,0.06,0.0,32.7,11.4,1.53,27.3,34.9,78.4,0.82,9.3,8.91,460.0,4.17,13.0,11.3,3.02,441.0,344.4,472.56,1.1,13.1,0.12,2.0,10.0,32.75
0.0,35.308825910931176,33.24291497975708,38.59178535606821,84.0960219478738,73.69953051643192,18.785260770975057,0.1272119815668203,136.0293103448276,1.1425579536370902,104.25520833333331,252.93801652892563,82.73687055837563,0.01,0.0,32.9,11.0,0.45,25.8,33.4,77.0,0.28,11.3,4.92,169.0,4.27,15.6,5.7,12.4,241.0,127.6,317.88,1.1,13.1,0.12,13.0,10.0,32.75
0.0,35.308825910931176,33.24291497975708,38.59178535606821,84.0960219478738,73.69953051643192,18.785260770975057,0.1272119815668203,136.0293103448276,1.1425579536370902,104.25520833333331,252.93801652892563,82.73687055837563,0.07,0.34,41.5,15.5,1.45,31.3,37.3,83.7,0.94,11.1,8.93,186.0,4.96,11.9,11.7,28.8,441.0,125.95,321.1,1.1,13.1,0.12,17.0,10.0,32.75
0.0,35.308825910931176,33.24291497975708,38.59178535606821,84.0960219478738,73.69953051643192,18.785260770975057,0.1272119815668203,136.0293103448276,1.1425579536370902,104.25520833333331,252.93801652892563,82.73687055837563,0.03,0.15,49.0,17.2,2.39,28.9,35.1,82.4,0.61,10.3,3.94,225.0,5.95,12.3,7.1,19.2,6010.48,360.6,257.78,1.2,14.2,0.12,45.0,10.0,38.8
0.0,35.308825910931176,33.24291497975708,38.59178535606821,84.0960219478738,73.69953051643192,18.785260770975057,0.1272119815668203,136.0293103448276,1.1425579536370902,104.25520833333331,252.93801652892563,82.73687055837563,0.01,0.0,46.4,16.2,0.41,28.9,34.9,82.9,0.25,10.8,5.27,169.0,5.6,13.2,5.9,104.0,441.0,125.95,321.1,1.1,13.1,0.12,17.0,10.0,32.75
0.0,35.308825910931176,33.24291497975708,38.59178535606821,84.0960219478738,73.69953051643192,18.785260770975057,0.1272119815668203,136.0293103448276,1.1425579536370902,104.25520833333331,252.93801652892563,82.73687055837563,0.04,0.13,46.8,15.9,1.92,30.3,34.0,89.1,1.16,10.1,9.21,238.0,5.25,13.2,12.5,13.0,441.0,125.95,321.1,1.09,13.0,0.12,17.0,10.0,101.0
0.0,35.308825910931176,33.24291497975708,38.59178535606821,84.0960219478738,73.69953051643192,18.785260770975057,0.1272119815668203,136.0293103448276,1.1425579536370902,104.25520833333331,252.93801652892563,82.73687055837563,0.03,0.01,36.2,12.3,1.06,28.7,34.0,84.4,0.52,11.2,1.78,130.0,4.29,16.0,3.4,18.5,441.0,583.6,298.38,1.29,15.3,15.0,34.0,10.0,34.1
0.0,35.308825910931176,33.24291497975708,38.59178535606821,84.0960219478738,73.69953051643192,18.785260770975057,0.1272119815668203,136.0293103448276,1.1425579536370902,104.25520833333331,252.93801652892563,82.73687055837563,0.01,0.01,34.1,11.3,2.04,25.9,33.1,78.2,0.55,10.1,2.98,204.0,4.36,14.9,5.6,26.5,441.0,306.6,321.1,1.1,13.1,54.0,2.0,10.0,32.75
0.0,35.308825910931176,33.24291497975708,38.59178535606821,84.0960219478738,73.69953051643192,18.785260770975057,0.1272119815668203,136.0293103448276,1.1425579536370902,104.25520833333331,252.93801652892563,82.73687055837563,0.01,0.0,28.8,9.9,0.79,28.1,34.4,81.8,0.5,11.9,6.53,344.0,3.52,13.1,7.8,49.9,441.0,521.6,321.1,1.1,13.1,0.12,17.0,10.0,32.75
0.0,35.308825910931176,33.24291497975708,38.59178535606821,84.0960219478738,73.69953051643192,18.785260770975057,0.1272119815668203,136.0293103448276,1.1425579536370902,104.25520833333331,252.93801652892563,82.73687055837563,0.01,0.02,42.8,13.6,1.97,27.4,31.8,86.1,0.38,11.2,2.06,168.0,4.97,13.5,4.4,14.3,441.0,103.9,382.92,1.12,13.4,0.12,41.0,10.0,40.9
0.0,35.308825910931176,33.24291497975708,38.59178535606821,84.0960219478738,73.69953051643192,18.785260770975057,0.1272119815668203,136.0293103448276,1.1425579536370902,104.25520833333331,252.93801652892563,82.73687055837563,0.02,0.62,29.6,9.5,1.2,26.6,32.1,82.9,1.04,10.8,4.32,179.0,3.57,15.6,7.2,6.76,441.0,41.9,311.64,1.1,13.1,0.12,13.0,10.0,32.75
0.0,35.308825910931176,33.24291497975708,38.59178535606821,84.0960219478738,73.69953051643192,18.785260770975057,0.1272119815668203,136.0293103448276,1.1425579536370902,104.25520833333331,252.93801652892563,82.73687055837563,0.01,0.0,50.3,17.8,1.2,33.2,35.4,93.8,0.43,10.5,1.12,95.0,5.36,12.1,2.8,8.62,345.0,125.95,321.1,1.1,13.1,0.12,17.0,10.0,32.75
0.0,35.308825910931176,33.24291497975708,38.59178535606821,84.0960219478738,73.69953051643192,18.785260770975057,0.1272119815668203,136.0293103448276,1.1425579536370902,104.25520833333331,252.93801652892563,82.73687055837563,0.03,0.03,41.1,13.3,0.91,26.1,32.4,80.6,0.22,12.1,2.07,219.0,5.1,13.1,3.3,11.7,441.0,125.95,321.1,1.1,13.1,0.12,17.0,10.0,32.75
0.0,35.308825910931176,33.24291497975708,38.59178535606821,84.0960219478738,73.69953051643192,18.785260770975057,0.1272119815668203,136.0293103448276,1.1425579536370902,104.25520833333331,252.93801652892563,82.73687055837563,0.02,0.05,35.8,12.9,2.59,30.0,36.0,83.3,0.62,11.5,4.57,306.0,4.3,12.4,7.9,6.45,1767.36,125.95,321.1,1.1,13.1,0.12,17.0,10.0,32.75
0.0,35.308825910931176,33.24291497975708,38.59178535606821,84.0960219478738,73.69953051643192,18.785260770975057,0.1272119815668203,136.0293103448276,1.1425579536370902,104.25520833333331,252.93801652892563,82.73687055837563,0.04,0.14,39.7,13.5,1.58,29.8,34.0,87.6,0.36,10.9,3.86,202.0,4.53,12.5,6.0,6.76,441.0,125.95,321.1,1.87,21.7,0.12,17.0,10.0,27.6
0.0,35.308825910931176,33.24291497975708,38.59178535606821,84.0960219478738,73.69953051643192,18.785260770975057,0.1272119815668203,136.0293103448276,1.1425579536370902,104.25520833333331,252.93801652892563,82.73687055837563,0.02,0.15,45.7,15.4,2.2,28.7,33.7,85.3,0.42,11.1,3.92,195.0,5.36,12.1,6.7,6.76,441.0,198.9,169.88,1.12,13.4,41.0,17.0,10.0,27.3
0.0,35.308825910931176,33.24291497975708,38.59178535606821,84.0960219478738,73.69953051643192,18.785260770975057,0.1272119815668203,136.0293103448276,1.1425579536370902,104.25520833333331,252.93801652892563,82.73687055837563,0.01,0.18,38.8,13.6,1.04,27.3,35.1,77.9,0.37,9.5,2.38,200.0,4.98,13.6,4.0,3.02,441.0,50.8,245.9,1.1,13.1,0.12,3.0,10.0,32.75
0.0,35.308825910931176,33.24291497975708,38.59178535606821,84.0960219478738,73.69953051643192,18.785260770975057,0.1272119815668203,136.0293103448276,1.1425579536370902,104.25520833333331,252.93801652892563,82.73687055837563,0.05,0.04,41.9,14.8,0.85,32.7,35.3,92.5,1.04,9.8,5.6,209.0,4.53,13.4,7.6,35.2,441.0,125.95,321.1,1.1,13.1,0.12,17.0,10.0,32.75
0.0,35.308825910931176,33.24291497975708,38.59178535606821,84.0960219478738,73.69953051643192,18.785260770975057,0.1272119815668203,136.0293103448276,1.1425579536370902,104.25520833333331,252.93801652892563,82.73687055837563,0.07,0.0,42.8,14.9,0.9,29.6,34.8,85.1,1.04,10.8,10.29,293.0,5.03,13.3,12.3,3.02,441.0,125.95,321.1,1.1,13.1,0.12,17.0,10.0,32.75
0.0,35.308825910931176,33.24291497975708,38.59178535606821,84.0960219478738,73.69953051643192,18.785260770975057,0.1272119815668203,136.0293103448276,1.1425579536370902,104.25520833333331,252.93801652892563,82.73687055837563,0.01,0.08,33.2,12.1,1.11,30.3,36.4,83.0,0.48,10.9,3.3,261.0,4.0,12.3,5.0,3.02,441.0,32.3,230.26,1.1,13.1,0.12,53.0,10.0,31.2
0.0,35.308825910931176,33.24291497975708,38.59178535606821,84.0960219478738,73.69953051643192,18.785260770975057,0.1272119815668203,136.0293103448276,1.1425579536370902,104.25520833333331,252.93801652892563,82.73687055837563,0.01,0.0,43.7,15.1,0.61,30.0,34.6,86.9,0.36,12.7,7.74,133.0,5.03,12.7,8.7,3.02,441.0,48.8,221.3,1.1,13.1,0.12,11.0,10.0,32.75
0.0,35.308825910931176,33.24291497975708,38.59178535606821,84.0960219478738,73.69953051643192,18.785260770975057,0.1272119815668203,136.0293103448276,1.1425579536370902,104.25520833333331,252.93801652892563,82.73687055837563,0.02,0.13,38.5,12.7,2.38,29.7,33.0,90.2,0.77,11.3,3.08,300.0,4.27,13.2,6.4,75.8,441.0,379.9,362.26,1.2,14.3,15.0,32.0,10.0,33.4
0.0,35.308825910931176,33.24291497975708,38.59178535606821,84.0960219478738,73.69953051643192,18.785260770975057,0.1272119815668203,136.0293103448276,1.1425579536370902,104.25520833333331,252.93801652892563,82.73687055837563,0.07,0.3,48.7,16.5,3.19,29.7,33.9,87.6,0.77,12.6,6.88,186.0,5.56,13.5,11.2,4.34,390.89,24.8,395.85,1.08,12.9,0.12,17.0,10.0,32.75
0.0,35.308825910931176,33.24291497975708,38.59178535606821,84.0960219478738,73.69953051643192,18.785260770975057,0.1272119815668203,136.0293103448276,1.1425579536370902,104.25520833333331,252.93801652892563,82.73687055837563,0.01,0.0,46.8,15.3,0.69,22.1,32.7,67.5,0.67,10.389577103801797,5.56,181.0,6.93,15.9,6.9,3.02,441.0,125.95,321.1,1.1,13.1,0.12,17.0,10.0,32.75
0.0,35.308825910931176,33.24291497975708,38.59178535606821,84.0960219478738,73.69953051643192,18.785260770975057,0.1272119815668203,136.0293103448276,1.1425579536370902,104.25520833333331,252.93801652892563,82.73687055837563,0.03,0.01,38.4,12.8,1.52,26.7,33.3,80.0,0.97,10.2,11.67,370.0,4.8,12.9,14.2,3.14,581.63,241.0,321.1,1.1,13.1,0.12,2.0,10.0,32.75
0.0,35.308825910931176,33.24291497975708,38.59178535606821,84.0960219478738,73.69953051643192,18.785260770975057,0.1272119815668203,136.0293103448276,1.1425579536370902,104.25520833333331,252.93801652892563,82.73687055837563,0.02,0.07,35.5,11.6,1.64,27.4,32.7,83.9,0.34,9.5,1.68,226.0,4.23,13.2,3.8,18.1,441.0,295.1,305.69,1.1,13.1,12.0,17.0,10.0,32.75
0.0,35.308825910931176,33.24291497975708,38.59178535606821,84.0960219478738,73.69953051643192,18.785260770975057,0.1272119815668203,136.0293103448276,1.1425579536370902,104.25520833333331,252.93801652892563,82.73687055837563,0.04,0.04,46.0,14.3,1.84,26.9,31.1,86.5,0.52,11.0,2.35,273.0,5.32,13.7,4.8,3.02,422.0,6.7,257.78,1.1,13.1,0.12,40.0,10.0,32.75
0.0,35.308825910931176,33.24291497975708,38.59178535606821,84.0960219478738,73.69953051643192,18.785260770975057,0.1272119815668203,136.0293103448276,1.1425579536370902,104.25520833333331,252.93801652892563,82.73687055837563,0.01,0.03,40.1,14.3,2.94,29.5,35.7,82.7,0.65,9.7,2.07,250.0,4.85,13.2,5.7,6.76,197.0,44.7,264.12,1.1,13.1,0.12,5.0,10.0,32.75
0.0,35.308825910931176,33.24291497975708,38.59178535606821,84.0960219478738,73.69953051643192,18.785260770975057,0.1272119815668203,136.0293103448276,1.1425579536370902,104.25520833333331,252.93801652892563,82.73687055837563,0.0,0.0,31.1,11.4,0.28,30.6,36.7,83.6,0.23,11.6,5.36,115.0,3.72,12.4,5.9,7.96,441.0,125.95,321.1,1.1,13.1,0.12,17.0,10.0,32.75
0.0,35.308825910931176,33.24291497975708,38.59178535606821,84.0960219478738,73.69953051643192,18.785260770975057,0.1272119815668203,136.0293103448276,1.1425579536370902,104.25520833333331,252.93801652892563,82.73687055837563,0.05,0.15,39.6,12.2,2.03,24.2,30.8,78.4,0.59,10.0,6.26,445.0,5.05,14.3,9.1,3.02,256.0,125.95,286.39,1.16,13.8,0.12,17.0,10.0,32.6
0.0,35.308825910931176,33.24291497975708,38.59178535606821,84.0960219478738,73.69953051643192,18.785260770975057,0.1272119815668203,136.0293103448276,1.1425579536370902,104.25520833333331,252.93801652892563,82.73687055837563,0.02,0.0,33.8,10.7,0.54,26.4,31.7,83.3,0.63,11.2,13.08,413.0,4.06,16.1,14.3,20.0,3841.9,125.95,321.1,1.1,13.1,0.12,17.0,10.0,32.75
0.0,35.308825910931176,33.24291497975708,38.59178535606821,84.0960219478738,73.69953051643192,18.785260770975057,0.1272119815668203,136.0293103448276,1.1425579536370902,104.25520833333331,252.93801652892563,82.73687055837563,0.07,0.09,42.2,14.5,2.81,28.6,34.4,83.2,0.77,10.0,5.43,327.0,5.07,12.3,9.2,3.14,45.77,75.3,311.64,1.12,13.3,0.12,17.0,10.0,25.8
0.0,35.308825910931176,33.24291497975708,38.59178535606821,84.0960219478738,73.69953051643192,18.785260770975057,0.1272119815668203,136.0293103448276,1.1425579536370902,104.25520833333331,252.93801652892563,82.73687055837563,0.01,0.0,40.6,14.2,2.14,29.8,35.0,85.1,0.79,9.8,3.09,150.0,4.77,15.0,6.0,3.56,441.0,125.95,321.1,1.1,13.1,0.12,17.0,10.0,32.75
0.0,35.308825910931176,33.24291497975708,38.59178535606821,84.0960219478738,73.69953051643192,18.785260770975057,0.1272119815668203,136.0293103448276,1.1425579536370902,104.25520833333331,252.93801652892563,82.73687055837563,0.05,0.08,42.5,14.1,2.45,30.6,33.2,92.2,0.61,9.9,5.71,317.0,4.61,12.2,8.9,9.81,441.0,125.95,486.28,1.1,13.1,0.12,17.0,10.0,32.75
0.0,35.308825910931176,33.24291497975708,38.59178535606821,84.0960219478738,73.69953051643192,18.785260770975057,0.1272119815668203,136.0293103448276,1.1425579536370902,104.25520833333331,252.93801652892563,82.73687055837563,0.01,0.0,35.0,10.9,0.97,25.2,31.1,81.0,0.48,10.5,4.63,157.0,4.32,18.5,6.1,11.7,441.0,125.95,321.1,1.1,13.1,0.12,17.0,10.0,32.75
0.0,35.308825910931176,33.24291497975708,38.59178535606821,84.0960219478738,73.69953051643192,18.785260770975057,0.1272119815668203,136.0293103448276,1.1425579536370902,104.25520833333331,252.93801652892563,82.73687055837563,0.01,0.03,33.5,11.2,1.48,29.0,33.4,86.8,0.63,9.1,1.08,146.0,3.86,13.2,3.2,14.2,537.0,389.1,406.14,1.15,13.7,0.12,48.0,10.0,32.2
0.0,35.308825910931176,33.24291497975708,38.59178535606821,84.0960219478738,73.69953051643192,18.785260770975057,0.1272119815668203,136.0293103448276,1.1425579536370902,104.25520833333331,252.93801652892563,82.73687055837563,0.02,0.02,33.3,10.8,1.76,24.4,32.4,75.3,0.82,10.8,7.73,207.0,4.42,15.3,10.4,14.2,441.0,673.9,321.1,1.1,13.1,0.12,58.0,10.0,32.75
0.0,35.308825910931176,33.24291497975708,38.59178535606821,84.0960219478738,73.69953051643192,18.785260770975057,0.1272119815668203,136.0293103448276,1.1425579536370902,104.25520833333331,252.93801652892563,82.73687055837563,0.02,0.12,41.5,13.8,0.7,26.1,33.3,78.4,0.54,9.3,4.23,298.0,5.29,14.9,5.6,3.88,441.0,125.95,321.1,1.1,13.1,0.12,17.0,10.0,32.75
0.0,35.308825910931176,33.24291497975708,38.59178535606821,84.0960219478738,73.69953051643192,18.785260770975057,0.1272119815668203,136.0293103448276,1.1425579536370902,104.25520833333331,252.93801652892563,82.73687055837563,0.02,0.1,40.0,13.2,1.69,27.4,33.0,83.0,0.82,10.8,3.45,295.0,4.82,14.2,6.1,13.1,441.0,125.95,321.1,1.1,13.1,0.12,17.0,10.0,32.75
0.0,35.308825910931176,33.24291497975708,38.59178535606821,84.0960219478738,73.69953051643192,18.785260770975057,0.1272119815668203,136.0293103448276,1.1425579536370902,104.25520833333331,252.93801652892563,82.73687055837563,0.03,0.07,40.1,13.5,3.02,26.0,33.7,77.1,0.63,10.5,5.6,293.0,5.2,16.3,9.4,5.31,441.0,125.95,321.1,1.1,13.1,0.12,4.0,0.0,32.75
0.0,35.308825910931176,33.24291497975708,38.59178535606821,84.0960219478738,73.69953051643192,18.785260770975057,0.1272119815668203,136.0293103448276,1.1425579536370902,104.25520833333331,252.93801652892563,82.73687055837563,0.01,0.01,54.7,18.4,0.91,27.1,33.6,80.7,0.65,11.0,7.01,198.0,6.78,15.9,8.6,0.0,441.0,125.95,321.1,1.1,13.1,0.12,17.0,10.0,32.75
0.0,35.308825910931176,33.24291497975708,38.59178535606821,84.0960219478738,73.69953051643192,18.785260770975057,0.1272119815668203,136.0293103448276,1.1425579536370902,104.25520833333331,252.93801652892563,82.73687055837563,0.01,0.0,40.6,13.3,0.85,28.9,32.8,88.3,0.19,9.6,4.25,325.0,4.6,12.8,5.3,73.8,441.0,125.95,321.1,1.1,13.1,0.12,17.0,10.0,32.75
0.0,35.308825910931176,33.24291497975708,38.59178535606821,84.0960219478738,73.69953051643192,18.785260770975057,0.1272119815668203,136.0293103448276,1.1425579536370902,104.25520833333331,252.93801652892563,82.73687055837563,0.05,0.19,37.1,12.2,1.5,26.5,32.9,80.5,0.56,11.7,2.38,199.0,4.61,14.6,4.7,174.0,441.0,125.95,321.1,1.34,15.8,0.12,109.0,10.0,36.2
0.0,35.308825910931176,33.24291497975708,38.59178535606821,84.0960219478738,73.69953051643192,18.785260770975057,0.1272119815668203,136.0293103448276,1.1425579536370902,104.25520833333331,252.93801652892563,82.73687055837563,0.02,0.16,40.4,13.1,3.28,29.7,32.4,91.6,0.45,9.6,1.62,190.0,4.41,12.7,5.5,18.6,441.0,133.9,331.26,1.04,12.4,0.12,15.0,10.0,31.1
0.0,35.308825910931176,33.24291497975708,38.59178535606821,84.0960219478738,73.69953051643192,18.785260770975057,0.1272119815668203,136.0293103448276,1.1425579536370902,104.25520833333331,252.93801652892563,82.73687055837563,0.0,0.08,36.7,12.4,1.85,26.1,33.8,77.1,1.09,11.2,3.38,250.0,4.76,16.2,6.4,16.3,441.0,125.95,321.1,1.1,13.1,0.12,17.0,10.0,32.75
0.0,35.308825910931176,33.24291497975708,38.59178535606821,84.0960219478738,73.69953051643192,18.785260770975057,0.1272119815668203,136.0293103448276,1.1425579536370902,104.25520833333331,252.93801652892563,82.73687055837563,0.02,0.0,40.9,14.0,0.54,29.7,34.2,86.7,0.16,12.1,8.05,160.0,4.72,12.9,8.8,3.14,2109.03,225.7,368.24,1.1,13.1,0.12,34.0,10.0,32.75
0.0,35.308825910931176,33.24291497975708,38.59178535606821,84.0960219478738,73.69953051643192,18.785260770975057,0.1272119815668203,136.0293103448276,1.1425579536370902,104.25520833333331,252.93801652892563,82.73687055837563,0.03,0.1,41.0,13.8,1.97,29.0,33.7,86.1,0.55,11.1,1.29,164.0,4.76,12.0,3.9,5.56,441.0,125.95,321.1,1.1,13.1,0.12,17.0,10.0,32.75
0.0,35.308825910931176,33.24291497975708,38.59178535606821,84.0960219478738,73.69953051643192,18.785260770975057,0.1272119815668203,136.0293103448276,1.1425579536370902,104.25520833333331,252.93801652892563,82.73687055837563,0.03,0.07,39.9,13.1,2.44,26.7,32.8,81.4,0.39,9.1,8.5,417.0,4.9,13.2,11.4,29.3,441.0,116.7,321.1,1.1,13.1,19.0,59.0,10.0,32.75
0.0,35.308825910931176,33.24291497975708,38.59178535606821,84.0960219478738,73.69953051643192,18.785260770975057,0.1272119815668203,136.0293103448276,1.1425579536370902,104.25520833333331,252.93801652892563,82.73687055837563,0.03,0.02,47.9,17.3,0.9,30.6,36.1,84.6,0.84,9.7,4.23,238.0,5.66,12.2,6.0,55.1,2598.89,125.95,433.05,1.01,12.1,0.12,92.0,10.0,33.7
0.0,35.308825910931176,33.24291497975708,38.59178535606821,84.0960219478738,73.69953051643192,18.785260770975057,0.1272119815668203,136.0293103448276,1.1425579536370902,104.25520833333331,252.93801652892563,82.73687055837563,0.02,0.08,41.5,14.5,2.81,29.1,34.9,83.2,0.79,10.6,2.42,201.0,4.99,12.3,6.1,4.02,441.0,51.8,321.1,1.1,13.1,0.12,20.0,10.0,32.75
0.0,35.308825910931176,33.24291497975708,38.59178535606821,84.0960219478738,73.69953051643192,18.785260770975057,0.1272119815668203,136.0293103448276,1.1425579536370902,104.25520833333331,252.93801652892563,82.73687055837563,0.04,0.07,42.4,13.7,2.26,27.7,32.3,85.7,0.29,9.3,2.13,244.0,4.95,13.3,4.8,40.6,441.0,125.95,321.1,1.1,13.1,0.12,17.0,10.0,32.75
0.0,35.308825910931176,33.24291497975708,38.59178535606821,84.0960219478738,73.69953051643192,18.785260770975057,0.1272119815668203,136.0293103448276,1.1425579536370902,104.25520833333331,252.93801652892563,82.73687055837563,0.01,0.04,35.5,11.9,2.05,29.3,33.5,87.4,0.57,9.8,5.5,312.0,4.06,11.9,8.2,3.02,130.0,125.95,321.1,1.1,13.1,0.12,2.0,10.0,32.75
0.0,35.308825910931176,33.24291497975708,38.59178535606821,84.0960219478738,73.69953051643192,18.785260770975057,0.1272119815668203,136.0293103448276,1.1425579536370902,104.25520833333331,252.93801652892563,82.73687055837563,0.11,0.0,36.2,12.4,1.9,27.3,34.3,79.7,1.05,8.9,19.36,352.0,4.54,12.4,22.4,33.7,441.0,125.95,321.1,1.1,13.1,0.12,17.0,10.0,32.75
0.0,35.308825910931176,33.24291497975708,38.59178535606821,84.0960219478738,73.69953051643192,18.785260770975057,0.1272119815668203,136.0293103448276,1.1425579536370902,104.25520833333331,252.93801652892563,82.73687055837563,0.07,0.2,44.1,14.9,3.25,28.0,33.8,82.9,0.67,8.4,3.44,211.0,5.32,12.7,7.6,9.9,441.0,125.95,321.1,1.1,13.1,0.12,17.0,10.0,32.75
0.0,35.308825910931176,33.24291497975708,38.59178535606821,84.0960219478738,73.69953051643192,18.785260770975057,0.1272119815668203,136.0293103448276,1.1425579536370902,104.25520833333331,252.93801652892563,82.73687055837563,0.01,0.02,44.5,15.1,2.18,28.0,33.9,82.6,0.85,11.3,2.59,217.0,5.39,13.1,5.7,3.14,169.41,17.1,321.1,1.1,13.1,0.12,17.0,10.0,32.75
0.0,35.308825910931176,33.24291497975708,38.59178535606821,84.0960219478738,73.69953051643192,18.785260770975057,0.1272119815668203,136.0293103448276,1.1425579536370902,104.25520833333331,252.93801652892563,82.73687055837563,0.01,0.05,44.7,15.2,1.05,27.9,34.0,82.2,0.41,9.4,2.8,216.0,5.44,12.4,4.3,5.61,382.0,125.95,260.91,1.11,13.2,0.12,8.0,10.0,34.5
0.0,35.308825910931176,33.24291497975708,38.59178535606821,84.0960219478738,73.69953051643192,18.785260770975057,0.1272119815668203,136.0293103448276,1.1425579536370902,104.25520833333331,252.93801652892563,82.73687055837563,0.02,0.09,31.9,11.0,1.45,29.3,34.5,84.8,0.34,10.6,1.05,215.0,3.76,12.4,3.0,24.1,441.0,81.7,362.26,1.04,12.4,0.12,17.0,10.0,32.3
0.0,35.308825910931176,33.24291497975708,38.59178535606821,84.0960219478738,73.69953051643192,18.785260770975057,0.1272119815668203,136.0293103448276,1.1425579536370902,104.25520833333331,252.93801652892563,82.73687055837563,0.01,0.05,30.3,10.1,1.38,29.7,33.3,89.1,0.55,10.7,4.33,246.0,3.4,15.7,6.3,8.16,441.0,125.95,321.1,1.1,13.1,0.12,17.0,10.0,32.75
0.0,35.308825910931176,33.24291497975708,38.59178535606821,84.0960219478738,73.69953051643192,18.785260770975057,0.1272119815668203,136.0293103448276,1.1425579536370902,104.25520833333331,252.93801652892563,82.73687055837563,0.02,0.09,43.0,13.9,1.68,29.4,32.3,91.1,0.49,10.6,3.11,277.0,4.72,12.5,5.4,24.6,1004.35,135.9,321.1,1.1,13.1,0.12,17.0,10.0,32.75
0.0,35.308825910931176,33.24291497975708,38.59178535606821,84.0960219478738,73.69953051643192,18.785260770975057,0.1272119815668203,136.0293103448276,1.1425579536370902,104.25520833333331,252.93801652892563,82.73687055837563,0.01,0.05,39.9,12.7,1.51,26.6,31.8,83.6,0.52,8.7,2.34,185.0,4.77,13.0,4.4,3.02,441.0,125.95,321.1,1.1,13.1,0.12,17.0,10.0,32.75
0.0,35.308825910931176,33.24291497975708,38.59178535606821,84.0960219478738,73.69953051643192,18.785260770975057,0.1272119815668203,136.0293103448276,1.1425579536370902,104.25520833333331,252.93801652892563,82.73687055837563,0.0,0.0,34.4,12.0,0.83,29.5,34.9,84.5,0.48,10.6,4.84,280.0,4.07,13.8,6.2,10.4,1140.0,131.8,305.69,1.1,13.1,0.12,63.0,10.0,32.75
0.0,35.308825910931176,33.24291497975708,38.59178535606821,84.0960219478738,73.69953051643192,18.785260770975057,0.1272119815668203,136.0293103448276,1.1425579536370902,104.25520833333331,252.93801652892563,82.73687055837563,0.01,0.02,43.5,14.7,2.03,30.6,33.8,90.6,0.61,9.2,4.35,290.0,4.8,12.3,7.0,23.9,441.0,276.7,310.34,1.2,14.2,15.0,15.0,10.0,27.2
0.0,35.308825910931176,33.24291497975708,38.59178535606821,84.0960219478738,73.69953051643192,18.785260770975057,0.1272119815668203,136.0293103448276,1.1425579536370902,104.25520833333331,252.93801652892563,82.73687055837563,0.01,0.0,37.0,12.6,0.54,29.7,34.1,87.3,0.19,9.7,3.53,193.0,4.24,12.7,4.3,26.6,523.0,660.0,357.19,1.2,14.2,0.12,17.0,10.0,40.7
0.0,35.308825910931176,33.24291497975708,38.59178535606821,84.0960219478738,73.69953051643192,18.785260770975057,0.1272119815668203,136.0293103448276,1.1425579536370902,104.25520833333331,252.93801652892563,82.73687055837563,0.01,0.0,38.0,12.8,1.35,27.3,33.7,81.0,0.36,9.5,3.69,153.0,4.69,13.7,5.4,6.76,441.0,125.95,321.1,5.05,55.3,0.12,17.0,10.0,32.75
0.0,35.308825910931176,33.24291497975708,38.59178535606821,84.0960219478738,73.69953051643192,18.785260770975057,0.1272119815668203,136.0293103448276,1.1425579536370902,104.25520833333331,252.93801652892563,82.73687055837563,0.06,0.12,46.5,15.9,2.75,27.7,34.2,81.2,0.79,11.2,2.95,274.0,5.73,13.0,6.7,28.7,441.0,0.0,376.87,1.1,13.1,21.0,32.0,10.0,32.75
0.0,35.308825910931176,33.24291497975708,38.59178535606821,84.0960219478738,73.69953051643192,18.785260770975057,0.1272119815668203,136.0293103448276,1.1425579536370902,104.25520833333331,252.93801652892563,82.73687055837563,0.01,0.07,37.7,12.7,0.68,28.9,33.7,85.7,0.12,10.6,4.5,380.0,4.4,12.2,5.4,4.11,441.0,125.95,321.1,1.1,13.1,0.12,8.0,10.0,32.75
0.0,35.308825910931176,33.24291497975708,38.59178535606821,84.0960219478738,73.69953051643192,18.785260770975057,0.1272119815668203,136.0293103448276,1.1425579536370902,104.25520833333331,252.93801652892563,82.73687055837563,0.02,0.0,34.4,12.0,0.61,28.4,34.9,81.3,0.38,11.2,7.34,241.0,4.23,14.1,8.4,25.8,441.0,125.95,321.1,1.1,13.1,0.12,17.0,10.0,32.75
0.0,35.308825910931176,33.24291497975708,38.59178535606821,84.0960219478738,73.69953051643192,18.785260770975057,0.1272119815668203,136.0293103448276,1.1425579536370902,104.25520833333331,252.93801652892563,82.73687055837563,0.01,0.0,27.4,8.6,1.31,20.8,31.4,66.2,0.34,11.3,6.93,372.0,4.14,19.2,8.6,118.0,441.0,545.1,364.89,1.1,13.1,0.12,75.0,10.0,32.75
0.0,35.308825910931176,33.24291497975708,38.59178535606821,84.0960219478738,73.69953051643192,18.785260770975057,0.1272119815668203,136.0293103448276,1.1425579536370902,104.25520833333331,252.93801652892563,82.73687055837563,0.08,0.27,38.5,13.0,1.21,28.3,33.8,83.9,0.35,13.5,3.25,175.0,4.59,12.3,5.2,82.2,441.0,125.95,321.1,1.1,13.1,0.12,17.0,10.0,32.75
0.0,35.308825910931176,33.24291497975708,38.59178535606821,84.0960219478738,73.69953051643192,18.785260770975057,0.1272119815668203,136.0293103448276,1.1425579536370902,104.25520833333331,252.93801652892563,82.73687055837563,0.02,0.1,37.6,12.6,2.01,27.0,33.5,80.5,0.26,10.9,1.94,249.0,4.67,12.7,4.3,3.02,235.0,80.9,321.1,1.1,13.1,0.12,2.0,10.0,32.75
0.0,35.308825910931176,33.24291497975708,38.59178535606821,84.0960219478738,73.69953051643192,18.785260770975057,0.1272119815668203,136.0293103448276,1.1425579536370902,104.25520833333331,252.93801652892563,82.73687055837563,0.01,0.01,41.6,14.3,1.82,29.4,34.4,85.6,0.76,9.8,3.14,215.0,4.86,12.6,5.7,3.02,441.0,125.95,321.1,1.1,13.1,0.12,17.0,10.0,32.75
0.0,35.308825910931176,33.24291497975708,38.59178535606821,84.0960219478738,73.69953051643192,18.785260770975057,0.1272119815668203,136.0293103448276,1.1425579536370902,104.25520833333331,252.93801652892563,82.73687055837563,0.06,0.01,29.4,9.4,1.61,22.8,32.0,71.4,0.54,10.3,7.37,394.0,4.12,15.1,9.6,45.5,539.63,317.6,277.71,1.1,13.1,24.0,21.0,10.0,32.75
0.0,35.308825910931176,33.24291497975708,38.59178535606821,84.0960219478738,73.69953051643192,18.785260770975057,0.1272119815668203,136.0293103448276,1.1425579536370902,104.25520833333331,252.93801652892563,82.73687055837563,0.0,0.01,46.8,15.7,1.63,27.0,33.5,80.4,0.29,9.9,1.73,164.0,5.82,13.2,3.7,7.05,1374.43,125.95,321.1,1.1,13.1,0.12,17.0,10.0,32.75
0.0,35.308825910931176,33.24291497975708,38.59178535606821,84.0960219478738,73.69953051643192,18.785260770975057,0.1272119815668203,136.0293103448276,1.1425579536370902,104.25520833333331,252.93801652892563,82.73687055837563,0.05,0.0,31.3,10.3,0.82,25.4,32.9,77.3,0.66,9.8,11.86,430.0,4.05,16.5,13.4,3.02,512.0,25.5,296.79,1.1,13.1,0.12,4.0,10.0,32.75
0.0,35.308825910931176,33.24291497975708,38.59178535606821,84.0960219478738,73.69953051643192,18.785260770975057,0.1272119815668203,136.0293103448276,1.1425579536370902,104.25520833333331,252.93801652892563,82.73687055837563,0.04,0.0,35.4,12.2,1.02,29.6,34.5,85.9,0.89,10.9,8.65,266.0,4.12,13.2,10.6,6.96,251.0,95.2,486.28,1.1,13.1,0.12,2.0,10.0,32.75
0.0,35.308825910931176,33.24291497975708,38.59178535606821,84.0960219478738,73.69953051643192,18.785260770975057,0.1272119815668203,136.0293103448276,1.1425579536370902,104.25520833333331,252.93801652892563,82.73687055837563,0.0,0.0,41.6,14.2,0.99,28.0,34.1,82.1,0.2,11.4,3.56,165.0,5.07,12.4,4.8,17.0,2498.43,125.95,321.1,1.1,13.1,0.12,17.0,10.0,32.75
0.0,35.308825910931176,33.24291497975708,38.59178535606821,84.0960219478738,73.69953051643192,18.785260770975057,0.1272119815668203,136.0293103448276,1.1425579536370902,104.25520833333331,252.93801652892563,82.73687055837563,0.01,0.0,38.6,13.1,0.67,30.0,33.9,88.5,0.42,11.1,3.88,95.0,4.36,13.2,5.0,48.1,441.0,299.1,321.1,1.1,13.1,40.0,67.0,10.0,32.75
0.0,35.308825910931176,33.24291497975708,38.59178535606821,84.0960219478738,73.69953051643192,18.785260770975057,0.1272119815668203,136.0293103448276,1.1425579536370902,104.25520833333331,252.93801652892563,82.73687055837563,0.02,0.14,32.6,10.7,0.81,29.0,32.8,88.3,0.24,10.8,2.22,254.0,3.69,14.5,3.4,6.76,441.0,125.95,321.1,1.1,13.1,0.12,17.0,10.0,32.75
0.0,35.308825910931176,33.24291497975708,38.59178535606821,84.0960219478738,73.69953051643192,18.785260770975057,0.1272119815668203,136.0293103448276,1.1425579536370902,104.25520833333331,252.93801652892563,82.73687055837563,0.06,0.07,42.0,14.3,2.06,27.1,34.0,79.5,1.28,12.9,7.99,189.0,5.28,13.2,11.5,130.0,441.0,314.9,321.1,1.1,13.1,0.12,17.0,10.0,32.75
0.0,35.308825910931176,33.24291497975708,38.59178535606821,84.0960219478738,73.69953051643192,18.785260770975057,0.1272119815668203,136.0293103448276,1.1425579536370902,104.25520833333331,252.93801652892563,82.73687055837563,0.01,0.02,36.8,12.1,2.17,23.2,32.9,70.5,0.49,10.2,3.29,292.0,5.22,16.8,6.0,5.61,306.0,131.6,289.24,1.1,13.1,0.12,3.0,10.0,32.75
0.0,35.308825910931176,33.24291497975708,38.59178535606821,84.0960219478738,73.69953051643192,18.785260770975057,0.1272119815668203,136.0293103448276,1.1425579536370902,104.25520833333331,252.93801652892563,82.73687055837563,0.0,0.0,34.7,12.0,0.84,28.4,34.6,82.2,0.38,9.9,2.63,272.0,4.22,11.8,3.9,133.0,441.0,447.5,406.34,1.1,13.1,35.0,19.0,10.0,32.75
0.0,35.308825910931176,33.24291497975708,38.59178535606821,84.0960219478738,73.69953051643192,18.785260770975057,0.1272119815668203,136.0293103448276,1.1425579536370902,104.25520833333331,252.93801652892563,82.73687055837563,0.02,0.0,36.0,12.1,0.74,28.8,33.6,85.7,0.24,11.9,12.82,141.0,4.2,14.6,13.8,44.2,723.9,549.7,470.04,1.05,12.6,15.0,59.0,10.0,30.4
0.0,35.308825910931176,33.24291497975708,38.59178535606821,84.0960219478738,73.69953051643192,18.785260770975057,0.1272119815668203,136.0293103448276,1.1425579536370902,104.25520833333331,252.93801652892563,82.73687055837563,0.08,0.16,36.3,12.2,1.04,25.2,33.6,75.0,0.78,10.3,6.42,463.0,4.84,14.1,8.5,5.48,441.0,125.95,321.1,1.1,13.1,0.12,17.0,10.0,32.75
0.0,35.308825910931176,33.24291497975708,38.59178535606821,84.0960219478738,73.69953051643192,18.785260770975057,0.1272119815668203,136.0293103448276,1.1425579536370902,104.25520833333331,252.93801652892563,82.73687055837563,0.02,0.02,39.1,14.0,0.59,29.4,35.8,82.1,0.37,9.5,6.65,273.0,4.76,13.0,7.7,29.8,441.0,125.95,321.1,1.1,13.1,0.12,17.0,10.0,32.75
0.0,35.308825910931176,33.24291497975708,38.59178535606821,84.0960219478738,73.69953051643192,18.785260770975057,0.1272119815668203,136.0293103448276,1.1425579536370902,104.25520833333331,252.93801652892563,82.73687055837563,0.01,0.0,45.4,16.3,1.3,29.9,35.9,83.3,0.31,11.1,2.31,149.0,5.45,13.1,3.9,4.56,441.0,125.95,302.0,1.1,13.1,0.12,17.0,10.0,32.75
0.0,35.308825910931176,33.24291497975708,38.59178535606821,84.0960219478738,73.69953051643192,18.785260770975057,0.1272119815668203,136.0293103448276,1.1425579536370902,104.25520833333331,252.93801652892563,82.73687055837563,0.05,0.01,37.4,12.1,1.14,30.9,32.4,95.4,1.36,11.3,19.3,295.0,3.92,14.7,21.9,26.1,671.0,325.8,277.71,1.39,16.4,0.12,31.0,10.0,51.3
0.0,35.308825910931176,33.24291497975708,38.59178535606821,84.0960219478738,73.69953051643192,18.785260770975057,0.1272119815668203,136.0293103448276,1.1425579536370902,104.25520833333331,252.93801652892563,82.73687055837563,0.09,0.21,47.2,15.6,1.92,28.6,33.1,86.4,0.62,10.4,3.67,309.0,5.46,13.2,6.5,3.02,441.0,21.1,188.11,1.13,13.5,0.12,4.0,10.0,30.2
0.0,35.308825910931176,33.24291497975708,38.59178535606821,84.0960219478738,73.69953051643192,18.785260770975057,0.1272119815668203,136.0293103448276,1.1425579536370902,104.25520833333331,252.93801652892563,82.73687055837563,0.02,0.0,36.8,12.3,0.66,27.5,33.4,82.1,0.5,10.6,9.23,323.0,4.48,13.8,10.4,28.4,441.0,116.7,321.1,1.1,13.1,0.12,17.0,10.0,32.75
0.0,35.308825910931176,33.24291497975708,38.59178535606821,84.0960219478738,73.69953051643192,18.785260770975057,0.1272119815668203,136.0293103448276,1.1425579536370902,104.25520833333331,252.93801652892563,82.73687055837563,0.03,0.18,46.8,15.2,1.68,28.3,32.5,87.2,0.69,10.8,2.69,203.0,5.37,12.7,5.3,8.97,1540.0,49.6,321.1,1.1,13.1,0.12,28.0,10.0,32.75
0.0,35.308825910931176,33.24291497975708,38.59178535606821,84.0960219478738,73.69953051643192,18.785260770975057,0.1272119815668203,136.0293103448276,1.1425579536370902,104.25520833333331,252.93801652892563,82.73687055837563,0.02,0.09,39.8,13.3,1.64,27.7,33.4,82.9,0.58,9.9,6.1,257.0,4.8,12.8,8.4,3.14,336.79,13.1,300.0,1.21,14.4,0.12,17.0,10.0,38.7
0.0,35.308825910931176,33.24291497975708,38.59178535606821,84.0960219478738,73.69953051643192,18.785260770975057,0.1272119815668203,136.0293103448276,1.1425579536370902,104.25520833333331,252.93801652892563,82.73687055837563,0.02,0.0,32.8,10.4,0.61,24.1,31.7,75.9,0.22,9.3,3.57,150.0,4.32,16.0,4.4,4.43,441.0,47.1,486.28,1.1,13.1,0.12,20.0,10.0,32.75
0.0,35.308825910931176,33.24291497975708,38.59178535606821,84.0960219478738,73.69953051643192,18.785260770975057,0.1272119815668203,136.0293103448276,1.1425579536370902,104.25520833333331,252.93801652892563,82.73687055837563,0.03,0.02,44.5,15.4,1.26,29.1,34.6,84.1,0.96,10.8,5.04,139.0,5.29,11.9,7.3,53.5,603.0,333.1,311.64,1.62,18.9,0.12,17.0,10.0,80.3
0.0,35.308825910931176,33.24291497975708,38.59178535606821,84.0960219478738,73.69953051643192,18.785260770975057,0.1272119815668203,136.0293103448276,1.1425579536370902,104.25520833333331,252.93801652892563,82.73687055837563,0.02,0.02,47.8,15.6,2.0,27.9,32.6,85.4,0.74,11.0,2.48,213.0,5.6,13.4,5.3,3.98,441.0,65.1,321.1,1.1,13.1,0.12,36.0,10.0,32.75
0.0,35.308825910931176,33.24291497975708,38.59178535606821,84.0960219478738,73.69953051643192,18.785260770975057,0.1272119815668203,136.0293103448276,1.1425579536370902,104.25520833333331,252.93801652892563,82.73687055837563,0.01,0.08,35.6,13.1,1.22,29.8,36.8,80.9,0.47,9.3,2.9,182.0,4.4,12.1,4.7,19.2,531.0,125.95,317.88,1.17,13.9,0.12,20.0,10.0,33.0
0.0,35.308825910931176,33.24291497975708,38.59178535606821,84.0960219478738,73.69953051643192,18.785260770975057,0.1272119815668203,136.0293103448276,1.1425579536370902,104.25520833333331,252.93801652892563,82.73687055837563,0.01,0.0,42.6,15.0,0.98,28.5,35.2,80.8,0.41,10.6,2.92,123.0,5.27,14.6,4.3,21.4,441.0,23.2,364.89,1.12,13.4,0.12,29.0,10.0,35.0
0.0,35.308825910931176,33.24291497975708,38.59178535606821,84.0960219478738,73.69953051643192,18.785260770975057,0.1272119815668203,136.0293103448276,1.1425579536370902,104.25520833333331,252.93801652892563,82.73687055837563,0.0,0.01,34.4,11.5,1.41,26.9,33.4,80.4,0.49,11.0,2.18,156.0,4.28,13.6,4.1,9.05,441.0,125.95,321.1,1.1,13.1,0.12,17.0,14.0,32.75
0.0,35.308825910931176,33.24291497975708,38.59178535606821,84.0960219478738,73.69953051643192,18.785260770975057,0.1272119815668203,136.0293103448276,1.1425579536370902,104.25520833333331,252.93801652892563,82.73687055837563,0.04,0.01,43.5,14.5,1.45,28.9,33.3,86.7,1.15,10.9,5.64,181.0,5.02,13.0,8.3,3.02,1080.0,46.5,270.8,1.1,13.1,0.12,16.0,10.0,32.75
0.0,35.308825910931176,33.24291497975708,38.59178535606821,84.0960219478738,73.69953051643192,18.785260770975057,0.1272119815668203,136.0293103448276,1.1425579536370902,104.25520833333331,252.93801652892563,82.73687055837563,0.01,0.01,41.6,15.2,1.33,28.5,36.5,77.9,0.61,10.3,4.49,227.0,5.34,12.4,6.5,9.0,441.0,125.95,305.69,1.12,13.4,0.12,20.0,10.0,38.2
0.0,35.308825910931176,33.24291497975708,38.59178535606821,84.0960219478738,73.69953051643192,18.785260770975057,0.1272119815668203,136.0293103448276,1.1425579536370902,104.25520833333331,252.93801652892563,82.73687055837563,0.02,0.03,39.8,13.5,0.99,28.4,33.9,83.8,1.12,11.4,3.0,203.0,4.75,13.0,5.2,6.76,441.0,889.9,264.12,1.28,15.2,0.12,17.0,10.0,31.1
0.0,35.308825910931176,33.24291497975708,38.59178535606821,84.0960219478738,73.69953051643192,18.785260770975057,0.1272119815668203,136.0293103448276,1.1425579536370902,104.25520833333331,252.93801652892563,82.73687055837563,0.03,0.06,44.7,14.4,1.81,26.7,32.2,82.9,0.3,10.0,2.53,339.0,5.39,13.0,4.7,31.6,441.0,125.95,321.1,1.1,13.1,0.12,17.0,10.0,32.75
0.0,35.308825910931176,33.24291497975708,38.59178535606821,84.0960219478738,73.69953051643192,18.785260770975057,0.1272119815668203,136.0293103448276,1.1425579536370902,104.25520833333331,252.93801652892563,82.73687055837563,0.02,0.14,36.5,11.5,1.8,28.3,31.5,89.7,0.37,10.4,2.1,218.0,4.07,12.8,4.4,58.5,1043.35,547.0,441.55,0.96,11.5,25.0,17.0,10.0,32.75
0.0,35.308825910931176,33.24291497975708,38.59178535606821,84.0960219478738,73.69953051643192,18.785260770975057,0.1272119815668203,136.0293103448276,1.1425579536370902,104.25520833333331,252.93801652892563,82.73687055837563,0.03,0.04,41.1,13.7,1.57,26.1,33.3,78.4,0.47,10.3,4.49,360.0,5.24,12.1,6.6,7.14,441.0,569.7,321.1,1.1,13.1,0.12,42.0,10.0,32.75
0.0,35.308825910931176,33.24291497975708,38.59178535606821,84.0960219478738,73.69953051643192,18.785260770975057,0.1272119815668203,136.0293103448276,1.1425579536370902,104.25520833333331,252.93801652892563,82.73687055837563,0.02,0.11,35.3,11.5,2.97,27.1,32.6,83.3,0.44,9.6,2.39,215.0,4.24,15.5,5.9,3.02,841.0,549.9,186.54,1.1,13.1,0.12,4.0,10.0,32.75
0.0,35.308825910931176,33.24291497975708,38.59178535606821,84.0960219478738,73.69953051643192,18.785260770975057,0.1272119815668203,136.0293103448276,1.1425579536370902,104.25520833333331,252.93801652892563,82.73687055837563,0.02,0.0,37.6,13.4,0.74,28.5,35.6,79.8,0.4,10.3,10.76,340.0,4.71,11.7,11.9,22.7,610.45,74.5,445.97,1.14,13.6,24.0,37.0,10.0,42.7
0.0,35.308825910931176,33.24291497975708,38.59178535606821,84.0960219478738,73.69953051643192,18.785260770975057,0.1272119815668203,136.0293103448276,1.1425579536370902,104.25520833333331,252.93801652892563,82.73687055837563,0.01,0.01,34.0,11.2,1.76,24.9,32.9,75.6,0.35,10.0,1.22,169.0,4.5,13.3,3.4,3.02,400.0,125.95,321.1,1.1,13.1,0.12,20.0,10.0,32.2
0.0,35.308825910931176,33.24291497975708,38.59178535606821,84.0960219478738,73.69953051643192,18.785260770975057,0.1272119815668203,136.0293103448276,1.1425579536370902,104.25520833333331,252.93801652892563,82.73687055837563,0.01,0.0,37.4,12.2,1.24,28.2,32.6,86.4,0.29,9.8,1.72,161.0,4.33,14.0,3.3,128.0,441.0,308.8,321.1,1.1,13.1,0.12,43.0,10.0,32.75
0.0,35.308825910931176,33.24291497975708,38.59178535606821,84.0960219478738,73.69953051643192,18.785260770975057,0.1272119815668203,136.0293103448276,1.1425579536370902,104.25520833333331,252.93801652892563,82.73687055837563,0.02,0.01,36.0,12.5,1.09,29.6,34.7,85.3,0.17,10.1,1.86,197.0,4.22,12.4,3.2,3.02,441.0,10.0,321.1,1.1,13.1,0.12,17.0,10.0,32.75
0.0,35.308825910931176,33.24291497975708,38.59178535606821,84.0960219478738,73.69953051643192,18.785260770975057,0.1272119815668203,136.0293103448276,1.1425579536370902,104.25520833333331,252.93801652892563,82.73687055837563,0.01,0.01,42.8,13.5,1.16,29.2,31.5,92.4,0.38,10.9,2.38,212.0,4.63,12.7,3.9,3.02,171.0,91.1,248.77,1.1,13.1,0.12,3.0,10.0,32.75
0.0,35.308825910931176,33.24291497975708,38.59178535606821,84.0960219478738,73.69953051643192,18.785260770975057,0.1272119815668203,136.0293103448276,1.1425579536370902,104.25520833333331,252.93801652892563,82.73687055837563,0.09,0.11,43.4,14.0,2.27,26.0,32.3,80.7,0.47,11.0,3.43,318.0,5.38,14.4,6.4,3.02,441.0,133.9,240.34,1.1,13.1,0.12,3.0,10.0,32.75
0.0,35.308825910931176,33.24291497975708,38.59178535606821,84.0960219478738,73.69953051643192,18.785260770975057,0.1272119815668203,136.0293103448276,1.1425579536370902,104.25520833333331,252.93801652892563,82.73687055837563,0.03,0.08,35.9,11.3,1.65,24.1,31.5,76.7,0.45,10.5,4.88,317.0,4.68,15.6,7.1,3.14,94.75,5.3,321.1,1.1,13.1,0.12,17.0,10.0,32.75
0.0,35.308825910931176,33.24291497975708,38.59178535606821,84.0960219478738,73.69953051643192,18.785260770975057,0.1272119815668203,136.0293103448276,1.1425579536370902,104.25520833333331,252.93801652892563,82.73687055837563,0.04,0.01,44.2,14.3,1.05,23.6,32.4,72.9,0.54,10.0,6.33,226.0,6.06,14.9,8.0,3.4,222.88,183.9,321.1,1.1,13.1,0.12,17.0,10.0,32.75
0.0,35.308825910931176,33.24291497975708,38.59178535606821,84.0960219478738,73.69953051643192,18.785260770975057,0.1272119815668203,136.0293103448276,1.1425579536370902,104.25520833333331,252.93801652892563,82.73687055837563,0.03,0.2,40.1,13.5,2.22,27.7,33.7,82.3,0.86,11.1,3.72,348.0,4.87,13.2,7.0,91.7,441.0,375.6,321.1,1.1,13.1,0.12,17.0,10.0,32.75
0.0,35.308825910931176,33.24291497975708,38.59178535606821,84.0960219478738,73.69953051643192,18.785260770975057,0.1272119815668203,136.0293103448276,1.1425579536370902,104.25520833333331,252.93801652892563,82.73687055837563,0.05,0.13,25.7,8.8,1.84,30.1,34.2,88.0,0.53,10.2,4.68,229.0,2.92,12.9,7.2,61.8,771.47,158.4,395.85,1.1,13.1,34.0,36.0,10.0,32.75
0.0,35.308825910931176,33.24291497975708,38.59178535606821,84.0960219478738,73.69953051643192,18.785260770975057,0.1272119815668203,136.0293103448276,1.1425579536370902,104.25520833333331,252.93801652892563,82.73687055837563,0.01,0.01,40.1,13.4,1.11,28.0,33.4,83.7,0.31,10.8,1.61,194.0,4.79,13.2,3.1,59.2,1135.55,45.9,311.64,0.95,11.4,0.12,17.0,10.0,32.75
0.0,35.308825910931176,33.24291497975708,38.59178535606821,84.0960219478738,73.69953051643192,18.785260770975057,0.1272119815668203,136.0293103448276,1.1425579536370902,104.25520833333331,252.93801652892563,82.73687055837563,0.07,0.0,49.7,16.8,0.86,29.0,33.8,85.8,0.81,10.3,9.0,286.0,5.79,13.9,10.7,9.29,441.0,49.7,321.1,1.1,13.1,0.12,17.0,10.0,32.75
0.0,35.308825910931176,33.24291497975708,38.59178535606821,84.0960219478738,73.69953051643192,18.785260770975057,0.1272119815668203,136.0293103448276,1.1425579536370902,104.25520833333331,252.93801652892563,82.73687055837563,0.01,0.0,46.2,16.3,1.04,31.0,35.3,87.8,0.36,11.4,4.0,72.0,5.26,13.2,5.4,5.22,441.0,125.95,321.1,1.1,13.1,0.12,17.0,10.0,32.75
0.0,35.308825910931176,33.24291497975708,38.59178535606821,84.0960219478738,73.69953051643192,18.785260770975057,0.1272119815668203,136.0293103448276,1.1425579536370902,104.25520833333331,252.93801652892563,82.73687055837563,0.02,0.01,30.5,10.5,0.95,28.7,34.4,83.3,0.15,10.7,5.66,330.0,3.66,11.9,6.8,54.8,2700.0,892.2,324.41,1.1,13.1,40.0,17.0,10.0,32.75
0.0,35.308825910931176,33.24291497975708,38.59178535606821,84.0960219478738,73.69953051643192,18.785260770975057,0.1272119815668203,136.0293103448276,1.1425579536370902,104.25520833333331,252.93801652892563,82.73687055837563,0.01,0.02,31.3,11.0,0.75,28.6,35.1,81.5,0.3,11.2,3.93,187.0,3.84,11.9,5.0,44.5,1295.61,463.8,445.97,1.1,13.1,38.0,65.0,10.0,32.75
0.0,35.308825910931176,33.24291497975708,38.59178535606821,84.0960219478738,73.69953051643192,18.785260770975057,0.1272119815668203,136.0293103448276,1.1425579536370902,104.25520833333331,252.93801652892563,82.73687055837563,0.02,0.0,28.1,9.9,0.26,26.2,35.2,74.3,0.46,11.3,3.53,302.0,3.78,14.5,4.3,17.5,441.0,125.95,321.1,1.1,13.1,0.12,17.0,10.0,32.75
0.0,35.308825910931176,33.24291497975708,38.59178535606821,84.0960219478738,73.69953051643192,18.785260770975057,0.1272119815668203,136.0293103448276,1.1425579536370902,104.25520833333331,252.93801652892563,82.73687055837563,0.06,0.44,39.8,13.2,1.46,26.1,33.2,78.7,0.51,10.7,4.25,383.0,5.06,12.7,6.7,64.7,441.0,387.6,424.98,0.98,11.8,0.12,63.0,10.0,23.0
0.0,35.308825910931176,33.24291497975708,38.59178535606821,84.0960219478738,73.69953051643192,18.785260770975057,0.1272119815668203,136.0293103448276,1.1425579536370902,104.25520833333331,252.93801652892563,82.73687055837563,0.03,0.0,34.9,12.3,0.97,27.6,35.2,78.4,0.66,11.7,9.27,211.0,4.45,14.4,10.9,3.14,441.0,125.95,321.1,1.1,13.1,0.12,17.0,10.0,32.75
0.0,35.308825910931176,33.24291497975708,38.59178535606821,84.0960219478738,73.69953051643192,18.785260770975057,0.1272119815668203,136.0293103448276,1.1425579536370902,104.25520833333331,252.93801652892563,82.73687055837563,0.01,0.06,38.5,12.7,1.88,27.5,33.0,83.5,0.37,10.9,1.7,157.0,4.61,13.3,4.0,3.02,430.0,57.9,251.71,1.1,13.1,0.12,8.0,10.0,32.75
0.0,35.308825910931176,33.24291497975708,38.59178535606821,84.0960219478738,73.69953051643192,18.785260770975057,0.1272119815668203,136.0293103448276,1.1425579536370902,104.25520833333331,252.93801652892563,82.73687055837563,0.04,0.08,40.6,13.4,2.22,29.5,33.0,89.2,0.29,9.7,2.69,377.0,4.55,11.8,5.3,76.0,441.0,125.95,321.1,1.1,13.1,27.0,17.0,10.0,32.75
0.0,35.308825910931176,33.24291497975708,38.59178535606821,84.0960219478738,73.69953051643192,18.785260770975057,0.1272119815668203,136.0293103448276,1.1425579536370902,104.25520833333331,252.93801652892563,82.73687055837563,0.01,0.01,39.5,13.0,1.12,28.3,32.9,86.1,0.53,10.2,3.73,230.0,4.59,13.2,5.4,3.02,333.0,125.95,219.17,0.92,11.1,0.12,17.0,10.0,30.1
0.0,35.308825910931176,33.24291497975708,38.59178535606821,84.0960219478738,73.69953051643192,18.785260770975057,0.1272119815668203,136.0293103448276,1.1425579536370902,104.25520833333331,252.93801652892563,82.73687055837563,0.04,0.07,37.0,12.2,0.88,28.7,33.0,87.1,0.72,10.7,4.09,218.0,4.25,12.3,5.8,60.3,371.39,212.4,399.26,1.17,13.9,0.12,21.0,10.0,37.9
0.0,35.308825910931176,33.24291497975708,38.59178535606821,84.0960219478738,73.69953051643192,18.785260770975057,0.1272119815668203,136.0293103448276,1.1425579536370902,104.25520833333331,252.93801652892563,82.73687055837563,0.05,0.11,39.0,13.7,0.59,29.5,35.1,84.1,0.59,10.2,2.75,176.0,4.64,12.3,4.1,6.76,2010.83,0.0,480.7,1.1,13.1,0.12,17.0,240.0,32.75
0.0,35.308825910931176,33.24291497975708,38.59178535606821,84.0960219478738,73.69953051643192,18.785260770975057,0.1272119815668203,136.0293103448276,1.1425579536370902,104.25520833333331,252.93801652892563,82.73687055837563,0.03,0.13,44.1,14.7,2.01,30.4,33.3,91.1,0.48,12.0,2.72,128.0,4.84,12.5,5.4,3.02,441.0,125.95,321.1,1.1,13.1,0.12,17.0,10.0,32.75
0.0,35.308825910931176,33.24291497975708,38.59178535606821,84.0960219478738,73.69953051643192,18.785260770975057,0.1272119815668203,136.0293103448276,1.1425579536370902,104.25520833333331,252.93801652892563,82.73687055837563,0.01,0.0,39.8,13.4,1.11,27.2,33.7,80.9,0.52,12.2,6.63,180.0,4.92,13.2,8.3,7.37,441.0,125.95,321.1,1.1,13.1,0.12,17.0,10.0,32.75
0.0,35.308825910931176,33.24291497975708,38.59178535606821,84.0960219478738,73.69953051643192,18.785260770975057,0.1272119815668203,136.0293103448276,1.1425579536370902,104.25520833333331,252.93801652892563,82.73687055837563,0.03,0.25,45.8,16.2,1.99,30.7,35.4,86.7,0.49,9.8,3.58,265.0,5.28,13.2,6.3,40.9,441.0,476.7,321.1,1.1,13.1,0.12,79.0,10.0,32.75
0.0,35.308825910931176,33.24291497975708,38.59178535606821,84.0960219478738,73.69953051643192,18.785260770975057,0.1272119815668203,136.0293103448276,1.1425579536370902,104.25520833333331,252.93801652892563,82.73687055837563,0.01,0.04,47.2,16.0,1.26,31.0,33.9,91.5,0.58,10.0,0.91,181.0,5.16,13.1,2.8,12.5,402.0,27.4,277.71,1.09,13.0,0.12,17.0,10.0,41.6
0.0,35.308825910931176,33.24291497975708,38.59178535606821,84.0960219478738,73.69953051643192,18.785260770975057,0.1272119815668203,136.0293103448276,1.1425579536370902,104.25520833333331,252.93801652892563,82.73687055837563,0.01,0.0,42.6,14.4,0.71,26.5,33.8,78.3,0.24,10.8,5.03,137.0,5.44,13.8,6.0,14.1,571.0,113.2,331.26,1.1,13.1,0.12,15.0,10.0,32.75
0.0,35.308825910931176,33.24291497975708,38.59178535606821,84.0960219478738,73.69953051643192,18.785260770975057,0.1272119815668203,136.0293103448276,1.1425579536370902,104.25520833333331,252.93801652892563,82.73687055837563,0.04,0.03,46.1,15.7,1.25,29.2,34.1,85.7,0.57,10.4,2.74,224.0,5.38,12.9,4.6,78.6,5231.9,0.0,504.15,1.1,13.1,0.12,51.0,10.0,32.75
0.0,35.308825910931176,33.24291497975708,38.59178535606821,84.0960219478738,73.69953051643192,18.785260770975057,0.1272119815668203,136.0293103448276,1.1425579536370902,104.25520833333331,252.93801652892563,82.73687055837563,0.0,0.12,36.7,12.3,0.35,30.4,33.5,90.6,0.32,10.5,5.9,184.0,4.05,12.4,6.7,7.82,441.0,125.95,321.1,1.1,13.1,0.12,17.0,10.0,32.75
0.0,35.308825910931176,33.24291497975708,38.59178535606821,84.0960219478738,73.69953051643192,18.785260770975057,0.1272119815668203,136.0293103448276,1.1425579536370902,104.25520833333331,252.93801652892563,82.73687055837563,0.0,0.0,35.1,11.0,1.12,26.2,31.3,83.6,0.32,9.9,6.76,230.0,4.2,17.0,8.2,25.9,735.0,125.95,293.69,1.26,14.9,33.0,18.0,10.0,41.3
0.0,35.308825910931176,33.24291497975708,38.59178535606821,84.0960219478738,73.69953051643192,18.785260770975057,0.1272119815668203,136.0293103448276,1.1425579536370902,104.25520833333331,252.93801652892563,82.73687055837563,0.02,0.0,43.7,13.0,1.36,26.7,29.7,89.7,0.19,10.9,8.3,418.0,4.87,13.0,9.9,3.14,328.17,23.5,296.79,0.94,11.3,0.12,17.0,10.0,23.8
0.0,35.308825910931176,33.24291497975708,38.59178535606821,84.0960219478738,73.69953051643192,18.785260770975057,0.1272119815668203,136.0293103448276,1.1425579536370902,104.25520833333331,252.93801652892563,82.73687055837563,0.02,0.15,41.3,13.9,2.17,27.6,33.7,81.9,0.5,9.6,5.08,290.0,5.04,12.9,7.9,9.21,441.0,565.4,608.9,1.1,13.1,0.12,60.0,10.0,32.75
0.0,35.308825910931176,33.24291497975708,38.59178535606821,84.0960219478738,73.69953051643192,18.785260770975057,0.1272119815668203,136.0293103448276,1.1425579536370902,104.25520833333331,252.93801652892563,82.73687055837563,0.0,0.0,34.9,12.7,0.66,32.6,36.4,89.7,0.08,11.1,1.59,125.0,3.89,12.0,2.3,5.47,441.0,94.4,331.26,1.1,13.1,0.12,6.0,10.0,32.75
0.0,35.308825910931176,33.24291497975708,38.59178535606821,84.0960219478738,73.69953051643192,18.785260770975057,0.1272119815668203,136.0293103448276,1.1425579536370902,104.25520833333331,252.93801652892563,82.73687055837563,0.01,0.0,33.3,10.4,1.1,25.8,31.2,82.6,0.38,9.7,8.3,358.0,4.03,14.5,9.8,66.3,441.0,125.95,321.1,1.1,13.1,0.12,17.0,10.0,32.75
0.0,35.308825910931176,33.24291497975708,38.59178535606821,84.0960219478738,73.69953051643192,18.785260770975057,0.1272119815668203,136.0293103448276,1.1425579536370902,104.25520833333331,252.93801652892563,82.73687055837563,0.02,0.01,32.3,11.1,0.13,27.6,34.4,80.3,0.32,10.8,8.71,164.0,4.02,13.0,9.2,3.02,441.0,3.7,175.3,1.11,13.2,0.12,3.0,10.0,29.8
0.0,35.308825910931176,33.24291497975708,38.59178535606821,84.0960219478738,73.69953051643192,18.785260770975057,0.1272119815668203,136.0293103448276,1.1425579536370902,104.25520833333331,252.93801652892563,82.73687055837563,0.01,0.02,34.2,11.9,0.46,29.2,34.8,84.0,0.38,11.9,9.75,135.0,4.07,13.8,10.6,3.02,441.0,16.6,466.15,1.15,13.7,0.0,17.0,10.0,32.75
0.0,35.308825910931176,33.24291497975708,38.59178535606821,84.0960219478738,73.69953051643192,18.785260770975057,0.1272119815668203,136.0293103448276,1.1425579536370902,104.25520833333331,252.93801652892563,82.73687055837563,0.02,0.02,49.5,16.4,1.44,29.7,33.1,89.5,0.53,11.3,3.45,205.0,5.53,14.6,5.5,0.0,13.0,10.0,29.7,1.1,13.1,0.12,17.0,10.0,32.75
0.0,35.308825910931176,33.24291497975708,38.59178535606821,84.0960219478738,73.69953051643192,18.785260770975057,0.1272119815668203,136.0293103448276,1.1425579536370902,104.25520833333331,252.93801652892563,82.73687055837563,0.01,0.0,35.8,12.1,0.47,27.8,33.8,82.1,0.3,10.3,9.39,337.0,4.36,12.0,10.2,3.02,295.0,98.7,286.39,1.04,12.5,0.12,17.0,10.0,32.4
0.0,35.308825910931176,33.24291497975708,38.59178535606821,84.0960219478738,73.69953051643192,18.785260770975057,0.1272119815668203,136.0293103448276,1.1425579536370902,104.25520833333331,252.93801652892563,82.73687055837563,0.02,0.01,35.7,11.6,0.82,24.1,32.5,74.1,0.18,10.7,7.1,380.0,4.82,15.4,8.1,3.02,441.0,25.2,321.1,1.1,13.1,0.12,17.0,10.0,32.75
0.0,35.308825910931176,33.24291497975708,38.59178535606821,84.0960219478738,73.69953051643192,18.785260770975057,0.1272119815668203,136.0293103448276,1.1425579536370902,104.25520833333331,252.93801652892563,82.73687055837563,0.01,0.0,27.5,9.3,0.23,29.7,33.8,87.9,0.14,10.3,6.09,160.0,3.13,12.2,6.5,3.14,150.19,24.0,321.1,1.1,13.1,0.12,17.0,10.0,32.75
0.0,35.308825910931176,33.24291497975708,38.59178535606821,84.0960219478738,73.69953051643192,18.785260770975057,0.1272119815668203,136.0293103448276,1.1425579536370902,104.25520833333331,252.93801652892563,82.73687055837563,0.0,0.0,23.5,7.1,0.36,20.1,30.2,66.6,0.35,10.389577103801797,3.4,98.0,3.53,20.3,4.1,44.5,441.0,126.9,352.34,1.27,15.0,24.0,82.0,10.0,42.3
0.0,35.308825910931176,33.24291497975708,38.59178535606821,84.0960219478738,73.69953051643192,18.785260770975057,0.1272119815668203,136.0293103448276,1.1425579536370902,104.25520833333331,252.93801652892563,82.73687055837563,0.01,0.0,42.6,14.5,1.08,25.7,34.0,75.5,0.27,11.3,6.27,269.0,5.64,12.0,7.6,41.9,441.0,125.95,321.1,1.1,13.1,0.12,17.0,10.0,32.75
0.0,35.308825910931176,33.24291497975708,38.59178535606821,84.0960219478738,73.69953051643192,18.785260770975057,0.1272119815668203,136.0293103448276,1.1425579536370902,104.25520833333331,252.93801652892563,82.73687055837563,0.01,0.01,44.7,15.7,2.69,30.2,35.1,86.0,0.47,10.0,3.37,296.0,5.2,12.5,6.6,3.02,441.0,121.7,227.96,1.0,12.0,0.12,10.0,10.0,30.2
0.0,35.308825910931176,33.24291497975708,38.59178535606821,84.0960219478738,73.69953051643192,18.785260770975057,0.1272119815668203,136.0293103448276,1.1425579536370902,104.25520833333331,252.93801652892563,82.73687055837563,0.01,0.06,28.8,9.3,1.15,25.1,32.3,77.8,0.29,10.5,1.93,242.0,3.7,22.7,3.4,3.14,1.06,125.95,321.1,1.1,13.1,0.12,17.0,10.0,32.75
0.0,35.308825910931176,33.24291497975708,38.59178535606821,84.0960219478738,73.69953051643192,18.785260770975057,0.1272119815668203,136.0293103448276,1.1425579536370902,104.25520833333331,252.93801652892563,82.73687055837563,0.0,0.0,34.3,11.3,0.94,24.1,32.9,73.3,0.58,9.9,3.88,154.0,4.68,14.4,5.4,7.82,1230.0,24.5,295.23,1.1,13.1,0.12,17.0,10.0,32.75
0.0,35.308825910931176,33.24291497975708,38.59178535606821,84.0960219478738,73.69953051643192,18.785260770975057,0.1272119815668203,136.0293103448276,1.1425579536370902,104.25520833333331,252.93801652892563,82.73687055837563,0.0,0.0,38.8,13.6,0.37,29.4,35.1,83.8,0.3,11.5,6.32,225.0,4.63,13.3,7.0,8.35,585.49,97.4,257.78,1.1,13.1,0.12,78.0,10.0,32.75
0.0,35.308825910931176,33.24291497975708,38.59178535606821,84.0960219478738,73.69953051643192,18.785260770975057,0.1272119815668203,136.0293103448276,1.1425579536370902,104.25520833333331,252.93801652892563,82.73687055837563,0.02,0.02,37.8,13.0,1.02,26.8,34.4,77.9,0.46,10.1,3.18,152.0,4.85,13.4,4.7,16.4,274.0,125.95,321.1,1.1,13.1,0.12,17.0,10.0,32.75
0.0,35.308825910931176,33.24291497975708,38.59178535606821,84.0960219478738,73.69953051643192,18.785260770975057,0.1272119815668203,136.0293103448276,1.1425579536370902,104.25520833333331,252.93801652892563,82.73687055837563,0.04,0.03,38.0,13.2,0.87,29.1,34.7,83.7,0.4,11.7,17.27,185.0,4.54,13.0,18.6,38.2,1204.27,37.3,410.0,1.1,13.1,14.0,64.0,10.0,32.75
0.0,35.308825910931176,33.24291497975708,38.59178535606821,84.0960219478738,73.69953051643192,18.785260770975057,0.1272119815668203,136.0293103448276,1.1425579536370902,104.25520833333331,252.93801652892563,82.73687055837563,0.01,0.19,31.9,9.9,0.74,22.9,31.0,73.8,0.27,10.5,6.62,267.0,4.32,16.2,7.8,27.6,441.0,598.9,321.1,1.1,13.1,19.0,18.0,10.0,32.75
0.0,35.308825910931176,33.24291497975708,38.59178535606821,84.0960219478738,73.69953051643192,18.785260770975057,0.1272119815668203,136.0293103448276,1.1425579536370902,104.25520833333331,252.93801652892563,82.73687055837563,0.01,0.0,38.7,13.6,0.76,29.4,35.1,83.8,0.44,10.1,6.93,308.0,4.62,12.2,8.1,132.0,91818.0,303.5,354.74,1.1,13.1,0.12,17.0,10.0,32.75
0.0,35.308825910931176,33.24291497975708,38.59178535606821,84.0960219478738,73.69953051643192,18.785260770975057,0.1272119815668203,136.0293103448276,1.1425579536370902,104.25520833333331,252.93801652892563,82.73687055837563,0.01,0.0,45.4,14.8,0.63,28.4,32.6,87.1,0.2,11.2,1.93,135.0,5.21,12.5,2.8,4.42,441.0,125.95,321.1,1.1,13.1,0.12,17.0,10.0,32.75
0.0,35.308825910931176,33.24291497975708,38.59178535606821,84.0960219478738,73.69953051643192,18.785260770975057,0.1272119815668203,136.0293103448276,1.1425579536370902,104.25520833333331,252.93801652892563,82.73687055837563,0.01,0.01,41.8,14.0,0.9,29.1,33.5,86.9,0.46,11.6,3.17,135.0,4.81,12.8,4.6,7.95,441.0,125.95,321.1,1.1,13.1,0.12,17.0,10.0,32.75
0.0,35.308825910931176,33.24291497975708,38.59178535606821,84.0960219478738,73.69953051643192,18.785260770975057,0.1272119815668203,136.0293103448276,1.1425579536370902,104.25520833333331,252.93801652892563,82.73687055837563,0.08,0.61,41.6,13.9,1.29,29.1,33.4,87.2,1.04,10.7,3.39,209.0,4.77,13.2,6.4,3.14,242.16,30.6,342.21,1.03,12.3,0.12,17.0,10.0,27.0
0.0,35.308825910931176,33.24291497975708,38.59178535606821,84.0960219478738,73.69953051643192,18.785260770975057,0.1272119815668203,136.0293103448276,1.1425579536370902,104.25520833333331,252.93801652892563,82.73687055837563,0.01,0.04,40.5,13.6,1.87,28.3,33.6,84.4,0.32,9.5,2.11,267.0,4.8,12.6,4.4,3.02,301.0,20.2,314.72,1.02,12.2,0.12,17.0,10.0,27.1
0.0,35.308825910931176,33.24291497975708,38.59178535606821,84.0960219478738,73.69953051643192,18.785260770975057,0.1272119815668203,136.0293103448276,1.1425579536370902,104.25520833333331,252.93801652892563,82.73687055837563,0.0,0.01,37.2,13.0,0.68,28.7,34.9,82.1,0.56,10.0,6.09,289.0,4.53,14.7,7.3,3.02,441.0,47.2,277.71,1.1,13.1,0.12,35.0,10.0,32.75
0.0,35.308825910931176,33.24291497975708,38.59178535606821,84.0960219478738,73.69953051643192,18.785260770975057,0.1272119815668203,136.0293103448276,1.1425579536370902,104.25520833333331,252.93801652892563,82.73687055837563,0.02,0.0,42.6,13.9,1.05,29.0,32.6,88.8,0.81,10.5,5.89,347.0,4.8,13.0,7.8,3.02,441.0,148.1,285.0,1.1,13.1,0.12,11.0,10.0,32.75
0.0,35.308825910931176,33.24291497975708,38.59178535606821,84.0960219478738,73.69953051643192,18.785260770975057,0.1272119815668203,136.0293103448276,1.1425579536370902,104.25520833333331,252.93801652892563,82.73687055837563,0.06,0.16,44.5,15.2,2.69,28.0,34.2,82.1,0.45,11.3,4.38,214.0,5.42,13.1,7.7,406.0,441.0,366.5,486.29,1.1,13.1,40.0,29.0,10.0,32.75
0.0,35.308825910931176,33.24291497975708,38.59178535606821,84.0960219478738,73.69953051643192,18.785260770975057,0.1272119815668203,136.0293103448276,1.1425579536370902,104.25520833333331,252.93801652892563,82.73687055837563,0.03,0.1,33.3,11.7,2.22,29.7,35.1,84.5,0.49,10.3,5.72,242.0,3.94,12.0,8.6,7.66,441.0,177.8,321.1,1.1,13.1,0.12,21.0,10.0,32.75
0.0,35.308825910931176,33.24291497975708,38.59178535606821,84.0960219478738,73.69953051643192,18.785260770975057,0.1272119815668203,136.0293103448276,1.1425579536370902,104.25520833333331,252.93801652892563,82.73687055837563,0.02,0.09,41.1,14.6,1.96,29.6,35.5,83.2,1.02,8.8,5.15,290.0,4.94,11.9,8.2,3.02,441.0,125.95,321.1,1.1,13.1,0.12,17.0,10.0,32.75
0.0,35.308825910931176,33.24291497975708,38.59178535606821,84.0960219478738,73.69953051643192,18.785260770975057,0.1272119815668203,136.0293103448276,1.1425579536370902,104.25520833333331,252.93801652892563,82.73687055837563,0.03,0.08,46.5,16.2,1.83,27.9,34.8,80.2,0.64,9.1,1.74,243.0,5.8,14.2,4.3,3.02,441.0,125.95,321.1,1.1,13.1,0.12,3.0,10.0,32.75
0.0,35.308825910931176,33.24291497975708,38.59178535606821,84.0960219478738,73.69953051643192,18.785260770975057,0.1272119815668203,136.0293103448276,1.1425579536370902,104.25520833333331,252.93801652892563,82.73687055837563,0.02,0.07,29.3,9.5,2.94,23.9,32.4,73.8,0.33,11.9,2.21,156.0,3.97,15.3,5.6,3.14,438.74,8.2,321.1,1.1,13.1,0.12,10.0,10.0,32.75
0.0,35.308825910931176,33.24291497975708,38.59178535606821,84.0960219478738,73.69953051643192,18.785260770975057,0.1272119815668203,136.0293103448276,1.1425579536370902,104.25520833333331,252.93801652892563,82.73687055837563,0.02,0.06,34.4,11.3,1.7,27.6,32.8,83.9,0.24,12.2,2.0,133.0,4.1,13.3,4.0,83.3,441.0,125.95,321.1,1.1,13.1,0.12,17.0,10.0,32.75
0.0,35.308825910931176,33.24291497975708,38.59178535606821,84.0960219478738,73.69953051643192,18.785260770975057,0.1272119815668203,136.0293103448276,1.1425579536370902,104.25520833333331,252.93801652892563,82.73687055837563,0.03,0.12,35.6,12.0,1.74,27.5,33.7,81.7,0.48,11.0,3.08,272.0,4.36,14.4,5.5,3.02,441.0,250.2,321.1,1.1,13.1,0.12,2.0,10.0,32.75
0.0,35.308825910931176,33.24291497975708,38.59178535606821,84.0960219478738,73.69953051643192,18.785260770975057,0.1272119815668203,136.0293103448276,1.1425579536370902,104.25520833333331,252.93801652892563,82.73687055837563,0.02,0.02,40.2,13.6,1.14,28.6,33.8,84.6,0.42,9.9,4.31,193.0,4.75,13.6,5.9,6.42,441.0,546.9,321.1,1.1,13.1,0.12,36.0,10.0,32.75
0.0,35.308825910931176,33.24291497975708,38.59178535606821,84.0960219478738,73.69953051643192,18.785260770975057,0.1272119815668203,136.0293103448276,1.1425579536370902,104.25520833333331,252.93801652892563,82.73687055837563,0.07,0.28,46.8,16.2,2.59,30.7,34.6,88.6,0.82,10.3,5.67,229.0,5.28,12.8,9.4,3.14,403.92,357.0,321.1,1.1,13.1,0.12,17.0,10.0,32.75
0.0,35.308825910931176,33.24291497975708,38.59178535606821,84.0960219478738,73.69953051643192,18.785260770975057,0.1272119815668203,136.0293103448276,1.1425579536370902,104.25520833333331,252.93801652892563,82.73687055837563,0.05,0.05,38.5,13.3,2.44,28.6,34.5,82.8,0.46,9.5,6.39,335.0,4.65,13.0,9.4,7.11,650.0,125.95,321.1,1.1,13.1,0.12,17.0,10.0,32.75
0.0,35.308825910931176,33.24291497975708,38.59178535606821,84.0960219478738,73.69953051643192,18.785260770975057,0.1272119815668203,136.0293103448276,1.1425579536370902,104.25520833333331,252.93801652892563,82.73687055837563,0.04,0.14,40.8,13.7,1.87,27.7,33.6,82.4,0.38,10.9,2.78,107.0,4.95,12.3,5.2,3.02,96.0,112.7,293.69,1.22,14.5,0.12,2.0,10.0,39.3
0.0,35.308825910931176,33.24291497975708,38.59178535606821,84.0960219478738,73.69953051643192,18.785260770975057,0.1272119815668203,136.0293103448276,1.1425579536370902,104.25520833333331,252.93801652892563,82.73687055837563,0.05,0.27,35.3,11.2,2.24,27.8,31.7,87.6,1.24,11.4,5.75,252.0,4.03,14.4,9.6,5.1,441.0,125.95,321.1,1.1,13.1,0.12,17.0,10.0,32.75
0.0,35.308825910931176,33.24291497975708,38.59178535606821,84.0960219478738,73.69953051643192,18.785260770975057,0.1272119815668203,136.0293103448276,1.1425579536370902,104.25520833333331,252.93801652892563,82.73687055837563,0.09,0.18,35.3,11.3,1.65,26.1,32.0,81.5,0.79,8.8,6.08,375.0,4.33,14.3,8.8,3.02,0.0,125.95,321.1,1.1,13.1,0.12,17.0,10.0,32.75
0.0,35.308825910931176,33.24291497975708,38.59178535606821,84.0960219478738,73.69953051643192,18.785260770975057,0.1272119815668203,136.0293103448276,1.1425579536370902,104.25520833333331,252.93801652892563,82.73687055837563,0.02,0.28,40.1,13.1,1.57,28.7,32.7,87.7,0.4,12.0,5.58,276.0,4.57,13.2,7.9,0.0,252.7,305.69,321.1,1.1,0.12,3.0,0.0,10.0,32.75
0.0,35.308825910931176,33.24291497975708,38.59178535606821,84.0960219478738,73.69953051643192,18.785260770975057,0.1272119815668203,136.0293103448276,1.1425579536370902,104.25520833333331,252.93801652892563,82.73687055837563,0.07,0.12,32.2,10.3,2.15,23.8,32.0,74.4,0.57,10.0,5.62,458.0,4.33,15.8,8.5,0.0,441.0,125.95,321.1,1.1,13.1,0.12,17.0,10.0,32.75
0.0,35.308825910931176,33.24291497975708,38.59178535606821,84.0960219478738,73.69953051643192,18.785260770975057,0.1272119815668203,136.0293103448276,1.1425579536370902,104.25520833333331,252.93801652892563,82.73687055837563,0.02,0.06,39.1,13.5,2.63,29.0,34.5,83.9,0.46,11.2,2.52,268.0,4.66,12.7,5.7,90.4,1330.0,159.1,448.44,1.03,12.3,87.0,30.0,10.0,34.0
0.0,35.308825910931176,33.24291497975708,38.59178535606821,84.0960219478738,73.69953051643192,18.785260770975057,0.1272119815668203,136.0293103448276,1.1425579536370902,104.25520833333331,252.93801652892563,82.73687055837563,0.01,0.06,41.9,13.4,1.32,25.1,32.0,78.6,0.46,10.1,2.76,159.0,5.33,15.5,4.6,14.0,852.0,272.6,321.1,1.1,13.1,0.12,18.0,16.0,32.75
0.0,35.308825910931176,33.24291497975708,38.59178535606821,84.0960219478738,73.69953051643192,18.785260770975057,0.1272119815668203,136.0293103448276,1.1425579536370902,104.25520833333331,252.93801652892563,82.73687055837563,0.01,0.03,37.6,13.0,1.93,28.7,34.6,83.0,0.5,10.1,3.14,173.0,4.53,12.6,5.6,31.5,441.0,96.6,324.41,1.1,13.1,0.12,17.0,10.0,32.75
0.0,35.308825910931176,33.24291497975708,38.59178535606821,84.0960219478738,73.69953051643192,18.785260770975057,0.1272119815668203,136.0293103448276,1.1425579536370902,104.25520833333331,252.93801652892563,82.73687055837563,0.03,0.0,30.0,9.9,1.75,25.5,33.0,77.3,1.08,10.6,10.73,573.0,3.88,15.1,13.6,4.23,101.15,81.7,352.46,1.17,13.9,0.12,17.0,10.0,40.3
0.0,35.308825910931176,33.24291497975708,38.59178535606821,84.0960219478738,73.69953051643192,18.785260770975057,0.1272119815668203,136.0293103448276,1.1425579536370902,104.25520833333331,252.93801652892563,82.73687055837563,0.08,0.2,42.2,14.5,1.8,30.6,34.4,89.0,0.88,9.3,5.94,305.0,4.74,14.0,8.9,6.76,441.0,125.95,321.1,1.1,13.1,0.12,17.0,10.0,32.75
0.0,35.308825910931176,33.24291497975708,38.59178535606821,84.0960219478738,73.69953051643192,18.785260770975057,0.1272119815668203,136.0293103448276,1.1425579536370902,104.25520833333331,252.93801652892563,82.73687055837563,0.04,0.25,41.9,14.5,1.36,27.4,34.6,79.2,0.91,11.1,4.89,276.0,5.29,13.2,7.5,9.14,347.6,1129.5,343.2,1.1,13.1,0.12,17.0,48.0,32.75
0.0,35.308825910931176,33.24291497975708,38.59178535606821,84.0960219478738,73.69953051643192,18.785260770975057,0.1272119815668203,136.0293103448276,1.1425579536370902,104.25520833333331,252.93801652892563,82.73687055837563,0.01,0.12,35.1,11.6,0.97,27.9,33.0,84.4,0.44,10.0,5.08,170.0,4.16,14.3,6.6,3.02,441.0,30.1,264.12,1.1,13.1,0.12,8.0,10.0,32.75
0.0,35.308825910931176,33.24291497975708,38.59178535606821,84.0960219478738,73.69953051643192,18.785260770975057,0.1272119815668203,136.0293103448276,1.1425579536370902,104.25520833333331,252.93801652892563,82.73687055837563,0.04,0.05,37.6,13.1,2.49,29.6,34.8,85.1,0.81,9.9,3.12,316.0,4.42,12.4,6.5,3.02,441.0,105.4,225.7,1.15,13.7,0.12,17.0,56.0,39.4
0.0,35.308825910931176,33.24291497975708,38.59178535606821,84.0960219478738,73.69953051643192,18.785260770975057,0.1272119815668203,136.0293103448276,1.1425579536370902,104.25520833333331,252.93801652892563,82.73687055837563,0.05,0.21,39.9,14.0,3.56,29.6,35.1,84.4,0.6,9.4,8.03,449.0,4.73,12.6,12.5,13.1,441.0,458.3,215.02,1.1,13.1,0.12,20.0,10.0,32.75
0.0,35.308825910931176,33.24291497975708,38.59178535606821,84.0960219478738,73.69953051643192,18.785260770975057,0.1272119815668203,136.0293103448276,1.1425579536370902,104.25520833333331,252.93801652892563,82.73687055837563,0.01,0.05,25.4,8.1,0.79,23.3,31.9,73.0,0.21,10.389577103801797,1.49,176.0,3.48,17.1,2.6,5.3,441.0,32.4,321.1,1.1,13.1,0.12,23.0,10.0,32.75
0.0,35.308825910931176,33.24291497975708,38.59178535606821,84.0960219478738,73.69953051643192,18.785260770975057,0.1272119815668203,136.0293103448276,1.1425579536370902,104.25520833333331,252.93801652892563,82.73687055837563,0.02,0.04,38.3,12.2,1.67,27.2,31.9,85.5,0.4,12.6,5.34,220.0,4.48,13.5,7.5,3.19,441.0,125.95,243.09,1.46,17.1,0.12,42.0,10.0,36.3
0.0,35.308825910931176,33.24291497975708,38.59178535606821,84.0960219478738,73.69953051643192,18.785260770975057,0.1272119815668203,136.0293103448276,1.1425579536370902,104.25520833333331,252.93801652892563,82.73687055837563,0.04,0.04,38.7,14.1,1.61,28.5,36.4,78.2,0.38,9.7,4.23,363.0,4.95,12.9,6.3,6.76,121.0,177.9,237.64,1.1,13.1,0.12,17.0,10.0,32.75
0.0,35.308825910931176,33.24291497975708,38.59178535606821,84.0960219478738,73.69953051643192,18.785260770975057,0.1272119815668203,136.0293103448276,1.1425579536370902,104.25520833333331,252.93801652892563,82.73687055837563,0.01,0.04,42.4,14.8,1.12,29.9,34.9,85.7,0.39,9.4,2.92,239.0,4.95,11.9,4.5,6.69,242.16,91.6,321.1,1.1,13.1,0.12,17.0,10.0,32.75
0.0,35.308825910931176,33.24291497975708,38.59178535606821,84.0960219478738,73.69953051643192,18.785260770975057,0.1272119815668203,136.0293103448276,1.1425579536370902,104.25520833333331,252.93801652892563,82.73687055837563,0.05,0.05,44.3,14.9,1.5,29.1,33.6,86.5,0.65,10.3,10.74,212.0,5.12,12.9,13.0,3.02,514.0,55.3,324.41,1.1,13.1,0.12,10.0,10.0,32.75
0.0,35.308825910931176,33.24291497975708,38.59178535606821,84.0960219478738,73.69953051643192,18.785260770975057,0.1272119815668203,136.0293103448276,1.1425579536370902,104.25520833333331,252.93801652892563,82.73687055837563,0.01,0.11,39.7,14.0,2.14,29.0,35.3,82.2,0.35,9.1,3.49,264.0,4.83,12.7,6.1,3.02,639.4,89.9,352.46,1.1,13.1,0.12,17.0,10.0,32.75
0.0,35.308825910931176,33.24291497975708,38.59178535606821,84.0960219478738,73.69953051643192,18.785260770975057,0.1272119815668203,136.0293103448276,1.1425579536370902,104.25520833333331,252.93801652892563,82.73687055837563,0.03,0.12,43.6,15.4,2.49,28.5,35.3,80.7,0.49,10.0,3.68,286.0,5.4,12.5,6.8,3.02,420.0,13.8,285.0,1.1,13.1,0.12,3.0,10.0,32.75
0.0,35.308825910931176,33.24291497975708,38.59178535606821,84.0960219478738,73.69953051643192,18.785260770975057,0.1272119815668203,136.0293103448276,1.1425579536370902,104.25520833333331,252.93801652892563,82.73687055837563,0.02,0.09,34.1,11.5,1.8,28.2,33.7,83.6,0.32,10.5,2.18,190.0,4.08,12.6,4.4,3.02,441.0,125.95,321.1,1.1,13.1,0.12,17.0,10.0,32.75
0.0,35.308825910931176,33.24291497975708,38.59178535606821,84.0960219478738,73.69953051643192,18.785260770975057,0.1272119815668203,136.0293103448276,1.1425579536370902,104.25520833333331,252.93801652892563,82.73687055837563,0.03,0.23,37.0,11.1,1.65,29.5,30.0,98.4,0.66,9.8,3.95,254.0,3.76,13.3,6.5,13.1,441.0,227.5,251.71,1.14,13.6,0.12,17.0,10.0,32.75
0.0,35.308825910931176,33.24291497975708,38.59178535606821,84.0960219478738,73.69953051643192,18.785260770975057,0.1272119815668203,136.0293103448276,1.1425579536370902,104.25520833333331,252.93801652892563,82.73687055837563,0.03,0.06,44.7,14.1,2.37,29.9,31.5,94.9,0.25,9.1,2.12,187.0,4.71,12.5,4.8,3.07,441.0,74.8,410.0,1.1,13.1,0.12,13.0,10.0,32.75
0.0,35.308825910931176,33.24291497975708,38.59178535606821,84.0960219478738,73.69953051643192,18.785260770975057,0.1272119815668203,136.0293103448276,1.1425579536370902,104.25520833333331,252.93801652892563,82.73687055837563,0.05,0.23,45.7,16.4,3.42,28.9,35.9,80.6,0.46,9.9,4.57,215.0,5.67,12.1,8.7,3.02,507.0,125.95,321.1,1.1,13.1,0.12,17.0,10.0,32.75
0.0,35.308825910931176,33.24291497975708,38.59178535606821,84.0960219478738,73.69953051643192,18.785260770975057,0.1272119815668203,136.0293103448276,1.1425579536370902,104.25520833333331,252.93801652892563,82.73687055837563,0.01,0.01,39.2,13.8,2.43,30.1,35.2,85.6,0.67,9.0,10.15,662.0,4.58,11.5,13.3,7.91,608.23,123.2,392.51,1.1,13.1,0.12,17.0,10.0,32.75
0.0,35.308825910931176,33.24291497975708,38.59178535606821,84.0960219478738,73.69953051643192,18.785260770975057,0.1272119815668203,136.0293103448276,1.1425579536370902,104.25520833333331,252.93801652892563,82.73687055837563,0.12,0.47,43.1,14.5,2.67,28.4,33.6,84.5,0.99,10.1,7.22,405.0,5.1,13.2,11.5,35.9,441.0,125.95,321.1,1.1,13.1,0.12,17.0,10.0,32.75
0.0,35.308825910931176,33.24291497975708,38.59178535606821,84.0960219478738,73.69953051643192,18.785260770975057,0.1272119815668203,136.0293103448276,1.1425579536370902,104.25520833333331,252.93801652892563,82.73687055837563,0.02,0.0,40.4,14.1,0.49,29.6,34.9,84.7,0.66,10.1,3.28,205.0,4.77,12.3,4.5,3.02,441.0,125.95,321.1,1.1,13.1,0.12,17.0,10.0,32.75
0.0,35.308825910931176,33.24291497975708,38.59178535606821,84.0960219478738,73.69953051643192,18.785260770975057,0.1272119815668203,136.0293103448276,1.1425579536370902,104.25520833333331,252.93801652892563,82.73687055837563,0.05,0.51,45.5,16.6,2.12,30.5,36.5,83.5,0.55,10.2,3.93,238.0,5.45,13.2,7.2,7.43,1247.53,234.9,619.59,1.02,12.2,0.12,49.0,10.0,33.0
0.0,35.308825910931176,33.24291497975708,38.59178535606821,84.0960219478738,73.69953051643192,18.785260770975057,0.1272119815668203,136.0293103448276,1.1425579536370902,104.25520833333331,252.93801652892563,82.73687055837563,0.04,0.04,47.0,16.5,1.23,29.7,35.1,84.5,1.11,11.1,3.64,188.0,5.56,12.8,6.1,3.02,441.0,125.95,321.1,1.1,13.1,0.12,17.0,10.0,32.75
0.0,35.308825910931176,33.24291497975708,38.59178535606821,84.0960219478738,73.69953051643192,18.785260770975057,0.1272119815668203,136.0293103448276,1.1425579536370902,104.25520833333331,252.93801652892563,82.73687055837563,0.02,0.08,41.8,14.9,2.42,31.2,35.6,87.6,0.45,8.8,3.05,189.0,4.77,11.3,6.0,3.02,188.0,33.5,352.34,1.09,13.0,0.12,17.0,10.0,27.8
0.0,35.308825910931176,33.24291497975708,38.59178535606821,84.0960219478738,73.69953051643192,18.785260770975057,0.1272119815668203,136.0293103448276,1.1425579536370902,104.25520833333331,252.93801652892563,82.73687055837563,0.0,0.0,33.8,11.2,0.34,26.1,33.1,78.8,0.41,10.7,6.66,164.0,4.29,14.1,7.4,3.02,441.0,4.1,321.1,1.1,13.1,0.12,10.0,10.0,32.75
0.0,35.308825910931176,33.24291497975708,38.59178535606821,84.0960219478738,73.69953051643192,18.785260770975057,0.1272119815668203,136.0293103448276,1.1425579536370902,104.25520833333331,252.93801652892563,82.73687055837563,0.02,0.06,40.2,13.7,1.44,29.7,34.1,87.0,0.68,11.9,2.31,189.0,4.62,13.1,4.5,3.02,495.0,8.3,293.69,0.83,10.1,0.12,17.0,10.0,29.0
0.0,35.308825910931176,33.24291497975708,38.59178535606821,84.0960219478738,73.69953051643192,18.785260770975057,0.1272119815668203,136.0293103448276,1.1425579536370902,104.25520833333331,252.93801652892563,82.73687055837563,0.06,0.15,46.7,16.5,1.43,28.6,35.3,81.1,0.53,10.9,3.76,235.0,5.76,12.8,5.9,33.4,441.0,125.95,428.97,1.1,13.1,0.12,17.0,10.0,32.75
0.0,35.308825910931176,33.24291497975708,38.59178535606821,84.0960219478738,73.69953051643192,18.785260770975057,0.1272119815668203,136.0293103448276,1.1425579536370902,104.25520833333331,252.93801652892563,82.73687055837563,0.03,0.05,41.3,14.5,2.29,29.1,35.1,82.9,1.05,11.9,8.03,249.0,4.98,11.6,11.5,8.07,441.0,106.7,221.3,1.11,13.2,0.12,17.0,10.0,32.6
0.0,35.308825910931176,33.24291497975708,38.59178535606821,84.0960219478738,73.69953051643192,18.785260770975057,0.1272119815668203,136.0293103448276,1.1425579536370902,104.25520833333331,252.93801652892563,82.73687055837563,0.04,0.09,46.5,15.8,2.57,29.4,34.0,86.6,0.67,10.2,4.97,230.0,5.37,13.1,8.3,9.47,441.0,107.2,324.41,1.19,14.1,0.12,17.0,10.0,43.4
0.0,35.308825910931176,33.24291497975708,38.59178535606821,84.0960219478738,73.69953051643192,18.785260770975057,0.1272119815668203,136.0293103448276,1.1425579536370902,104.25520833333331,252.93801652892563,82.73687055837563,0.11,0.01,39.1,14.5,1.19,29.8,37.1,80.3,0.88,10.5,12.05,354.0,4.87,11.5,14.2,4.59,441.0,125.95,321.1,1.1,13.1,0.12,17.0,10.0,32.75
0.0,35.308825910931176,33.24291497975708,38.59178535606821,84.0960219478738,73.69953051643192,18.785260770975057,0.1272119815668203,136.0293103448276,1.1425579536370902,104.25520833333331,252.93801652892563,82.73687055837563,0.01,0.0,33.8,11.2,0.9,27.9,33.1,84.1,0.3,11.4,4.72,282.0,4.02,14.1,5.9,6.76,441.0,209.7,433.05,1.1,13.1,0.12,17.0,10.0,32.75
0.0,35.308825910931176,33.24291497975708,38.59178535606821,84.0960219478738,73.69953051643192,18.785260770975057,0.1272119815668203,136.0293103448276,1.1425579536370902,104.25520833333331,252.93801652892563,82.73687055837563,0.05,0.11,38.9,12.5,1.39,31.0,32.1,96.5,0.55,10.2,3.39,254.0,4.03,11.9,5.5,74.5,441.0,125.95,321.1,1.22,14.5,0.12,0.0,460.0,25.5
0.0,35.308825910931176,33.24291497975708,38.59178535606821,84.0960219478738,73.69953051643192,18.785260770975057,0.1272119815668203,136.0293103448276,1.1425579536370902,104.25520833333331,252.93801652892563,82.73687055837563,0.05,0.12,40.9,13.2,2.45,29.0,32.3,89.9,0.48,10.0,5.8,298.0,4.55,13.7,8.9,13.5,808.45,134.9,642.59,1.15,13.7,0.12,17.0,50.0,32.75
0.0,35.308825910931176,33.24291497975708,38.59178535606821,84.0960219478738,73.69953051643192,18.785260770975057,0.1272119815668203,136.0293103448276,1.1425579536370902,104.25520833333331,252.93801652892563,82.73687055837563,0.02,0.0,32.0,10.8,0.97,30.1,33.8,89.1,0.44,9.3,9.58,300.0,3.59,13.3,11.0,8.8,484.09,51.0,368.24,1.1,13.1,0.12,12.0,10.0,32.75
0.0,35.308825910931176,33.24291497975708,38.59178535606821,84.0960219478738,73.69953051643192,18.785260770975057,0.1272119815668203,136.0293103448276,1.1425579536370902,104.25520833333331,252.93801652892563,82.73687055837563,0.08,0.46,39.3,14.0,3.14,29.8,35.6,83.6,0.53,11.0,7.19,328.0,4.7,12.2,11.4,4.69,441.0,125.95,321.1,1.1,13.1,0.12,17.0,10.0,32.75
0.0,35.308825910931176,33.24291497975708,38.59178535606821,84.0960219478738,73.69953051643192,18.785260770975057,0.1272119815668203,136.0293103448276,1.1425579536370902,104.25520833333331,252.93801652892563,82.73687055837563,0.01,0.02,37.9,13.1,2.06,30.8,34.6,89.0,0.23,11.7,2.81,100.0,4.26,13.7,5.1,6.76,441.0,125.95,321.1,1.1,13.1,0.12,17.0,10.0,32.75
0.0,35.308825910931176,33.24291497975708,38.59178535606821,84.0960219478738,73.69953051643192,18.785260770975057,0.1272119815668203,136.0293103448276,1.1425579536370902,104.25520833333331,252.93801652892563,82.73687055837563,0.02,0.1,37.9,13.3,1.08,29.9,35.1,85.2,0.52,11.1,3.6,94.0,4.45,11.9,5.3,3.02,441.0,125.95,321.1,1.1,13.1,0.12,3.0,10.0,32.75
0.0,35.308825910931176,33.24291497975708,38.59178535606821,84.0960219478738,73.69953051643192,18.785260770975057,0.1272119815668203,136.0293103448276,1.1425579536370902,104.25520833333331,252.93801652892563,82.73687055837563,0.02,0.0,35.9,13.4,2.61,30.0,36.0,80.3,0.41,9.3,3.55,267.0,4.47,12.5,6.6,5.02,715.0,125.95,321.1,1.1,13.1,0.12,17.0,10.0,32.75
0.0,35.308825910931176,33.24291497975708,38.59178535606821,84.0960219478738,73.69953051643192,18.785260770975057,0.1272119815668203,136.0293103448276,1.1425579536370902,104.25520833333331,252.93801652892563,82.73687055837563,0.09,0.39,44.6,14.5,2.45,27.6,32.5,85.0,0.53,11.7,4.11,268.0,5.25,13.4,7.6,6.76,441.0,751.9,321.1,4.14,45.8,0.12,17.0,23.0,32.75
0.0,35.308825910931176,33.24291497975708,38.59178535606821,84.0960219478738,73.69953051643192,18.785260770975057,0.1272119815668203,136.0293103448276,1.1425579536370902,104.25520833333331,252.93801652892563,82.73687055837563,0.01,0.03,40.0,13.2,1.32,28.2,33.0,85.5,0.37,10.5,1.08,165.0,4.68,13.1,2.8,7.64,441.0,215.6,321.1,1.1,13.1,0.12,16.0,10.0,32.75
0.0,35.308825910931176,33.24291497975708,38.59178535606821,84.0960219478738,73.69953051643192,18.785260770975057,0.1272119815668203,136.0293103448276,1.1425579536370902,104.25520833333331,252.93801652892563,82.73687055837563,0.04,0.09,42.4,14.3,2.36,27.4,33.7,81.4,0.54,10.6,3.2,282.0,5.21,12.6,6.2,5.61,279.0,125.95,302.81,1.06,12.7,0.12,17.0,10.0,28.3
0.0,35.308825910931176,33.24291497975708,38.59178535606821,84.0960219478738,73.69953051643192,18.785260770975057,0.1272119815668203,136.0293103448276,1.1425579536370902,104.25520833333331,252.93801652892563,82.73687055837563,0.04,0.09,39.3,13.7,1.98,29.3,34.9,84.2,0.59,10.2,3.81,210.0,4.67,13.0,6.5,6.05,441.0,125.95,321.1,1.1,13.1,0.12,17.0,10.0,32.75
0.0,35.308825910931176,33.24291497975708,38.59178535606821,84.0960219478738,73.69953051643192,18.785260770975057,0.1272119815668203,136.0293103448276,1.1425579536370902,104.25520833333331,252.93801652892563,82.73687055837563,0.06,0.16,43.9,14.2,2.35,27.5,32.3,84.9,0.6,9.9,3.41,247.0,5.17,13.5,6.6,9.42,441.0,125.95,321.1,1.21,14.4,50.0,2.0,17.0,32.6
0.0,35.308825910931176,33.24291497975708,38.59178535606821,84.0960219478738,73.69953051643192,18.785260770975057,0.1272119815668203,136.0293103448276,1.1425579536370902,104.25520833333331,252.93801652892563,82.73687055837563,0.01,0.01,29.6,8.9,1.33,24.1,30.1,80.0,0.35,9.8,1.42,246.0,3.7,16.6,3.1,28.7,634.88,0.0,298.38,1.1,13.1,0.12,32.0,10.0,32.75
0.0,35.308825910931176,33.24291497975708,38.59178535606821,84.0960219478738,73.69953051643192,18.785260770975057,0.1272119815668203,136.0293103448276,1.1425579536370902,104.25520833333331,252.93801652892563,82.73687055837563,0.02,0.13,36.0,12.5,1.37,27.6,34.7,79.5,0.93,10.4,4.62,162.0,4.53,12.5,7.1,77.3,441.0,125.95,321.1,1.1,13.1,44.0,17.0,10.0,32.75
0.0,35.308825910931176,33.24291497975708,38.59178535606821,84.0960219478738,73.69953051643192,18.785260770975057,0.1272119815668203,136.0293103448276,1.1425579536370902,104.25520833333331,252.93801652892563,82.73687055837563,0.11,0.23,37.8,12.7,1.8,29.8,33.6,88.7,0.61,9.1,4.47,345.0,4.26,12.8,7.2,3.02,196.0,352.5,298.38,1.09,13.0,0.12,17.0,10.0,29.8
0.0,35.308825910931176,33.24291497975708,38.59178535606821,84.0960219478738,73.69953051643192,18.785260770975057,0.1272119815668203,136.0293103448276,1.1425579536370902,104.25520833333331,252.93801652892563,82.73687055837563,0.02,0.06,42.9,13.9,2.76,27.3,32.4,84.3,0.64,10.1,3.08,226.0,5.09,13.6,6.6,6.76,441.0,125.95,321.1,0.99,11.9,0.12,17.0,10.0,26.6
0.0,35.308825910931176,33.24291497975708,38.59178535606821,84.0960219478738,73.69953051643192,18.785260770975057,0.1272119815668203,136.0293103448276,1.1425579536370902,104.25520833333331,252.93801652892563,82.73687055837563,0.01,0.01,34.6,11.8,1.2,28.8,34.1,84.4,0.15,10.1,1.1,144.0,4.1,13.9,2.5,3.02,441.0,50.5,389.24,1.1,13.1,0.12,17.0,10.0,32.75
0.0,35.308825910931176,33.24291497975708,38.59178535606821,84.0960219478738,73.69953051643192,18.785260770975057,0.1272119815668203,136.0293103448276,1.1425579536370902,104.25520833333331,252.93801652892563,82.73687055837563,0.02,0.1,45.0,14.8,2.11,27.2,32.9,82.6,0.51,8.7,4.71,295.0,5.45,12.6,7.5,40.3,441.0,125.95,321.1,1.1,13.1,0.12,17.0,10.0,32.75
0.0,35.308825910931176,33.24291497975708,38.59178535606821,84.0960219478738,73.69953051643192,18.785260770975057,0.1272119815668203,136.0293103448276,1.1425579536370902,104.25520833333331,252.93801652892563,82.73687055837563,0.04,0.22,35.0,10.5,3.18,22.1,30.0,73.7,0.62,10.2,3.84,397.0,4.75,15.6,7.9,19.7,441.0,125.95,321.1,1.1,13.1,21.0,17.0,10.0,32.75
0.0,35.308825910931176,33.24291497975708,38.59178535606821,84.0960219478738,73.69953051643192,18.785260770975057,0.1272119815668203,136.0293103448276,1.1425579536370902,104.25520833333331,252.93801652892563,82.73687055837563,0.03,0.05,39.8,13.1,2.25,27.5,32.9,83.6,0.38,12.0,3.95,232.0,4.76,12.1,6.7,107.0,1270.0,284.2,321.1,1.1,13.1,0.12,17.0,10.0,32.75
0.0,35.308825910931176,33.24291497975708,38.59178535606821,84.0960219478738,73.69953051643192,18.785260770975057,0.1272119815668203,136.0293103448276,1.1425579536370902,104.25520833333331,252.93801652892563,82.73687055837563,0.03,0.02,43.7,14.4,1.47,29.5,33.0,89.5,0.67,10.5,4.2,220.0,4.88,13.2,6.4,59.4,441.0,78.5,321.1,1.1,13.1,0.12,9.0,10.0,32.75
0.0,35.308825910931176,33.24291497975708,38.59178535606821,84.0960219478738,73.69953051643192,18.785260770975057,0.1272119815668203,136.0293103448276,1.1425579536370902,104.25520833333331,252.93801652892563,82.73687055837563,0.04,0.05,37.4,12.4,1.65,26.0,33.2,78.4,0.52,10.6,2.71,209.0,4.77,12.2,5.0,6.76,441.0,125.95,321.1,1.1,13.1,0.12,17.0,10.0,32.75
0.0,35.308825910931176,33.24291497975708,38.59178535606821,84.0960219478738,73.69953051643192,18.785260770975057,0.1272119815668203,136.0293103448276,1.1425579536370902,104.25520833333331,252.93801652892563,82.73687055837563,0.01,0.04,34.7,12.0,1.09,29.4,34.6,85.0,0.42,11.0,1.79,164.0,4.08,12.5,3.4,4.85,441.0,125.95,321.1,1.1,13.1,0.12,17.0,10.0,32.75
0.0,35.308825910931176,33.24291497975708,38.59178535606821,84.0960219478738,73.69953051643192,18.785260770975057,0.1272119815668203,136.0293103448276,1.1425579536370902,104.25520833333331,252.93801652892563,82.73687055837563,0.02,0.09,25.8,8.0,2.2,19.2,31.0,61.9,0.49,10.5,4.97,372.0,4.17,18.0,7.8,3.02,441.0,29.3,321.1,1.1,13.1,0.12,6.0,10.0,32.75
0.0,35.308825910931176,33.24291497975708,38.59178535606821,84.0960219478738,73.69953051643192,18.785260770975057,0.1272119815668203,136.0293103448276,1.1425579536370902,104.25520833333331,252.93801652892563,82.73687055837563,0.06,0.12,36.0,11.7,2.33,26.4,32.5,81.3,0.37,9.2,1.78,324.0,4.43,13.5,4.7,6.65,441.0,125.95,321.1,1.1,13.1,0.12,16.0,10.0,32.75
0.0,35.308825910931176,33.24291497975708,38.59178535606821,84.0960219478738,73.69953051643192,18.785260770975057,0.1272119815668203,136.0293103448276,1.1425579536370902,104.25520833333331,252.93801652892563,82.73687055837563,0.06,0.16,36.3,12.0,1.95,27.5,33.1,83.1,0.31,10.8,1.84,309.0,4.37,13.0,4.3,3.02,441.0,125.95,321.1,1.1,13.1,0.12,17.0,10.0,32.75
0.0,35.308825910931176,33.24291497975708,38.59178535606821,84.0960219478738,73.69953051643192,18.785260770975057,0.1272119815668203,136.0293103448276,1.1425579536370902,104.25520833333331,252.93801652892563,82.73687055837563,0.01,0.03,44.6,15.0,1.51,29.9,33.6,89.0,0.53,10.3,2.57,182.0,5.01,13.2,4.7,3.02,441.0,75.4,321.1,1.1,13.1,0.12,5.0,10.0,32.75
0.0,35.308825910931176,33.24291497975708,38.59178535606821,84.0960219478738,73.69953051643192,18.785260770975057,0.1272119815668203,136.0293103448276,1.1425579536370902,104.25520833333331,252.93801652892563,82.73687055837563,0.03,0.12,31.4,11.0,2.34,30.1,35.0,85.8,0.79,9.4,4.07,433.0,3.66,12.8,7.4,55.3,441.0,125.95,321.1,1.1,13.1,0.12,17.0,10.0,32.75
0.0,35.308825910931176,33.24291497975708,38.59178535606821,84.0960219478738,73.69953051643192,18.785260770975057,0.1272119815668203,136.0293103448276,1.1425579536370902,104.25520833333331,252.93801652892563,82.73687055837563,0.05,0.11,33.6,10.9,0.98,31.1,32.4,95.7,0.59,11.0,12.44,339.0,3.51,13.7,14.2,205.0,441.0,125.95,321.1,1.1,13.1,0.12,17.0,10.0,32.75
0.0,35.308825910931176,33.24291497975708,38.59178535606821,84.0960219478738,73.69953051643192,18.785260770975057,0.1272119815668203,136.0293103448276,1.1425579536370902,104.25520833333331,252.93801652892563,82.73687055837563,0.01,0.03,34.7,11.8,1.12,26.9,34.0,79.0,0.16,9.4,1.78,253.0,4.39,13.0,3.1,71.2,441.0,125.95,321.1,1.1,13.1,0.12,17.0,10.0,32.75
0.0,35.308825910931176,33.24291497975708,38.59178535606821,84.0960219478738,73.69953051643192,18.785260770975057,0.1272119815668203,136.0293103448276,1.1425579536370902,104.25520833333331,252.93801652892563,82.73687055837563,0.01,0.0,39.0,13.3,0.57,27.7,34.1,81.1,0.42,11.1,6.45,263.0,4.81,12.9,7.5,8.03,441.0,124.2,321.1,1.1,13.1,0.12,26.0,10.0,32.75
0.0,35.308825910931176,33.24291497975708,38.59178535606821,84.0960219478738,73.69953051643192,18.785260770975057,0.1272119815668203,136.0293103448276,1.1425579536370902,104.25520833333331,252.93801652892563,82.73687055837563,0.01,0.1,37.6,12.6,1.15,26.8,33.5,80.0,0.35,10.8,2.46,155.0,4.7,13.2,4.1,4.6,441.0,56.3,260.91,1.1,13.1,0.12,3.0,10.0,32.75
0.0,35.308825910931176,33.24291497975708,38.59178535606821,84.0960219478738,73.69953051643192,18.785260770975057,0.1272119815668203,136.0293103448276,1.1425579536370902,104.25520833333331,252.93801652892563,82.73687055837563,0.01,0.0,47.1,16.1,1.64,30.3,34.2,88.7,0.41,9.7,1.74,190.0,5.31,12.9,3.8,34.1,441.0,174.5,392.51,1.1,13.1,0.12,65.0,10.0,32.75
0.0,35.308825910931176,33.24291497975708,38.59178535606821,84.0960219478738,73.69953051643192,18.785260770975057,0.1272119815668203,136.0293103448276,1.1425579536370902,104.25520833333331,252.93801652892563,82.73687055837563,0.02,0.01,45.3,15.9,0.91,29.0,35.1,82.7,0.85,9.2,3.81,226.0,5.48,14.3,5.6,13.8,441.0,125.95,321.1,1.1,13.1,0.12,17.0,10.0,32.75
0.0,35.308825910931176,33.24291497975708,38.59178535606821,84.0960219478738,73.69953051643192,18.785260770975057,0.1272119815668203,136.0293103448276,1.1425579536370902,104.25520833333331,252.93801652892563,82.73687055837563,0.02,0.08,37.3,12.3,1.65,27.7,33.0,84.0,0.68,10.0,6.98,211.0,4.44,14.0,9.4,34.8,718.0,64.8,300.0,1.08,12.9,0.12,37.0,10.0,43.2
0.0,35.308825910931176,33.24291497975708,38.59178535606821,84.0960219478738,73.69953051643192,18.785260770975057,0.1272119815668203,136.0293103448276,1.1425579536370902,104.25520833333331,252.93801652892563,82.73687055837563,0.01,0.0,37.6,12.8,0.46,27.8,34.0,81.6,0.08,11.6,3.28,195.0,4.61,14.2,3.8,12.7,441.0,125.95,321.1,1.1,13.1,0.12,17.0,10.0,32.75
0.0,35.308825910931176,33.24291497975708,38.59178535606821,84.0960219478738,73.69953051643192,18.785260770975057,0.1272119815668203,136.0293103448276,1.1425579536370902,104.25520833333331,252.93801652892563,82.73687055837563,0.02,0.12,43.9,14.5,1.79,28.4,33.0,86.1,0.27,9.2,2.6,186.0,5.1,13.0,4.8,18.5,441.0,125.95,321.1,1.1,13.1,14.0,17.0,10.0,32.75
0.0,35.308825910931176,33.24291497975708,38.59178535606821,84.0960219478738,73.69953051643192,18.785260770975057,0.1272119815668203,136.0293103448276,1.1425579536370902,104.25520833333331,252.93801652892563,82.73687055837563,0.02,0.03,43.0,14.6,0.78,28.0,34.0,82.4,0.81,10.4,3.69,145.0,5.22,12.5,5.3,6.53,441.0,125.95,321.1,1.1,13.1,0.12,17.0,10.0,32.75
0.0,35.308825910931176,33.24291497975708,38.59178535606821,84.0960219478738,73.69953051643192,18.785260770975057,0.1272119815668203,136.0293103448276,1.1425579536370902,104.25520833333331,252.93801652892563,82.73687055837563,0.04,0.13,52.8,17.4,0.76,28.1,33.0,85.3,0.46,12.1,4.16,93.0,6.19,18.3,5.6,3.02,441.0,125.95,321.1,1.1,13.1,0.12,20.0,10.0,32.75
0.0,35.308825910931176,33.24291497975708,38.59178535606821,84.0960219478738,73.69953051643192,18.785260770975057,0.1272119815668203,136.0293103448276,1.1425579536370902,104.25520833333331,252.93801652892563,82.73687055837563,0.01,0.0,41.8,14.8,1.13,31.8,35.4,89.7,0.35,12.7,2.5,94.0,4.66,12.5,4.0,4.74,441.0,125.95,321.1,1.1,13.1,0.12,17.0,10.0,32.75
0.0,35.308825910931176,33.24291497975708,38.59178535606821,84.0960219478738,73.69953051643192,18.785260770975057,0.1272119815668203,136.0293103448276,1.1425579536370902,104.25520833333331,252.93801652892563,82.73687055837563,0.05,0.08,38.9,12.7,0.69,29.8,32.6,91.3,0.44,10.2,7.07,202.0,4.26,13.3,8.3,3.24,441.0,36.0,327.79,1.1,13.1,0.12,20.0,0.0,32.75
0.0,35.308825910931176,33.24291497975708,38.59178535606821,84.0960219478738,73.69953051643192,18.785260770975057,0.1272119815668203,136.0293103448276,1.1425579536370902,104.25520833333331,252.93801652892563,82.73687055837563,0.01,0.01,34.9,12.1,1.9,31.9,34.7,92.1,0.39,10.4,3.7,85.0,3.79,14.9,6.0,0.0,441.0,125.95,321.1,1.1,13.1,0.12,17.0,10.0,32.75
0.0,35.308825910931176,33.24291497975708,38.59178535606821,84.0960219478738,73.69953051643192,18.785260770975057,0.1272119815668203,136.0293103448276,1.1425579536370902,104.25520833333331,252.93801652892563,82.73687055837563,0.04,0.0,43.7,15.7,0.39,30.8,35.9,85.7,0.87,10.3,6.91,166.0,5.1,13.2,8.2,3.02,441.0,92.4,317.88,1.1,13.1,0.12,10.0,10.0,32.75
0.0,35.308825910931176,33.24291497975708,38.59178535606821,84.0960219478738,73.69953051643192,18.785260770975057,0.1272119815668203,136.0293103448276,1.1425579536370902,104.25520833333331,252.93801652892563,82.73687055837563,0.01,0.05,41.9,14.7,2.02,28.4,35.1,81.0,0.43,10.0,2.23,211.0,5.17,11.8,4.7,30.3,434.38,59.9,371.06,1.06,12.7,0.12,17.0,10.0,26.7
0.0,35.308825910931176,33.24291497975708,38.59178535606821,84.0960219478738,73.69953051643192,18.785260770975057,0.1272119815668203,136.0293103448276,1.1425579536370902,104.25520833333331,252.93801652892563,82.73687055837563,0.01,0.01,39.0,12.4,0.97,28.1,31.8,88.4,0.44,11.3,2.53,159.0,4.41,12.9,4.0,3.02,145.0,159.1,251.71,1.1,13.1,0.12,4.0,10.0,32.75
0.0,35.308825910931176,33.24291497975708,38.59178535606821,84.0960219478738,73.69953051643192,18.785260770975057,0.1272119815668203,136.0293103448276,1.1425579536370902,104.25520833333331,252.93801652892563,82.73687055837563,0.01,0.0,38.9,13.9,1.42,29.1,35.7,81.4,0.35,9.9,3.37,286.0,4.78,13.6,5.2,123.0,441.0,0.0,402.4,1.1,13.1,15.0,17.0,10.0,32.75
0.0,35.308825910931176,33.24291497975708,38.59178535606821,84.0960219478738,73.69953051643192,18.785260770975057,0.1272119815668203,136.0293103448276,1.1425579536370902,104.25520833333331,252.93801652892563,82.73687055837563,0.05,0.23,39.5,13.1,2.48,26.4,33.2,79.5,0.41,9.3,3.89,252.0,4.97,13.8,7.1,5.47,603.79,125.95,410.0,1.1,13.1,0.12,9.0,10.0,32.75
0.0,35.308825910931176,33.24291497975708,38.59178535606821,84.0960219478738,73.69953051643192,18.785260770975057,0.1272119815668203,136.0293103448276,1.1425579536370902,104.25520833333331,252.93801652892563,82.73687055837563,0.02,0.06,35.3,11.4,1.54,29.8,32.3,92.4,0.32,12.3,1.74,179.0,3.82,13.5,3.7,3.02,154.0,125.95,321.1,1.1,13.1,0.12,17.0,10.0,32.75
0.0,35.308825910931176,33.24291497975708,38.59178535606821,84.0960219478738,73.69953051643192,18.785260770975057,0.1272119815668203,136.0293103448276,1.1425579536370902,104.25520833333331,252.93801652892563,82.73687055837563,0.01,0.0,36.9,12.4,0.71,25.3,33.6,75.2,0.27,10.0,5.85,444.0,4.91,12.9,6.8,3.02,441.0,386.2,321.1,1.1,13.1,0.12,17.0,10.0,32.75
0.0,35.308825910931176,33.24291497975708,38.59178535606821,84.0960219478738,73.69953051643192,18.785260770975057,0.1272119815668203,136.0293103448276,1.1425579536370902,104.25520833333331,252.93801652892563,82.73687055837563,0.01,0.0,39.0,12.6,1.1,29.0,32.3,89.7,0.49,10.9,4.67,173.0,4.35,13.4,6.3,5.94,515.95,11.1,350.0,1.1,13.1,0.12,11.0,10.0,32.75
0.0,35.308825910931176,33.24291497975708,38.59178535606821,84.0960219478738,73.69953051643192,18.785260770975057,0.1272119815668203,136.0293103448276,1.1425579536370902,104.25520833333331,252.93801652892563,82.73687055837563,0.01,0.0,36.2,12.0,1.24,27.5,33.1,82.8,0.35,10.7,2.84,204.0,4.37,13.5,4.4,185.0,1725.45,224.6,321.1,1.1,13.1,0.12,17.0,10.0,32.75
0.0,35.308825910931176,33.24291497975708,38.59178535606821,84.0960219478738,73.69953051643192,18.785260770975057,0.1272119815668203,136.0293103448276,1.1425579536370902,104.25520833333331,252.93801652892563,82.73687055837563,0.01,0.01,31.7,10.3,2.83,28.5,32.5,87.6,0.22,9.6,2.96,108.0,3.62,14.4,6.0,3.02,287.0,15.4,493.64,1.02,12.2,0.12,17.0,10.0,34.5
0.0,35.308825910931176,33.24291497975708,38.59178535606821,84.0960219478738,73.69953051643192,18.785260770975057,0.1272119815668203,136.0293103448276,1.1425579536370902,104.25520833333331,252.93801652892563,82.73687055837563,0.02,0.07,39.7,12.7,2.17,28.2,32.0,88.2,0.39,9.6,2.05,231.0,4.5,11.8,4.7,10.2,670.47,572.9,292.18,1.1,13.1,0.12,37.0,10.0,32.75
0.0,35.308825910931176,33.24291497975708,38.59178535606821,84.0960219478738,73.69953051643192,18.785260770975057,0.1272119815668203,136.0293103448276,1.1425579536370902,104.25520833333331,252.93801652892563,82.73687055837563,0.01,0.02,40.1,12.7,1.67,24.7,31.7,78.0,0.39,12.6,2.05,162.0,5.14,16.5,4.1,3.14,570.56,72.4,357.52,1.1,13.1,0.12,11.0,10.0,32.75
0.0,35.308825910931176,33.24291497975708,38.59178535606821,84.0960219478738,73.69953051643192,18.785260770975057,0.1272119815668203,136.0293103448276,1.1425579536370902,104.25520833333331,252.93801652892563,82.73687055837563,0.02,0.04,42.3,14.1,1.66,29.0,33.3,87.0,0.38,10.6,1.86,219.0,4.86,12.6,4.0,3.02,441.0,85.2,287.8,1.1,13.1,0.12,17.0,10.0,32.75
0.0,35.308825910931176,33.24291497975708,38.59178535606821,84.0960219478738,73.69953051643192,18.785260770975057,0.1272119815668203,136.0293103448276,1.1425579536370902,104.25520833333331,252.93801652892563,82.73687055837563,0.02,0.02,41.2,14.1,3.15,26.7,34.2,77.9,0.57,10.5,5.68,403.0,5.29,13.9,9.4,31.0,441.0,125.95,321.1,1.1,13.1,0.12,17.0,10.0,32.75
0.0,35.308825910931176,33.24291497975708,38.59178535606821,84.0960219478738,73.69953051643192,18.785260770975057,0.1272119815668203,136.0293103448276,1.1425579536370902,104.25520833333331,252.93801652892563,82.73687055837563,0.0,0.02,45.7,15.7,1.95,28.3,34.4,82.5,0.74,9.4,3.49,192.0,5.54,11.6,6.2,8.61,441.0,125.95,321.1,1.1,13.1,0.12,17.0,10.0,32.75
0.0,35.308825910931176,33.24291497975708,38.59178535606821,84.0960219478738,73.69953051643192,18.785260770975057,0.1272119815668203,136.0293103448276,1.1425579536370902,104.25520833333331,252.93801652892563,82.73687055837563,0.01,0.0,36.3,11.8,1.76,26.6,32.5,81.8,0.24,11.2,8.62,263.0,4.44,13.9,10.6,6.38,441.0,125.95,321.1,1.1,13.1,0.12,17.0,10.0,32.75
0.0,35.308825910931176,33.24291497975708,38.59178535606821,84.0960219478738,73.69953051643192,18.785260770975057,0.1272119815668203,136.0293103448276,1.1425579536370902,104.25520833333331,252.93801652892563,82.73687055837563,0.02,0.09,30.2,10.4,0.81,27.7,34.4,80.3,0.78,10.7,4.29,137.0,3.76,12.9,6.0,70.1,1110.0,69.1,321.1,1.1,13.1,0.12,17.0,10.0,32.75
0.0,35.308825910931176,33.24291497975708,38.59178535606821,84.0960219478738,73.69953051643192,18.785260770975057,0.1272119815668203,136.0293103448276,1.1425579536370902,104.25520833333331,252.93801652892563,82.73687055837563,0.01,0.01,43.4,14.4,1.33,29.3,33.2,88.2,0.36,10.9,3.01,153.0,4.92,13.7,4.7,3.6,332.48,13.9,321.1,1.1,13.1,0.12,17.0,10.0,32.75
0.0,35.308825910931176,33.24291497975708,38.59178535606821,84.0960219478738,73.69953051643192,18.785260770975057,0.1272119815668203,136.0293103448276,1.1425579536370902,104.25520833333331,252.93801652892563,82.73687055837563,0.01,0.03,36.4,12.3,1.86,28.1,33.8,83.1,0.22,10.5,3.44,210.0,4.38,13.1,5.6,3.02,295.0,125.95,321.1,1.1,13.1,0.12,19.0,10.0,41.6
0.0,35.308825910931176,33.24291497975708,38.59178535606821,84.0960219478738,73.69953051643192,18.785260770975057,0.1272119815668203,136.0293103448276,1.1425579536370902,104.25520833333331,252.93801652892563,82.73687055837563,0.02,0.15,33.2,11.5,0.26,30.3,34.6,87.6,0.4,10.8,9.17,187.0,3.79,13.2,10.0,3.02,441.0,125.95,321.1,1.1,13.1,0.12,17.0,10.0,32.75
0.0,35.308825910931176,33.24291497975708,38.59178535606821,84.0960219478738,73.69953051643192,18.785260770975057,0.1272119815668203,136.0293103448276,1.1425579536370902,104.25520833333331,252.93801652892563,82.73687055837563,0.0,0.0,36.2,11.6,1.08,26.4,32.0,82.3,0.16,11.3,1.96,131.0,4.4,16.4,3.2,6.45,441.0,125.95,290.7,1.01,12.1,0.12,17.0,10.0,32.8
0.0,35.308825910931176,33.24291497975708,38.59178535606821,84.0960219478738,73.69953051643192,18.785260770975057,0.1272119815668203,136.0293103448276,1.1425579536370902,104.25520833333331,252.93801652892563,82.73687055837563,0.02,0.01,37.9,13.3,0.66,29.3,35.1,83.5,0.71,11.1,4.01,210.0,4.54,12.4,5.4,13.4,441.0,883.0,254.71,1.1,13.1,19.0,30.0,51.0,32.75
0.0,35.308825910931176,33.24291497975708,38.59178535606821,84.0960219478738,73.69953051643192,18.785260770975057,0.1272119815668203,136.0293103448276,1.1425579536370902,104.25520833333331,252.93801652892563,82.73687055837563,0.0,0.0,42.8,15.1,0.33,29.0,35.3,82.3,0.07,9.3,4.17,262.0,5.2,12.2,4.6,139.0,939.0,529.7,357.19,1.05,12.6,19.0,17.0,10.0,28.3
0.0,35.308825910931176,33.24291497975708,38.59178535606821,84.0960219478738,73.69953051643192,18.785260770975057,0.1272119815668203,136.0293103448276,1.1425579536370902,104.25520833333331,252.93801652892563,82.73687055837563,0.01,0.21,37.8,12.9,0.99,28.7,34.1,84.2,0.43,9.2,5.88,231.0,4.49,13.4,7.5,6.76,1930.0,125.95,321.1,1.1,13.1,0.12,17.0,10.0,32.75
0.0,35.308825910931176,33.24291497975708,38.59178535606821,84.0960219478738,73.69953051643192,18.785260770975057,0.1272119815668203,136.0293103448276,1.1425579536370902,104.25520833333331,252.93801652892563,82.73687055837563,0.01,0.0,41.9,14.6,1.68,28.9,34.8,83.0,0.38,9.9,2.93,191.0,5.05,12.6,5.0,3.02,349.0,125.95,295.23,1.1,13.1,0.12,7.0,10.0,38.2
0.0,35.308825910931176,33.24291497975708,38.59178535606821,84.0960219478738,73.69953051643192,18.785260770975057,0.1272119815668203,136.0293103448276,1.1425579536370902,104.25520833333331,252.93801652892563,82.73687055837563,0.04,0.04,39.4,13.6,2.77,30.5,34.5,88.3,0.41,10.7,5.06,335.0,4.46,11.6,8.3,6.76,441.0,876.7,382.13,1.11,13.2,0.12,17.0,10.0,39.0
0.0,35.308825910931176,33.24291497975708,38.59178535606821,84.0960219478738,73.69953051643192,18.785260770975057,0.1272119815668203,136.0293103448276,1.1425579536370902,104.25520833333331,252.93801652892563,82.73687055837563,0.02,0.43,44.2,14.5,1.34,28.2,32.8,86.0,0.42,9.9,3.31,192.0,5.14,13.4,5.5,83.6,441.0,156.0,321.1,1.1,13.1,0.12,20.0,15.0,32.75
0.0,35.308825910931176,33.24291497975708,38.59178535606821,84.0960219478738,73.69953051643192,18.785260770975057,0.1272119815668203,136.0293103448276,1.1425579536370902,104.25520833333331,252.93801652892563,82.73687055837563,0.07,0.09,39.9,13.4,2.86,27.2,33.6,80.9,1.06,11.9,5.09,242.0,4.93,13.8,9.2,3.02,441.0,125.95,321.1,1.1,13.1,0.12,17.0,10.0,32.75
0.0,35.308825910931176,33.24291497975708,38.59178535606821,84.0960219478738,73.69953051643192,18.785260770975057,0.1272119815668203,136.0293103448276,1.1425579536370902,104.25520833333331,252.93801652892563,82.73687055837563,0.07,0.2,48.7,16.6,3.7,30.0,34.1,88.1,0.79,11.4,4.16,228.0,5.53,13.2,8.9,3.02,441.0,414.5,274.19,1.03,12.3,0.12,8.0,10.0,29.5
0.0,35.308825910931176,33.24291497975708,38.59178535606821,84.0960219478738,73.69953051643192,18.785260770975057,0.1272119815668203,136.0293103448276,1.1425579536370902,104.25520833333331,252.93801652892563,82.73687055837563,0.0,0.0,43.8,15.5,1.44,28.2,35.4,79.8,0.4,9.7,4.58,183.0,5.49,12.1,6.4,11.9,441.0,278.4,402.76,1.1,13.1,0.12,17.0,10.0,32.75
0.0,35.308825910931176,33.24291497975708,38.59178535606821,84.0960219478738,73.69953051643192,18.785260770975057,0.1272119815668203,136.0293103448276,1.1425579536370902,104.25520833333331,252.93801652892563,82.73687055837563,0.03,0.01,44.4,16.0,0.65,31.9,36.0,88.6,0.82,10.4,11.63,210.0,5.01,11.8,13.1,14.8,5860.81,1106.3,433.05,1.1,13.1,0.12,17.0,10.0,32.75
0.0,35.308825910931176,33.24291497975708,38.59178535606821,84.0960219478738,73.69953051643192,18.785260770975057,0.1272119815668203,136.0293103448276,1.1425579536370902,104.25520833333331,252.93801652892563,82.73687055837563,0.03,0.03,49.2,16.4,1.92,28.9,33.3,86.8,0.36,9.6,5.54,261.0,5.67,12.9,7.9,11.8,441.0,125.95,321.1,1.1,13.1,0.12,17.0,10.0,32.75
0.0,35.308825910931176,33.24291497975708,38.59178535606821,84.0960219478738,73.69953051643192,18.785260770975057,0.1272119815668203,136.0293103448276,1.1425579536370902,104.25520833333331,252.93801652892563,82.73687055837563,0.04,0.23,39.9,14.0,2.11,30.6,35.1,87.3,0.63,11.0,3.35,174.0,4.57,12.1,6.4,53.9,441.0,125.95,321.1,1.1,13.1,0.12,17.0,10.0,32.75
0.0,35.308825910931176,33.24291497975708,38.59178535606821,84.0960219478738,73.69953051643192,18.785260770975057,0.1272119815668203,136.0293103448276,1.1425579536370902,104.25520833333331,252.93801652892563,82.73687055837563,0.06,0.07,43.8,15.2,1.99,26.9,34.7,77.5,0.98,9.3,3.92,260.0,5.65,13.1,7.0,3.02,441.0,168.3,251.71,1.1,13.1,17.0,3.0,10.0,32.75
0.0,35.308825910931176,33.24291497975708,38.59178535606821,84.0960219478738,73.69953051643192,18.785260770975057,0.1272119815668203,136.0293103448276,1.1425579536370902,104.25520833333331,252.93801652892563,82.73687055837563,0.01,0.02,29.0,10.0,0.88,26.1,34.5,75.7,0.22,10.7,5.94,248.0,3.83,14.5,7.1,29.8,581.63,402.1,385.27,1.0,12.0,0.12,17.0,10.0,29.8
0.0,35.308825910931176,33.24291497975708,38.59178535606821,84.0960219478738,73.69953051643192,18.785260770975057,0.1272119815668203,136.0293103448276,1.1425579536370902,104.25520833333331,252.93801652892563,82.73687055837563,0.02,0.01,42.1,14.2,1.51,28.9,33.7,85.6,0.56,9.6,2.59,258.0,4.92,13.7,4.7,3.02,441.0,125.95,321.1,1.1,13.1,0.12,17.0,10.0,32.75
0.0,35.308825910931176,33.24291497975708,38.59178535606821,84.0960219478738,73.69953051643192,18.785260770975057,0.1272119815668203,136.0293103448276,1.1425579536370902,104.25520833333331,252.93801652892563,82.73687055837563,0.01,0.0,33.0,11.5,1.74,29.5,34.8,84.6,0.26,10.1,2.82,141.0,3.9,12.7,4.8,4.15,441.0,395.5,251.71,1.1,13.1,0.12,17.0,10.0,32.75
0.0,35.308825910931176,33.24291497975708,38.59178535606821,84.0960219478738,73.69953051643192,18.785260770975057,0.1272119815668203,136.0293103448276,1.1425579536370902,104.25520833333331,252.93801652892563,82.73687055837563,0.01,0.13,38.5,13.1,1.81,27.4,34.0,80.5,0.27,10.3,2.61,171.0,4.78,13.2,4.8,6.76,441.0,125.95,321.1,1.1,13.1,0.12,17.0,10.0,32.75
0.0,35.308825910931176,33.24291497975708,38.59178535606821,84.0960219478738,73.69953051643192,18.785260770975057,0.1272119815668203,136.0293103448276,1.1425579536370902,104.25520833333331,252.93801652892563,82.73687055837563,0.01,0.01,33.6,11.9,1.36,29.3,35.4,82.8,0.4,10.2,0.85,153.0,4.06,12.1,2.6,10.2,441.0,125.95,321.1,1.1,13.1,0.12,17.0,10.0,32.75
0.0,35.308825910931176,33.24291497975708,38.59178535606821,84.0960219478738,73.69953051643192,18.785260770975057,0.1272119815668203,136.0293103448276,1.1425579536370902,104.25520833333331,252.93801652892563,82.73687055837563,0.01,0.0,38.5,13.1,1.79,27.9,34.0,81.9,0.64,11.1,4.14,205.0,4.7,13.0,6.6,46.5,441.0,125.95,321.1,1.1,13.1,0.12,17.0,10.0,32.75
0.0,35.308825910931176,33.24291497975708,38.59178535606821,84.0960219478738,73.69953051643192,18.785260770975057,0.1272119815668203,136.0293103448276,1.1425579536370902,104.25520833333331,252.93801652892563,82.73687055837563,0.02,0.12,30.1,9.2,1.45,22.2,30.6,72.5,0.46,10.8,3.54,236.0,4.15,18.1,5.6,135.0,441.0,125.95,321.1,1.1,13.1,49.0,17.0,10.0,32.75
0.0,35.308825910931176,33.24291497975708,38.59178535606821,84.0960219478738,73.69953051643192,18.785260770975057,0.1272119815668203,136.0293103448276,1.1425579536370902,104.25520833333331,252.93801652892563,82.73687055837563,0.01,0.09,30.9,10.9,1.11,28.7,35.3,81.3,0.29,11.7,2.45,134.0,3.8,13.8,4.0,22.5,2697.15,866.8,321.1,1.1,13.1,0.12,112.0,10.0,32.75
0.0,35.308825910931176,33.24291497975708,38.59178535606821,84.0960219478738,73.69953051643192,18.785260770975057,0.1272119815668203,136.0293103448276,1.1425579536370902,104.25520833333331,252.93801652892563,82.73687055837563,0.03,0.04,38.6,12.5,0.83,23.6,32.4,72.8,0.94,9.7,5.89,258.0,5.3,15.1,7.7,6.6,420.87,393.6,305.69,1.41,16.6,0.12,17.0,10.0,42.9
0.0,35.308825910931176,33.24291497975708,38.59178535606821,84.0960219478738,73.69953051643192,18.785260770975057,0.1272119815668203,136.0293103448276,1.1425579536370902,104.25520833333331,252.93801652892563,82.73687055837563,0.06,0.05,38.5,12.4,1.57,29.6,32.2,91.9,0.95,9.0,7.97,329.0,4.19,13.8,10.6,3.14,432.2,33.6,277.71,1.04,12.4,0.12,17.0,10.0,24.2
0.0,35.308825910931176,33.24291497975708,38.59178535606821,84.0960219478738,73.69953051643192,18.785260770975057,0.1272119815668203,136.0293103448276,1.1425579536370902,104.25520833333331,252.93801652892563,82.73687055837563,0.02,0.01,34.5,11.7,1.43,28.4,33.9,83.7,0.45,9.1,2.93,201.0,4.12,14.6,4.8,24.7,712.0,602.2,350.0,0.97,11.7,0.12,17.0,10.0,32.1
0.0,35.308825910931176,33.24291497975708,38.59178535606821,84.0960219478738,73.69953051643192,18.785260770975057,0.1272119815668203,136.0293103448276,1.1425579536370902,104.25520833333331,252.93801652892563,82.73687055837563,0.02,0.06,37.5,12.2,1.25,31.0,32.5,95.2,0.18,11.3,1.91,232.0,3.94,13.2,3.4,3.14,441.0,125.95,29070.0,1.1,13.1,0.12,17.0,10.0,32.75
0.0,35.308825910931176,33.24291497975708,38.59178535606821,84.0960219478738,73.69953051643192,18.785260770975057,0.1272119815668203,136.0293103448276,1.1425579536370902,104.25520833333331,252.93801652892563,82.73687055837563,0.02,0.06,37.3,12.6,1.84,29.0,33.8,85.9,0.28,10.7,3.46,248.0,4.34,12.1,5.7,14.1,441.0,47.3,243.09,1.28,15.1,0.12,17.0,10.0,43.0
0.0,35.308825910931176,33.24291497975708,38.59178535606821,84.0960219478738,73.69953051643192,18.785260770975057,0.1272119815668203,136.0293103448276,1.1425579536370902,104.25520833333331,252.93801652892563,82.73687055837563,0.04,0.12,34.1,11.3,0.97,29.3,33.1,88.3,0.68,12.2,4.11,212.0,3.86,14.6,5.9,26.9,441.0,125.95,321.1,1.05,12.6,0.12,27.0,10.0,26.5
0.0,35.308825910931176,33.24291497975708,38.59178535606821,84.0960219478738,73.69953051643192,18.785260770975057,0.1272119815668203,136.0293103448276,1.1425579536370902,104.25520833333331,252.93801652892563,82.73687055837563,0.02,0.15,39.3,12.5,1.9,28.2,31.8,88.5,0.52,9.4,2.68,192.0,4.44,12.7,5.3,3.02,441.0,125.95,321.1,1.1,13.1,0.12,17.0,10.0,32.75
0.0,35.308825910931176,33.24291497975708,38.59178535606821,84.0960219478738,73.69953051643192,18.785260770975057,0.1272119815668203,136.0293103448276,1.1425579536370902,104.25520833333331,252.93801652892563,82.73687055837563,0.01,0.0,36.1,11.9,0.73,28.2,33.0,85.5,0.4,9.6,4.31,219.0,4.22,12.6,5.5,122.0,441.0,762.9,376.08,1.06,12.7,30.0,46.0,10.0,35.8
0.0,35.308825910931176,33.24291497975708,38.59178535606821,84.0960219478738,73.69953051643192,18.785260770975057,0.1272119815668203,136.0293103448276,1.1425579536370902,104.25520833333331,252.93801652892563,82.73687055837563,0.06,0.19,39.6,13.5,1.03,31.0,34.1,91.0,0.59,11.2,3.54,127.0,4.35,13.9,5.4,3.77,441.0,29.6,290.7,0.96,11.5,16.0,17.0,10.0,33.2
0.0,35.308825910931176,33.24291497975708,38.59178535606821,84.0960219478738,73.69953051643192,18.785260770975057,0.1272119815668203,136.0293103448276,1.1425579536370902,104.25520833333331,252.93801652892563,82.73687055837563,0.05,0.35,34.2,11.6,2.03,31.7,33.9,93.4,0.54,10.5,2.69,204.0,3.66,12.7,5.7,4.01,441.0,125.95,321.1,1.1,13.1,0.12,17.0,10.0,32.75
0.0,35.308825910931176,33.24291497975708,38.59178535606821,84.0960219478738,73.69953051643192,18.785260770975057,0.1272119815668203,136.0293103448276,1.1425579536370902,104.25520833333331,252.93801652892563,82.73687055837563,0.05,0.2,47.1,15.8,1.15,30.7,33.5,91.5,0.43,9.9,3.13,194.0,5.15,13.5,5.0,7.66,441.0,733.2,300.0,1.1,13.1,0.12,17.0,10.0,32.75
0.0,35.308825910931176,33.24291497975708,38.59178535606821,84.0960219478738,73.69953051643192,18.785260770975057,0.1272119815668203,136.0293103448276,1.1425579536370902,104.25520833333331,252.93801652892563,82.73687055837563,0.03,0.09,36.6,12.5,1.0,28.9,34.2,84.7,0.67,9.5,4.8,306.0,4.32,12.8,6.6,6.76,441.0,125.95,321.1,1.26,14.9,0.12,17.0,10.0,37.5
0.0,35.308825910931176,33.24291497975708,38.59178535606821,84.0960219478738,73.69953051643192,18.785260770975057,0.1272119815668203,136.0293103448276,1.1425579536370902,104.25520833333331,252.93801652892563,82.73687055837563,0.03,0.01,38.7,13.7,1.21,28.1,35.4,79.3,0.69,9.3,5.17,297.0,4.88,13.1,7.1,29.1,441.0,125.95,321.1,1.1,13.1,0.12,17.0,10.0,32.75
0.0,35.308825910931176,33.24291497975708,38.59178535606821,84.0960219478738,73.69953051643192,18.785260770975057,0.1272119815668203,136.0293103448276,1.1425579536370902,104.25520833333331,252.93801652892563,82.73687055837563,0.06,0.0,44.3,15.7,1.01,28.9,35.4,81.4,0.86,9.2,5.42,352.0,5.44,12.5,7.4,3.02,441.0,112.3,432.72,1.1,13.1,0.12,2.0,10.0,32.75
0.0,35.308825910931176,33.24291497975708,38.59178535606821,84.0960219478738,73.69953051643192,18.785260770975057,0.1272119815668203,136.0293103448276,1.1425579536370902,104.25520833333331,252.93801652892563,82.73687055837563,0.0,0.0,41.8,14.8,1.03,29.2,35.4,82.4,0.21,10.8,2.19,114.0,5.07,13.0,3.4,25.3,441.0,125.95,321.1,1.1,13.1,0.12,17.0,10.0,32.75
0.0,35.308825910931176,33.24291497975708,38.59178535606821,84.0960219478738,73.69953051643192,18.785260770975057,0.1272119815668203,136.0293103448276,1.1425579536370902,104.25520833333331,252.93801652892563,82.73687055837563,0.06,0.12,34.7,12.8,1.15,32.1,36.9,87.0,0.56,8.7,10.62,385.0,3.99,12.3,12.5,30.4,948.0,781.6,364.89,1.05,12.6,0.12,107.0,10.0,32.5
0.0,35.308825910931176,33.24291497975708,38.59178535606821,84.0960219478738,73.69953051643192,18.785260770975057,0.1272119815668203,136.0293103448276,1.1425579536370902,104.25520833333331,252.93801652892563,82.73687055837563,0.01,0.0,45.7,15.4,1.25,29.0,33.7,86.1,0.43,11.6,3.01,92.0,5.31,14.3,4.7,16.4,441.0,283.9,305.69,0.96,11.6,13.0,10.0,10.0,29.3
0.0,35.308825910931176,33.24291497975708,38.59178535606821,84.0960219478738,73.69953051643192,18.785260770975057,0.1272119815668203,136.0293103448276,1.1425579536370902,104.25520833333331,252.93801652892563,82.73687055837563,0.1,0.54,45.4,16.4,2.93,29.7,36.1,82.2,0.5,9.5,4.71,287.0,5.52,12.4,8.8,13.7,478.8,455.8,327.79,1.07,12.8,17.0,33.0,10.0,32.7
0.0,35.308825910931176,33.24291497975708,38.59178535606821,84.0960219478738,73.69953051643192,18.785260770975057,0.1272119815668203,136.0293103448276,1.1425579536370902,104.25520833333331,252.93801652892563,82.73687055837563,0.02,0.09,37.3,12.4,1.05,28.4,33.2,85.4,0.31,10.2,2.62,185.0,4.37,12.8,4.1,22.9,7325.41,125.95,321.1,1.1,13.1,0.12,17.0,10.0,32.75
0.0,35.308825910931176,33.24291497975708,38.59178535606821,84.0960219478738,73.69953051643192,18.785260770975057,0.1272119815668203,136.0293103448276,1.1425579536370902,104.25520833333331,252.93801652892563,82.73687055837563,0.02,0.1,44.2,15.1,2.12,29.7,34.2,86.8,0.8,10.3,4.37,165.0,5.09,12.4,7.4,7.04,441.0,79.6,314.72,1.1,13.1,35.0,3.0,10.0,32.75
0.0,35.308825910931176,33.24291497975708,38.59178535606821,84.0960219478738,73.69953051643192,18.785260770975057,0.1272119815668203,136.0293103448276,1.1425579536370902,104.25520833333331,252.93801652892563,82.73687055837563,0.01,0.01,34.4,12.2,1.33,28.1,35.5,79.3,0.41,11.5,2.88,240.0,4.34,12.5,4.6,3.14,583.84,78.2,321.1,1.1,13.1,0.12,17.0,10.0,32.75
0.0,35.308825910931176,33.24291497975708,38.59178535606821,84.0960219478738,73.69953051643192,18.785260770975057,0.1272119815668203,136.0293103448276,1.1425579536370902,104.25520833333331,252.93801652892563,82.73687055837563,0.01,0.0,35.0,12.3,1.13,30.1,35.1,85.8,0.31,11.8,4.53,149.0,4.08,12.3,6.0,3.02,441.0,127.1,321.1,1.1,13.1,0.12,72.0,10.0,32.75
0.0,35.308825910931176,33.24291497975708,38.59178535606821,84.0960219478738,73.69953051643192,18.785260770975057,0.1272119815668203,136.0293103448276,1.1425579536370902,104.25520833333331,252.93801652892563,82.73687055837563,0.0,0.01,39.5,13.6,1.39,28.5,34.4,82.8,0.39,13.1,2.37,103.0,4.77,13.3,4.2,12.1,519.79,476.8,293.69,1.1,13.1,0.12,13.0,10.0,32.75
0.0,35.308825910931176,33.24291497975708,38.59178535606821,84.0960219478738,73.69953051643192,18.785260770975057,0.1272119815668203,136.0293103448276,1.1425579536370902,104.25520833333331,252.93801652892563,82.73687055837563,0.04,0.1,39.6,12.8,1.65,26.3,32.3,81.5,0.71,9.9,4.26,327.0,4.86,13.9,6.8,11.5,532.0,40.8,342.21,1.1,13.1,0.12,34.0,10.0,32.75
0.0,35.308825910931176,33.24291497975708,38.59178535606821,84.0960219478738,73.69953051643192,18.785260770975057,0.1272119815668203,136.0293103448276,1.1425579536370902,104.25520833333331,252.93801652892563,82.73687055837563,0.01,0.0,41.9,13.5,2.26,27.2,32.2,84.3,0.6,9.8,5.58,193.0,4.97,14.5,8.5,23.1,441.0,234.7,352.34,1.04,12.5,0.12,17.0,10.0,24.6
0.0,35.308825910931176,33.24291497975708,38.59178535606821,84.0960219478738,73.69953051643192,18.785260770975057,0.1272119815668203,136.0293103448276,1.1425579536370902,104.25520833333331,252.93801652892563,82.73687055837563,0.01,0.0,32.6,10.7,0.34,25.4,32.8,77.3,0.08,10.4,0.64,182.0,4.22,13.8,1.1,25.9,692.73,286.1,470.04,1.14,13.6,0.12,50.0,10.0,36.3
0.0,35.308825910931176,33.24291497975708,38.59178535606821,84.0960219478738,73.69953051643192,18.785260770975057,0.1272119815668203,136.0293103448276,1.1425579536370902,104.25520833333331,252.93801652892563,82.73687055837563,0.01,0.01,27.6,9.7,1.09,32.7,35.1,92.9,0.46,11.4,2.46,162.0,2.97,16.7,4.0,3.02,197.0,60.0,277.71,1.13,13.5,0.12,4.0,10.0,32.8
0.0,35.308825910931176,33.24291497975708,38.59178535606821,84.0960219478738,73.69953051643192,18.785260770975057,0.1272119815668203,136.0293103448276,1.1425579536370902,104.25520833333331,252.93801652892563,82.73687055837563,0.04,0.04,39.5,13.3,3.01,30.9,33.7,91.6,1.01,11.1,6.09,288.0,4.31,14.4,10.2,18.2,441.0,383.3,321.1,1.1,13.1,13.0,37.0,10.0,32.75
0.0,35.308825910931176,33.24291497975708,38.59178535606821,84.0960219478738,73.69953051643192,18.785260770975057,0.1272119815668203,136.0293103448276,1.1425579536370902,104.25520833333331,252.93801652892563,82.73687055837563,0.03,0.19,35.2,12.6,1.16,28.1,35.8,78.6,0.54,9.9,3.53,254.0,4.48,13.2,5.5,64.1,441.0,634.5,331.26,1.27,15.0,0.12,17.0,10.0,46.4
0.0,35.308825910931176,33.24291497975708,38.59178535606821,84.0960219478738,73.69953051643192,18.785260770975057,0.1272119815668203,136.0293103448276,1.1425579536370902,104.25520833333331,252.93801652892563,82.73687055837563,0.04,0.02,39.0,13.2,0.58,28.9,33.8,85.5,0.43,11.1,9.88,324.0,4.56,12.8,11.0,97.0,441.0,1316.8,321.1,1.21,14.4,0.12,6.0,10.0,34.0
0.0,35.308825910931176,33.24291497975708,38.59178535606821,84.0960219478738,73.69953051643192,18.785260770975057,0.1272119815668203,136.0293103448276,1.1425579536370902,104.25520833333331,252.93801652892563,82.73687055837563,0.02,0.04,29.7,10.5,2.01,29.0,35.4,82.0,0.52,10.6,3.03,199.0,3.62,12.8,5.6,3.02,441.0,264.8,267.4,1.12,13.3,0.12,15.0,10.0,31.7
0.0,35.308825910931176,33.24291497975708,38.59178535606821,84.0960219478738,73.69953051643192,18.785260770975057,0.1272119815668203,136.0293103448276,1.1425579536370902,104.25520833333331,252.93801652892563,82.73687055837563,0.03,0.17,32.1,10.2,1.35,23.3,31.8,73.5,0.86,9.8,5.81,336.0,4.37,16.5,8.2,21.2,441.0,125.95,321.1,1.1,13.1,0.12,17.0,10.0,32.75
0.0,35.308825910931176,33.24291497975708,38.59178535606821,84.0960219478738,73.69953051643192,18.785260770975057,0.1272119815668203,136.0293103448276,1.1425579536370902,104.25520833333331,252.93801652892563,82.73687055837563,0.03,0.05,41.5,14.2,0.91,29.7,34.2,86.8,0.57,10.5,6.33,313.0,4.78,13.4,7.9,3.14,92.62,50.2,260.91,1.06,12.7,0.12,17.0,10.0,26.3
0.0,35.308825910931176,33.24291497975708,38.59178535606821,84.0960219478738,73.69953051643192,18.785260770975057,0.1272119815668203,136.0293103448276,1.1425579536370902,104.25520833333331,252.93801652892563,82.73687055837563,0.02,0.07,37.8,12.5,0.93,25.7,33.1,77.6,0.34,10.9,5.44,262.0,4.87,14.4,6.8,3.02,373.0,55.8,289.24,1.1,13.1,0.12,13.0,10.0,32.75
0.0,35.308825910931176,33.24291497975708,38.59178535606821,84.0960219478738,73.69953051643192,18.785260770975057,0.1272119815668203,136.0293103448276,1.1425579536370902,104.25520833333331,252.93801652892563,82.73687055837563,0.04,0.21,40.8,14.1,2.56,29.3,34.6,84.6,0.58,9.9,4.07,186.0,4.82,12.3,7.5,11.9,441.0,89.1,327.79,0.99,11.9,0.12,113.0,10.0,33.2
0.0,35.308825910931176,33.24291497975708,38.59178535606821,84.0960219478738,73.69953051643192,18.785260770975057,0.1272119815668203,136.0293103448276,1.1425579536370902,104.25520833333331,252.93801652892563,82.73687055837563,0.02,0.03,38.1,12.5,1.07,26.9,32.8,81.9,0.48,9.9,4.47,220.0,4.65,13.3,6.1,3.02,441.0,67.3,321.1,1.1,13.1,0.12,2.0,10.0,32.75
0.0,35.308825910931176,33.24291497975708,38.59178535606821,84.0960219478738,73.69953051643192,18.785260770975057,0.1272119815668203,136.0293103448276,1.1425579536370902,104.25520833333331,252.93801652892563,82.73687055837563,0.05,0.5,39.9,13.4,2.64,28.8,33.6,85.6,0.5,10.8,4.38,202.0,4.66,12.3,8.1,4.49,570.56,3.1,321.1,1.1,13.1,0.12,27.0,10.0,32.75
0.0,35.308825910931176,33.24291497975708,38.59178535606821,84.0960219478738,73.69953051643192,18.785260770975057,0.1272119815668203,136.0293103448276,1.1425579536370902,104.25520833333331,252.93801652892563,82.73687055837563,0.03,0.14,28.1,8.5,2.55,23.2,30.2,76.6,0.92,10.2,5.4,255.0,3.67,19.6,9.0,3.02,230.0,125.95,486.28,1.09,13.0,0.12,11.0,10.0,29.2
0.0,35.308825910931176,33.24291497975708,38.59178535606821,84.0960219478738,73.69953051643192,18.785260770975057,0.1272119815668203,136.0293103448276,1.1425579536370902,104.25520833333331,252.93801652892563,82.73687055837563,0.02,0.12,35.3,11.7,2.32,27.4,33.1,82.7,0.62,11.7,3.61,174.0,4.27,13.8,6.7,23.8,441.0,156.1,321.1,1.1,13.1,19.0,41.0,18.0,32.75
0.0,35.308825910931176,33.24291497975708,38.59178535606821,84.0960219478738,73.69953051643192,18.785260770975057,0.1272119815668203,136.0293103448276,1.1425579536370902,104.25520833333331,252.93801652892563,82.73687055837563,0.0,0.16,38.4,13.0,0.61,30.7,33.9,90.6,0.24,11.6,4.64,165.0,4.24,12.8,5.7,3.69,441.0,90.1,308.63,1.02,12.2,0.12,17.0,10.0,26.8
0.0,35.308825910931176,33.24291497975708,38.59178535606821,84.0960219478738,73.69953051643192,18.785260770975057,0.1272119815668203,136.0293103448276,1.1425579536370902,104.25520833333331,252.93801652892563,82.73687055837563,0.04,0.04,39.0,12.2,1.03,22.5,31.3,71.8,0.78,10.2,4.08,278.0,5.43,20.0,6.0,4.79,384.0,40.1,327.79,1.1,13.1,0.12,4.0,10.0,32.75
0.0,35.308825910931176,33.24291497975708,38.59178535606821,84.0960219478738,73.69953051643192,18.785260770975057,0.1272119815668203,136.0293103448276,1.1425579536370902,104.25520833333331,252.93801652892563,82.73687055837563,0.01,0.03,46.4,14.7,1.0,24.5,31.7,77.3,0.34,11.4,1.37,103.0,6.0,14.5,2.8,16.1,441.0,125.95,321.1,1.1,13.1,0.12,17.0,10.0,32.75
0.0,35.308825910931176,33.24291497975708,38.59178535606821,84.0960219478738,73.69953051643192,18.785260770975057,0.1272119815668203,136.0293103448276,1.1425579536370902,104.25520833333331,252.93801652892563,82.73687055837563,0.0,0.02,36.1,11.9,1.43,23.8,33.0,72.2,0.52,8.6,1.65,264.0,5.0,13.7,3.6,36.1,441.0,56.9,342.21,1.1,13.1,0.12,17.0,10.0,32.75
0.0,35.308825910931176,33.24291497975708,38.59178535606821,84.0960219478738,73.69953051643192,18.785260770975057,0.1272119815668203,136.0293103448276,1.1425579536370902,104.25520833333331,252.93801652892563,82.73687055837563,0.05,0.08,35.8,11.3,2.75,27.7,31.6,87.7,0.54,9.2,4.44,593.0,4.08,15.1,7.9,3.02,534.0,125.95,321.1,1.59,18.6,0.12,17.0,10.0,32.75
0.0,35.308825910931176,33.24291497975708,38.59178535606821,84.0960219478738,73.69953051643192,18.785260770975057,0.1272119815668203,136.0293103448276,1.1425579536370902,104.25520833333331,252.93801652892563,82.73687055837563,0.0,0.0,42.1,14.5,0.9,28.8,34.4,83.7,0.51,12.0,3.95,184.0,5.03,12.7,5.4,4.67,250.74,16.8,376.87,1.04,12.5,0.12,17.0,10.0,29.9
0.0,35.308825910931176,33.24291497975708,38.59178535606821,84.0960219478738,73.69953051643192,18.785260770975057,0.1272119815668203,136.0293103448276,1.1425579536370902,104.25520833333331,252.93801652892563,82.73687055837563,0.03,0.03,38.0,12.5,0.71,27.9,32.9,84.8,0.72,10.5,5.92,243.0,4.48,13.3,7.4,4.98,441.0,322.3,317.88,1.06,12.7,0.12,17.0,10.0,41.2
0.0,35.308825910931176,33.24291497975708,38.59178535606821,84.0960219478738,73.69953051643192,18.785260770975057,0.1272119815668203,136.0293103448276,1.1425579536370902,104.25520833333331,252.93801652892563,82.73687055837563,0.02,0.01,50.4,17.4,0.78,29.5,34.5,85.6,0.43,10.3,9.67,270.0,5.89,12.3,10.9,58.9,441.0,259.3,317.88,0.9,10.9,0.12,9.0,10.0,23.3
0.0,35.308825910931176,33.24291497975708,38.59178535606821,84.0960219478738,73.69953051643192,18.785260770975057,0.1272119815668203,136.0293103448276,1.1425579536370902,104.25520833333331,252.93801652892563,82.73687055837563,0.02,0.11,35.9,11.8,2.86,27.6,32.9,84.1,0.38,10.8,1.98,111.0,4.27,14.3,5.4,16.1,441.0,892.6,321.1,1.1,13.1,12.0,31.0,10.0,32.75
0.0,35.308825910931176,33.24291497975708,38.59178535606821,84.0960219478738,73.69953051643192,18.785260770975057,0.1272119815668203,136.0293103448276,1.1425579536370902,104.25520833333331,252.93801652892563,82.73687055837563,0.01,0.0,38.1,12.8,0.57,30.8,33.6,91.8,0.2,9.6,6.5,412.0,4.15,13.6,7.3,3.02,441.0,5.8,321.1,1.1,13.1,0.12,7.0,10.0,32.75
0.0,35.308825910931176,33.24291497975708,38.59178535606821,84.0960219478738,73.69953051643192,18.785260770975057,0.1272119815668203,136.0293103448276,1.1425579536370902,104.25520833333331,252.93801652892563,82.73687055837563,0.02,0.0,39.7,14.5,0.83,30.7,36.5,83.9,0.68,10.7,7.46,288.0,4.73,12.4,9.0,104.0,441.0,74.5,370.35,1.1,13.1,12.0,17.0,10.0,32.75
0.0,35.308825910931176,33.24291497975708,38.59178535606821,84.0960219478738,73.69953051643192,18.785260770975057,0.1272119815668203,136.0293103448276,1.1425579536370902,104.25520833333331,252.93801652892563,82.73687055837563,0.02,0.02,40.3,13.4,0.76,28.6,33.3,85.9,0.73,9.6,4.23,269.0,4.69,12.2,5.8,6.15,441.0,132.3,289.24,1.06,12.7,0.12,8.0,10.0,36.2
0.0,35.308825910931176,33.24291497975708,38.59178535606821,84.0960219478738,73.69953051643192,18.785260770975057,0.1272119815668203,136.0293103448276,1.1425579536370902,104.25520833333331,252.93801652892563,82.73687055837563,0.01,0.0,43.0,14.3,1.43,29.7,33.3,89.2,0.31,10.7,2.01,169.0,4.82,14.0,3.8,108.0,441.0,824.4,321.1,1.1,13.1,0.12,81.0,10.0,32.75
0.0,35.308825910931176,33.24291497975708,38.59178535606821,84.0960219478738,73.69953051643192,18.785260770975057,0.1272119815668203,136.0293103448276,1.1425579536370902,104.25520833333331,252.93801652892563,82.73687055837563,0.03,0.0,41.2,14.0,1.35,28.9,34.0,84.9,0.48,11.4,4.18,255.0,4.85,12.6,6.0,121.0,441.0,565.6,308.63,1.1,13.1,26.0,64.0,10.0,32.75
0.0,35.308825910931176,33.24291497975708,38.59178535606821,84.0960219478738,73.69953051643192,18.785260770975057,0.1272119815668203,136.0293103448276,1.1425579536370902,104.25520833333331,252.93801652892563,82.73687055837563,0.01,0.0,42.1,13.7,1.28,26.5,32.5,81.4,0.41,10.9,5.54,303.0,5.17,13.2,7.2,59.3,5410.0,305.0,321.1,1.86,21.5,15.0,17.0,10.0,46.4
0.0,35.308825910931176,33.24291497975708,38.59178535606821,84.0960219478738,73.69953051643192,18.785260770975057,0.1272119815668203,136.0293103448276,1.1425579536370902,104.25520833333331,252.93801652892563,82.73687055837563,0.02,0.06,38.2,13.2,1.09,31.0,34.6,89.7,0.59,11.5,4.32,264.0,4.26,12.8,6.1,72.7,441.0,710.5,327.79,1.04,12.4,12.0,30.0,10.0,41.6
0.0,35.308825910931176,33.24291497975708,38.59178535606821,84.0960219478738,73.69953051643192,18.785260770975057,0.1272119815668203,136.0293103448276,1.1425579536370902,104.25520833333331,252.93801652892563,82.73687055837563,0.03,0.15,47.7,16.2,2.04,31.0,34.0,91.4,0.55,9.7,3.91,246.0,5.22,11.7,6.7,107.0,441.0,125.95,321.1,1.1,13.1,0.12,17.0,10.0,32.75
0.0,35.308825910931176,33.24291497975708,38.59178535606821,84.0960219478738,73.69953051643192,18.785260770975057,0.1272119815668203,136.0293103448276,1.1425579536370902,104.25520833333331,252.93801652892563,82.73687055837563,0.05,0.0,41.6,14.8,1.57,28.7,35.6,80.8,1.06,12.1,13.88,223.0,5.15,11.9,16.6,15.6,441.0,125.95,321.1,1.1,13.1,0.12,17.0,10.0,32.75
0.0,35.308825910931176,33.24291497975708,38.59178535606821,84.0960219478738,73.69953051643192,18.785260770975057,0.1272119815668203,136.0293103448276,1.1425579536370902,104.25520833333331,252.93801652892563,82.73687055837563,0.03,0.16,38.9,11.8,1.17,26.6,30.3,87.8,0.65,9.4,6.19,400.0,4.43,13.5,8.2,73.4,441.0,125.95,321.1,1.1,13.1,0.12,17.0,10.0,32.75
0.0,35.308825910931176,33.24291497975708,38.59178535606821,84.0960219478738,73.69953051643192,18.785260770975057,0.1272119815668203,136.0293103448276,1.1425579536370902,104.25520833333331,252.93801652892563,82.73687055837563,0.01,0.19,32.8,11.3,1.37,29.6,34.5,85.9,0.36,10.2,5.04,275.0,3.82,13.2,7.0,3.02,441.0,125.95,321.1,1.1,13.1,0.12,20.0,10.0,32.75
0.0,35.308825910931176,33.24291497975708,38.59178535606821,84.0960219478738,73.69953051643192,18.785260770975057,0.1272119815668203,136.0293103448276,1.1425579536370902,104.25520833333331,252.93801652892563,82.73687055837563,0.01,0.18,42.6,14.5,0.43,28.6,34.0,84.0,0.23,11.3,5.61,150.0,5.07,13.5,6.5,3.02,441.0,168.2,321.1,1.1,13.1,0.12,3.0,10.0,32.75
0.0,35.308825910931176,33.24291497975708,38.59178535606821,84.0960219478738,73.69953051643192,18.785260770975057,0.1272119815668203,136.0293103448276,1.1425579536370902,104.25520833333331,252.93801652892563,82.73687055837563,0.05,0.21,39.8,13.8,2.52,29.6,34.7,85.2,0.64,10.7,3.09,288.0,4.67,12.4,6.5,3.02,340.0,28.8,264.12,1.1,13.1,0.12,4.0,10.0,32.75
0.0,35.308825910931176,33.24291497975708,38.59178535606821,84.0960219478738,73.69953051643192,18.785260770975057,0.1272119815668203,136.0293103448276,1.1425579536370902,104.25520833333331,252.93801652892563,82.73687055837563,0.04,0.08,40.1,14.0,0.99,28.2,34.9,80.7,1.03,9.3,4.12,189.0,4.97,12.8,6.3,4.49,131.0,308.5,281.31,1.12,13.3,0.12,19.0,10.0,46.4
0.0,35.308825910931176,33.24291497975708,38.59178535606821,84.0960219478738,73.69953051643192,18.785260770975057,0.1272119815668203,136.0293103448276,1.1425579536370902,104.25520833333331,252.93801652892563,82.73687055837563,0.05,0.11,44.7,15.4,2.42,29.2,34.5,84.7,0.42,10.1,2.64,219.0,5.28,12.7,5.6,6.39,441.0,125.95,321.1,1.1,13.1,0.12,17.0,10.0,32.75
0.0,35.308825910931176,33.24291497975708,38.59178535606821,84.0960219478738,73.69953051643192,18.785260770975057,0.1272119815668203,136.0293103448276,1.1425579536370902,104.25520833333331,252.93801652892563,82.73687055837563,0.02,0.04,39.7,13.8,2.68,29.6,34.8,85.0,0.49,10.3,2.37,206.0,4.67,12.2,5.6,24.7,441.0,370.5,321.1,1.1,13.1,0.12,17.0,10.0,32.75
0.0,35.308825910931176,33.24291497975708,38.59178535606821,84.0960219478738,73.69953051643192,18.785260770975057,0.1272119815668203,136.0293103448276,1.1425579536370902,104.25520833333331,252.93801652892563,82.73687055837563,0.06,0.13,51.7,17.7,3.04,29.2,34.2,85.3,0.79,10.1,6.99,241.0,6.06,12.6,11.0,3.17,397.4,253.7,321.1,1.1,13.1,0.12,17.0,10.0,32.75
0.0,35.308825910931176,33.24291497975708,38.59178535606821,84.0960219478738,73.69953051643192,18.785260770975057,0.1272119815668203,136.0293103448276,1.1425579536370902,104.25520833333331,252.93801652892563,82.73687055837563,0.02,0.22,26.3,7.9,1.29,18.8,30.0,62.6,0.42,10.389577103801797,2.52,184.0,4.2,18.5,4.5,3.02,214.0,125.95,321.1,1.1,13.1,0.12,17.0,10.0,32.75
0.0,35.308825910931176,33.24291497975708,38.59178535606821,84.0960219478738,73.69953051643192,18.785260770975057,0.1272119815668203,136.0293103448276,1.1425579536370902,104.25520833333331,252.93801652892563,82.73687055837563,0.02,0.03,45.5,15.1,0.72,28.0,33.2,84.3,0.53,10.7,6.21,145.0,5.4,12.9,7.5,23.6,441.0,86.1,321.1,1.1,13.1,16.0,65.0,10.0,32.75
0.0,35.308825910931176,33.24291497975708,38.59178535606821,84.0960219478738,73.69953051643192,18.785260770975057,0.1272119815668203,136.0293103448276,1.1425579536370902,104.25520833333331,252.93801652892563,82.73687055837563,0.01,0.0,31.4,10.2,0.63,23.2,32.5,71.5,0.26,10.8,2.87,237.0,4.39,15.8,3.8,6.76,441.0,125.95,321.1,1.1,13.1,0.12,17.0,10.0,32.75
0.0,35.308825910931176,33.24291497975708,38.59178535606821,84.0960219478738,73.69953051643192,18.785260770975057,0.1272119815668203,136.0293103448276,1.1425579536370902,104.25520833333331,252.93801652892563,82.73687055837563,0.03,0.09,42.9,14.2,2.18,28.0,33.1,84.6,0.47,10.4,4.28,306.0,5.07,12.6,7.1,108.0,441.0,1131.9,376.08,1.05,12.6,24.0,17.0,10.0,40.4
0.0,35.308825910931176,33.24291497975708,38.59178535606821,84.0960219478738,73.69953051643192,18.785260770975057,0.1272119815668203,136.0293103448276,1.1425579536370902,104.25520833333331,252.93801652892563,82.73687055837563,0.07,0.12,28.4,9.3,1.67,27.6,32.7,84.3,0.54,10.0,5.12,425.0,3.37,14.0,7.5,212.0,441.0,125.95,364.89,1.15,13.7,13.0,62.0,10.0,42.0
0.0,35.308825910931176,33.24291497975708,38.59178535606821,84.0960219478738,73.69953051643192,18.785260770975057,0.1272119815668203,136.0293103448276,1.1425579536370902,104.25520833333331,252.93801652892563,82.73687055837563,0.01,0.0,34.3,11.7,0.88,28.3,34.1,83.1,0.47,10.6,6.19,265.0,4.13,11.9,7.6,3.02,320.0,12.5,235.0,1.1,13.1,0.12,4.0,10.0,32.75
0.0,35.308825910931176,33.24291497975708,38.59178535606821,84.0960219478738,73.69953051643192,18.785260770975057,0.1272119815668203,136.0293103448276,1.1425579536370902,104.25520833333331,252.93801652892563,82.73687055837563,0.03,0.08,32.6,11.3,1.04,29.3,34.7,84.5,0.42,9.6,4.73,341.0,3.86,13.1,6.3,3.02,213.0,5.9,321.1,1.1,13.1,0.12,17.0,10.0,32.75
0.0,35.308825910931176,33.24291497975708,38.59178535606821,84.0960219478738,73.69953051643192,18.785260770975057,0.1272119815668203,136.0293103448276,1.1425579536370902,104.25520833333331,252.93801652892563,82.73687055837563,0.01,0.02,38.5,13.2,0.74,30.3,34.3,88.3,0.28,9.9,4.04,129.0,4.36,12.3,5.1,3.02,441.0,7.4,321.1,1.1,13.1,0.12,17.0,10.0,32.75
0.0,35.308825910931176,33.24291497975708,38.59178535606821,84.0960219478738,73.69953051643192,18.785260770975057,0.1272119815668203,136.0293103448276,1.1425579536370902,104.25520833333331,252.93801652892563,82.73687055837563,0.02,0.18,37.1,11.6,2.03,24.3,31.3,77.8,0.45,9.5,3.16,299.0,4.77,13.9,5.8,11.5,1680.0,18.6,317.88,1.1,13.1,0.12,18.0,10.0,32.75
0.0,35.308825910931176,33.24291497975708,38.59178535606821,84.0960219478738,73.69953051643192,18.785260770975057,0.1272119815668203,136.0293103448276,1.1425579536370902,104.25520833333331,252.93801652892563,82.73687055837563,0.02,0.04,41.8,14.4,2.23,30.3,34.4,87.8,0.59,10.2,3.56,286.0,4.76,12.7,6.4,3.0,441.0,125.95,321.1,1.1,13.1,0.12,17.0,10.0,32.75
0.0,35.308825910931176,33.24291497975708,38.59178535606821,84.0960219478738,73.69953051643192,18.785260770975057,0.1272119815668203,136.0293103448276,1.1425579536370902,104.25520833333331,252.93801652892563,82.73687055837563,0.02,0.0,44.2,15.5,0.68,30.7,35.1,87.5,0.15,9.6,6.15,237.0,5.05,12.1,7.0,3.42,62.8,29.9,308.63,1.06,12.7,0.12,17.0,10.0,35.4
0.0,35.308825910931176,33.24291497975708,38.59178535606821,84.0960219478738,73.69953051643192,18.785260770975057,0.1272119815668203,136.0293103448276,1.1425579536370902,104.25520833333331,252.93801652892563,82.73687055837563,0.11,0.06,45.3,15.1,0.48,26.0,33.3,78.1,0.45,10.3,12.27,262.0,5.8,15.0,13.4,3.02,135.0,24.7,223.48,1.1,13.1,0.12,9.0,10.0,32.75
0.0,35.308825910931176,33.24291497975708,38.59178535606821,84.0960219478738,73.69953051643192,18.785260770975057,0.1272119815668203,136.0293103448276,1.1425579536370902,104.25520833333331,252.93801652892563,82.73687055837563,0.06,0.01,38.9,14.1,0.93,28.3,36.2,78.0,0.58,11.2,5.96,195.0,4.99,11.8,7.5,3.02,200.0,28.8,207.15,1.1,13.1,0.12,4.0,10.0,32.75
0.0,35.308825910931176,33.24291497975708,38.59178535606821,84.0960219478738,73.69953051643192,18.785260770975057,0.1272119815668203,136.0293103448276,1.1425579536370902,104.25520833333331,252.93801652892563,82.73687055837563,0.01,0.0,31.5,9.9,0.53,22.6,31.4,71.8,0.28,11.2,3.42,200.0,4.39,15.4,4.2,4.06,441.0,82.0,321.1,1.1,13.1,0.12,2.0,10.0,32.75
0.0,35.308825910931176,33.24291497975708,38.59178535606821,84.0960219478738,73.69953051643192,18.785260770975057,0.1272119815668203,136.0293103448276,1.1425579536370902,104.25520833333331,252.93801652892563,82.73687055837563,0.01,0.04,45.7,14.7,0.99,28.0,32.2,87.0,0.61,8.7,2.56,208.0,5.25,13.3,4.2,3.02,337.0,144.2,274.19,0.93,11.2,0.12,17.0,10.0,30.1
0.0,35.308825910931176,33.24291497975708,38.59178535606821,84.0960219478738,73.69953051643192,18.785260770975057,0.1272119815668203,136.0293103448276,1.1425579536370902,104.25520833333331,252.93801652892563,82.73687055837563,0.01,0.0,35.1,12.2,1.44,30.6,34.8,88.0,0.49,10.4,3.52,231.0,3.99,12.5,5.5,10.3,441.0,548.8,331.26,1.1,13.1,31.0,17.0,10.0,32.75
0.0,35.308825910931176,33.24291497975708,38.59178535606821,84.0960219478738,73.69953051643192,18.785260770975057,0.1272119815668203,136.0293103448276,1.1425579536370902,104.25520833333331,252.93801652892563,82.73687055837563,0.03,0.01,32.0,10.1,0.81,29.6,31.6,93.8,0.22,9.5,10.11,257.0,3.41,15.7,11.2,3.14,559.5,125.95,321.1,1.1,13.1,0.12,17.0,10.0,32.75
0.0,35.308825910931176,33.24291497975708,38.59178535606821,84.0960219478738,73.69953051643192,18.785260770975057,0.1272119815668203,136.0293103448276,1.1425579536370902,104.25520833333331,252.93801652892563,82.73687055837563,0.02,0.75,50.4,17.3,1.6,28.3,34.3,82.4,0.72,9.2,7.73,213.0,6.12,13.4,10.8,5.08,277.0,81.3,509.48,1.07,12.8,15.0,17.0,10.0,46.5
0.0,35.308825910931176,33.24291497975708,38.59178535606821,84.0960219478738,73.69953051643192,18.785260770975057,0.1272119815668203,136.0293103448276,1.1425579536370902,104.25520833333331,252.93801652892563,82.73687055837563,0.01,0.03,37.0,12.4,0.85,28.9,33.5,86.2,0.34,10.9,2.73,160.0,4.29,13.2,4.0,25.0,441.0,95.8,300.0,1.08,12.9,0.12,17.0,10.0,38.7
0.0,35.308825910931176,33.24291497975708,38.59178535606821,84.0960219478738,73.69953051643192,18.785260770975057,0.1272119815668203,136.0293103448276,1.1425579536370902,104.25520833333331,252.93801652892563,82.73687055837563,0.01,0.0,39.2,13.1,0.44,27.3,33.4,81.7,0.53,10.7,5.74,190.0,4.8,15.9,6.7,3.02,441.0,41.8,321.1,1.1,13.1,0.12,17.0,10.0,32.75
0.0,35.308825910931176,33.24291497975708,38.59178535606821,84.0960219478738,73.69953051643192,18.785260770975057,0.1272119815668203,136.0293103448276,1.1425579536370902,104.25520833333331,252.93801652892563,82.73687055837563,0.03,0.0,33.2,11.6,0.65,30.4,34.9,87.1,0.98,10.6,8.04,469.0,3.81,12.4,9.7,3.02,441.0,56.6,179.07,1.1,13.1,0.12,8.0,10.0,32.75
0.0,35.308825910931176,33.24291497975708,38.59178535606821,84.0960219478738,73.69953051643192,18.785260770975057,0.1272119815668203,136.0293103448276,1.1425579536370902,104.25520833333331,252.93801652892563,82.73687055837563,0.01,0.0,41.8,14.8,1.79,31.1,35.4,87.8,0.46,11.1,2.89,134.0,4.76,14.6,5.2,5.71,441.0,375.2,321.1,1.1,13.1,0.12,4.0,10.0,32.75
0.0,35.308825910931176,33.24291497975708,38.59178535606821,84.0960219478738,73.69953051643192,18.785260770975057,0.1272119815668203,136.0293103448276,1.1425579536370902,104.25520833333331,252.93801652892563,82.73687055837563,0.01,0.01,28.1,8.6,0.29,23.2,30.6,75.7,0.33,9.4,8.56,423.0,3.71,16.8,9.2,150.0,441.0,96.7,391.83,1.28,15.1,32.0,17.0,12.0,37.6
0.0,35.308825910931176,33.24291497975708,38.59178535606821,84.0960219478738,73.69953051643192,18.785260770975057,0.1272119815668203,136.0293103448276,1.1425579536370902,104.25520833333331,252.93801652892563,82.73687055837563,0.02,0.03,35.2,11.0,1.28,23.0,31.3,73.5,0.29,10.7,2.75,370.0,4.79,15.2,4.4,4.97,441.0,125.95,321.1,1.1,13.1,0.12,17.0,10.0,32.75
0.0,35.308825910931176,33.24291497975708,38.59178535606821,84.0960219478738,73.69953051643192,18.785260770975057,0.1272119815668203,136.0293103448276,1.1425579536370902,104.25520833333331,252.93801652892563,82.73687055837563,0.06,0.62,44.4,15.6,1.79,30.6,35.1,87.2,0.62,10.9,6.11,306.0,5.09,12.0,9.2,38.8,441.0,0.0,321.1,1.1,13.1,0.12,65.0,10.0,32.75
0.0,35.308825910931176,33.24291497975708,38.59178535606821,84.0960219478738,73.69953051643192,18.785260770975057,0.1272119815668203,136.0293103448276,1.1425579536370902,104.25520833333331,252.93801652892563,82.73687055837563,0.07,0.3,45.3,15.6,2.48,29.0,34.4,84.2,0.49,9.7,3.49,262.0,5.38,13.6,6.8,23.6,325.32,224.5,342.21,1.06,12.7,0.12,60.0,10.0,31.4
0.0,35.308825910931176,33.24291497975708,38.59178535606821,84.0960219478738,73.69953051643192,18.785260770975057,0.1272119815668203,136.0293103448276,1.1425579536370902,104.25520833333331,252.93801652892563,82.73687055837563,0.07,0.45,50.2,17.0,4.23,30.7,33.9,90.6,0.81,9.5,3.89,320.0,5.54,13.2,9.5,27.4,227.16,117.9,321.1,1.1,13.1,0.12,17.0,10.0,32.75
0.0,35.308825910931176,33.24291497975708,38.59178535606821,84.0960219478738,73.69953051643192,18.785260770975057,0.1272119815668203,136.0293103448276,1.1425579536370902,104.25520833333331,252.93801652892563,82.73687055837563,0.01,0.01,47.1,16.0,2.32,29.1,34.0,85.8,0.48,9.8,2.53,204.0,5.49,12.2,5.4,3.02,441.0,124.7,287.8,1.19,14.1,0.12,10.0,10.0,35.2
0.0,35.308825910931176,33.24291497975708,38.59178535606821,84.0960219478738,73.69953051643192,18.785260770975057,0.1272119815668203,136.0293103448276,1.1425579536370902,104.25520833333331,252.93801652892563,82.73687055837563,0.02,0.08,33.1,11.9,1.36,28.5,36.0,79.4,0.5,11.0,3.68,160.0,4.17,12.9,5.6,3.02,441.0,125.95,321.1,1.1,13.1,0.12,17.0,10.0,32.75
0.0,35.308825910931176,33.24291497975708,38.59178535606821,84.0960219478738,73.69953051643192,18.785260770975057,0.1272119815668203,136.0293103448276,1.1425579536370902,104.25520833333331,252.93801652892563,82.73687055837563,0.03,0.05,46.5,16.5,1.7,30.6,35.5,86.1,0.55,9.3,2.23,220.0,5.4,12.0,4.6,3.02,441.0,125.95,321.1,1.1,13.1,0.12,17.0,10.0,32.75
0.0,35.308825910931176,33.24291497975708,38.59178535606821,84.0960219478738,73.69953051643192,18.785260770975057,0.1272119815668203,136.0293103448276,1.1425579536370902,104.25520833333331,252.93801652892563,82.73687055837563,0.01,0.1,42.3,14.7,2.0,29.9,34.8,86.2,0.54,9.8,1.55,144.0,4.91,11.9,4.2,6.76,441.0,298.1,352.34,0.99,11.9,0.12,17.0,10.0,31.4
0.0,35.308825910931176,33.24291497975708,38.59178535606821,84.0960219478738,73.69953051643192,18.785260770975057,0.1272119815668203,136.0293103448276,1.1425579536370902,104.25520833333331,252.93801652892563,82.73687055837563,0.03,0.22,37.9,12.1,1.04,24.2,31.9,75.8,0.55,9.6,2.67,279.0,5.0,17.5,4.5,4.6,441.0,41.6,321.1,1.1,13.1,0.12,17.0,10.0,32.75
0.0,35.308825910931176,33.24291497975708,38.59178535606821,84.0960219478738,73.69953051643192,18.785260770975057,0.1272119815668203,136.0293103448276,1.1425579536370902,104.25520833333331,252.93801652892563,82.73687055837563,0.03,0.19,39.7,13.3,0.98,30.2,33.5,90.2,0.84,11.3,6.86,269.0,4.4,12.9,8.9,4.56,0.0,125.95,321.1,1.1,13.1,0.12,17.0,10.0,32.75
0.0,35.308825910931176,33.24291497975708,38.59178535606821,84.0960219478738,73.69953051643192,18.785260770975057,0.1272119815668203,136.0293103448276,1.1425579536370902,104.25520833333331,252.93801652892563,82.73687055837563,0.02,0.0,36.8,12.4,0.56,28.3,33.7,84.0,0.21,10.0,6.48,239.0,4.38,13.2,7.3,0.0,441.0,125.95,321.1,1.1,0.12,0.12,0.0,10.0,32.75
0.0,35.308825910931176,33.24291497975708,38.59178535606821,84.0960219478738,73.69953051643192,18.785260770975057,0.1272119815668203,136.0293103448276,1.1425579536370902,104.25520833333331,252.93801652892563,82.73687055837563,0.04,0.06,36.3,12.6,2.38,28.4,34.7,81.8,0.4,10.4,4.11,358.0,4.44,13.0,7.0,0.0,441.0,125.95,321.1,1.1,13.1,0.12,17.0,10.0,32.75
0.0,35.308825910931176,33.24291497975708,38.59178535606821,84.0960219478738,73.69953051643192,18.785260770975057,0.1272119815668203,136.0293103448276,1.1425579536370902,104.25520833333331,252.93801652892563,82.73687055837563,0.02,0.08,37.6,13.5,1.81,30.9,35.9,86.0,0.47,9.6,3.18,223.0,4.37,12.1,5.6,3.14,240.01,125.95,321.1,1.1,13.1,0.12,17.0,10.0,32.75
0.0,35.308825910931176,33.24291497975708,38.59178535606821,84.0960219478738,73.69953051643192,18.785260770975057,0.1272119815668203,136.0293103448276,1.1425579536370902,104.25520833333331,252.93801652892563,82.73687055837563,0.02,0.08,35.9,10.9,2.63,23.5,30.4,77.5,0.74,11.9,3.82,289.0,4.63,15.9,7.3,3.02,441.0,125.95,321.1,1.1,13.1,0.12,17.0,10.0,32.75
0.0,35.308825910931176,33.24291497975708,38.59178535606821,84.0960219478738,73.69953051643192,18.785260770975057,0.1272119815668203,136.0293103448276,1.1425579536370902,104.25520833333331,252.93801652892563,82.73687055837563,0.05,0.08,33.6,10.9,1.87,26.6,32.4,82.0,0.8,11.2,5.57,284.0,4.1,14.1,8.4,22.6,537.0,107.6,331.26,1.1,13.1,19.0,70.0,10.0,32.75
0.0,35.308825910931176,33.24291497975708,38.59178535606821,84.0960219478738,73.69953051643192,18.785260770975057,0.1272119815668203,136.0293103448276,1.1425579536370902,104.25520833333331,252.93801652892563,82.73687055837563,0.03,0.02,42.2,14.9,0.64,30.0,35.3,84.9,0.69,12.0,6.27,135.0,4.97,13.4,7.7,10.4,939.0,126.7,324.41,1.02,12.2,0.12,24.0,10.0,32.6
0.0,35.308825910931176,33.24291497975708,38.59178535606821,84.0960219478738,73.69953051643192,18.785260770975057,0.1272119815668203,136.0293103448276,1.1425579536370902,104.25520833333331,252.93801652892563,82.73687055837563,0.02,0.09,43.4,14.9,2.53,31.4,34.3,91.4,0.58,10.0,3.02,284.0,4.75,11.9,6.2,6.76,441.0,125.95,321.1,1.1,13.1,0.12,17.0,10.0,32.75
0.0,35.308825910931176,33.24291497975708,38.59178535606821,84.0960219478738,73.69953051643192,18.785260770975057,0.1272119815668203,136.0293103448276,1.1425579536370902,104.25520833333331,252.93801652892563,82.73687055837563,0.03,0.1,37.2,13.0,2.1,29.6,34.9,84.7,0.39,11.7,4.46,88.0,4.39,13.0,7.1,4.5,441.0,125.95,321.1,1.1,13.1,0.12,17.0,10.0,32.75
0.0,35.308825910931176,33.24291497975708,38.59178535606821,84.0960219478738,73.69953051643192,18.785260770975057,0.1272119815668203,136.0293103448276,1.1425579536370902,104.25520833333331,252.93801652892563,82.73687055837563,0.04,0.06,34.6,11.9,1.95,30.4,34.4,88.5,0.39,9.8,3.23,281.0,3.91,12.6,5.7,6.76,441.0,26.7,324.39,1.1,13.1,0.12,17.0,10.0,32.75
0.0,35.308825910931176,33.24291497975708,38.59178535606821,84.0960219478738,73.69953051643192,18.785260770975057,0.1272119815668203,136.0293103448276,1.1425579536370902,104.25520833333331,252.93801652892563,82.73687055837563,0.05,0.16,45.9,15.7,2.19,29.7,34.2,86.8,0.53,10.9,3.65,194.0,5.29,13.4,6.6,8.86,441.0,112.4,321.1,1.1,13.1,17.0,53.0,10.0,32.75
0.0,35.308825910931176,33.24291497975708,38.59178535606821,84.0960219478738,73.69953051643192,18.785260770975057,0.1272119815668203,136.0293103448276,1.1425579536370902,104.25520833333331,252.93801652892563,82.73687055837563,0.04,0.09,46.1,16.2,1.39,30.1,35.1,85.5,0.5,11.7,2.02,143.0,5.39,12.8,4.0,14.5,128.86,201.4,350.0,1.1,13.1,0.12,12.0,10.0,32.75
0.0,35.308825910931176,33.24291497975708,38.59178535606821,84.0960219478738,73.69953051643192,18.785260770975057,0.1272119815668203,136.0293103448276,1.1425579536370902,104.25520833333331,252.93801652892563,82.73687055837563,0.03,0.08,44.7,15.8,1.99,31.3,35.3,88.7,0.26,9.8,3.14,180.0,5.04,12.4,5.5,3.02,193.0,97.6,264.12,1.1,13.1,0.12,2.0,10.0,32.75
0.0,35.308825910931176,33.24291497975708,38.59178535606821,84.0960219478738,73.69953051643192,18.785260770975057,0.1272119815668203,136.0293103448276,1.1425579536370902,104.25520833333331,252.93801652892563,82.73687055837563,0.02,0.01,38.6,13.7,1.4,29.7,35.5,83.7,1.08,10.0,6.85,338.0,4.61,12.6,9.4,3.02,817.0,5.6,223.48,1.1,13.1,0.12,4.0,10.0,32.75
0.0,35.308825910931176,33.24291497975708,38.59178535606821,84.0960219478738,73.69953051643192,18.785260770975057,0.1272119815668203,136.0293103448276,1.1425579536370902,104.25520833333331,252.93801652892563,82.73687055837563,0.01,0.01,40.1,14.2,1.06,28.9,35.4,81.5,0.45,9.9,7.72,300.0,4.92,13.1,9.3,3.02,441.0,125.95,277.71,1.18,14.0,0.12,5.0,10.0,37.1
0.0,35.308825910931176,33.24291497975708,38.59178535606821,84.0960219478738,73.69953051643192,18.785260770975057,0.1272119815668203,136.0293103448276,1.1425579536370902,104.25520833333331,252.93801652892563,82.73687055837563,0.03,0.01,40.9,14.3,1.59,30.1,35.0,86.1,1.0,10.1,3.93,217.0,4.75,12.5,6.6,4.82,35.12,166.7,350.0,1.38,16.3,0.12,17.0,10.0,33.6
0.0,35.308825910931176,33.24291497975708,38.59178535606821,84.0960219478738,73.69953051643192,18.785260770975057,0.1272119815668203,136.0293103448276,1.1425579536370902,104.25520833333331,252.93801652892563,82.73687055837563,0.04,0.02,47.9,15.5,2.01,27.1,32.4,83.9,0.78,10.0,2.06,190.0,5.71,13.3,4.9,21.7,126.72,125.95,370.35,1.07,12.8,0.12,5.0,10.0,32.6
0.0,35.308825910931176,33.24291497975708,38.59178535606821,84.0960219478738,73.69953051643192,18.785260770975057,0.1272119815668203,136.0293103448276,1.1425579536370902,104.25520833333331,252.93801652892563,82.73687055837563,0.01,0.02,44.1,14.8,0.9,25.8,33.6,76.8,0.33,11.3,1.86,167.0,5.74,14.2,3.1,3.02,169.0,243.9,227.96,1.1,13.1,0.12,2.0,10.0,32.75
0.0,35.308825910931176,33.24291497975708,38.59178535606821,84.0960219478738,73.69953051643192,18.785260770975057,0.1272119815668203,136.0293103448276,1.1425579536370902,104.25520833333331,252.93801652892563,82.73687055837563,0.05,1.0,33.0,11.2,2.26,28.0,33.9,82.5,0.58,9.4,4.49,242.0,4.0,13.6,8.4,7.79,441.0,125.95,321.1,1.1,13.1,0.12,17.0,10.0,32.75
0.0,35.308825910931176,33.24291497975708,38.59178535606821,84.0960219478738,73.69953051643192,18.785260770975057,0.1272119815668203,136.0293103448276,1.1425579536370902,104.25520833333331,252.93801652892563,82.73687055837563,0.01,0.17,37.7,12.8,1.04,32.0,34.0,94.3,0.68,10.1,6.62,195.0,4.0,14.2,8.5,3.02,206.0,147.4,243.09,1.1,13.1,0.12,2.0,10.0,32.75
0.0,35.308825910931176,33.24291497975708,38.59178535606821,84.0960219478738,73.69953051643192,18.785260770975057,0.1272119815668203,136.0293103448276,1.1425579536370902,104.25520833333331,252.93801652892563,82.73687055837563,0.01,0.0,41.9,14.0,0.54,24.8,33.4,74.2,0.36,10.2,4.4,275.0,5.65,16.4,5.3,22.0,4940.0,411.5,350.0,1.1,13.1,14.0,17.0,21.0,32.75
0.0,35.308825910931176,33.24291497975708,38.59178535606821,84.0960219478738,73.69953051643192,18.785260770975057,0.1272119815668203,136.0293103448276,1.1425579536370902,104.25520833333331,252.93801652892563,82.73687055837563,0.02,0.12,39.3,12.6,1.25,26.1,32.1,81.4,1.05,13.3,11.04,335.0,4.83,19.4,13.5,3.02,441.0,155.8,295.23,1.08,12.9,0.12,17.0,10.0,34.9
0.0,35.308825910931176,33.24291497975708,38.59178535606821,84.0960219478738,73.69953051643192,18.785260770975057,0.1272119815668203,136.0293103448276,1.1425579536370902,104.25520833333331,252.93801652892563,82.73687055837563,0.01,0.13,46.7,16.3,3.05,29.7,34.9,85.1,0.59,10.0,2.38,225.0,5.49,12.8,6.2,5.99,441.0,171.7,277.71,1.1,13.1,0.12,17.0,10.0,32.75
0.0,35.308825910931176,33.24291497975708,38.59178535606821,84.0960219478738,73.69953051643192,18.785260770975057,0.1272119815668203,136.0293103448276,1.1425579536370902,104.25520833333331,252.93801652892563,82.73687055837563,0.01,0.0,35.6,12.9,1.02,32.0,36.2,88.3,0.5,11.3,7.88,149.0,4.03,11.8,9.4,3.02,441.0,71.8,248.77,1.1,13.1,0.12,2.0,10.0,32.75
0.0,35.308825910931176,33.24291497975708,38.59178535606821,84.0960219478738,73.69953051643192,18.785260770975057,0.1272119815668203,136.0293103448276,1.1425579536370902,104.25520833333331,252.93801652892563,82.73687055837563,0.0,0.0,33.8,11.2,1.06,25.7,33.1,77.5,0.32,10.4,2.81,190.0,4.36,14.8,4.2,8.95,441.0,34.1,270.76,1.14,13.6,0.12,6.0,10.0,32.8
0.0,35.308825910931176,33.24291497975708,38.59178535606821,84.0960219478738,73.69953051643192,18.785260770975057,0.1272119815668203,136.0293103448276,1.1425579536370902,104.25520833333331,252.93801652892563,82.73687055837563,0.01,0.09,38.5,13.0,1.62,29.0,33.8,85.9,0.38,9.7,2.53,227.0,4.48,13.3,4.6,21.0,441.0,600.5,314.72,1.06,12.7,0.12,17.0,10.0,27.3
0.0,35.308825910931176,33.24291497975708,38.59178535606821,84.0960219478738,73.69953051643192,18.785260770975057,0.1272119815668203,136.0293103448276,1.1425579536370902,104.25520833333331,252.93801652892563,82.73687055837563,0.02,0.01,44.1,15.0,2.14,29.2,34.0,86.0,0.51,9.7,2.3,264.0,5.13,13.2,5.0,12.9,574.99,412.0,417.31,1.29,15.3,0.12,40.0,10.0,27.4
0.0,35.308825910931176,33.24291497975708,38.59178535606821,84.0960219478738,73.69953051643192,18.785260770975057,0.1272119815668203,136.0293103448276,1.1425579536370902,104.25520833333331,252.93801652892563,82.73687055837563,0.01,0.02,37.6,12.7,1.89,29.1,33.8,86.2,0.6,11.3,1.56,179.0,4.36,13.2,4.1,55.0,441.0,125.95,321.1,1.1,13.1,0.12,17.0,10.0,32.75
0.0,35.308825910931176,33.24291497975708,38.59178535606821,84.0960219478738,73.69953051643192,18.785260770975057,0.1272119815668203,136.0293103448276,1.1425579536370902,104.25520833333331,252.93801652892563,82.73687055837563,0.02,0.06,35.0,11.7,1.54,27.2,33.4,81.4,0.81,8.8,5.27,510.0,4.3,13.3,7.7,6.76,441.0,777.9,350.0,1.1,13.1,0.12,17.0,10.0,32.75
0.0,35.308825910931176,33.24291497975708,38.59178535606821,84.0960219478738,73.69953051643192,18.785260770975057,0.1272119815668203,136.0293103448276,1.1425579536370902,104.25520833333331,252.93801652892563,82.73687055837563,0.03,0.01,37.9,12.2,1.44,26.1,32.2,81.2,0.37,10.0,4.48,322.0,4.67,13.9,6.3,3.02,441.0,527.2,321.1,1.1,13.1,0.12,22.0,10.0,32.75
0.0,35.308825910931176,33.24291497975708,38.59178535606821,84.0960219478738,73.69953051643192,18.785260770975057,0.1272119815668203,136.0293103448276,1.1425579536370902,104.25520833333331,252.93801652892563,82.73687055837563,0.01,0.01,28.1,7.9,1.28,17.9,28.1,63.6,0.62,9.4,4.3,359.0,4.42,19.6,6.2,3.02,181.0,71.4,285.0,1.1,13.1,0.12,2.0,10.0,32.75
0.0,35.308825910931176,33.24291497975708,38.59178535606821,84.0960219478738,73.69953051643192,18.785260770975057,0.1272119815668203,136.0293103448276,1.1425579536370902,104.25520833333331,252.93801652892563,82.73687055837563,0.02,0.03,39.2,13.9,2.25,31.9,35.5,89.9,0.54,10.3,1.85,232.0,4.36,12.3,4.7,127.0,1092.82,919.6,450.52,1.09,13.0,54.0,17.0,10.0,30.1
0.0,35.308825910931176,33.24291497975708,38.59178535606821,84.0960219478738,73.69953051643192,18.785260770975057,0.1272119815668203,136.0293103448276,1.1425579536370902,104.25520833333331,252.93801652892563,82.73687055837563,0.03,0.01,36.2,12.1,2.03,27.3,33.4,81.7,0.32,9.7,4.58,255.0,4.43,12.8,7.0,57.2,441.0,125.95,321.1,1.1,13.1,0.12,17.0,10.0,32.75
0.0,35.308825910931176,33.24291497975708,38.59178535606821,84.0960219478738,73.69953051643192,18.785260770975057,0.1272119815668203,136.0293103448276,1.1425579536370902,104.25520833333331,252.93801652892563,82.73687055837563,0.02,0.1,44.8,15.0,2.91,28.0,33.5,83.7,0.8,11.2,3.89,62.0,5.35,13.3,7.7,3.14,235.73,30.3,346.06,0.9,10.9,0.12,17.0,10.0,32.0
0.0,35.308825910931176,33.24291497975708,38.59178535606821,84.0960219478738,73.69953051643192,18.785260770975057,0.1272119815668203,136.0293103448276,1.1425579536370902,104.25520833333331,252.93801652892563,82.73687055837563,0.02,0.01,43.4,14.7,0.8,28.9,33.9,85.4,0.44,11.7,4.61,227.0,5.08,13.4,5.9,9.18,441.0,645.4,285.0,1.1,13.1,13.0,19.0,10.0,32.75
0.0,35.308825910931176,33.24291497975708,38.59178535606821,84.0960219478738,73.69953051643192,18.785260770975057,0.1272119815668203,136.0293103448276,1.1425579536370902,104.25520833333331,252.93801652892563,82.73687055837563,0.02,0.01,39.7,12.6,1.4,25.7,31.7,81.0,0.29,9.7,2.71,213.0,4.9,14.5,4.4,18.2,441.0,682.7,321.1,1.1,13.1,0.12,25.0,10.0,32.75
0.0,35.308825910931176,33.24291497975708,38.59178535606821,84.0960219478738,73.69953051643192,18.785260770975057,0.1272119815668203,136.0293103448276,1.1425579536370902,104.25520833333331,252.93801652892563,82.73687055837563,0.01,0.0,31.8,11.0,0.88,29.2,34.6,84.4,0.93,9.2,7.05,316.0,3.77,12.1,8.9,174.0,441.0,125.95,321.1,1.1,13.1,28.0,17.0,16.0,32.75
0.0,35.308825910931176,33.24291497975708,38.59178535606821,84.0960219478738,73.69953051643192,18.785260770975057,0.1272119815668203,136.0293103448276,1.1425579536370902,104.25520833333331,252.93801652892563,82.73687055837563,0.02,0.0,32.2,10.9,1.93,26.0,33.9,76.8,0.53,12.9,5.1,185.0,4.19,15.4,7.6,9.35,441.0,519.9,321.1,1.16,13.8,13.0,17.0,10.0,40.2
0.0,35.308825910931176,33.24291497975708,38.59178535606821,84.0960219478738,73.69953051643192,18.785260770975057,0.1272119815668203,136.0293103448276,1.1425579536370902,104.25520833333331,252.93801652892563,82.73687055837563,0.02,0.08,38.7,13.1,1.67,28.4,33.9,83.8,0.48,11.8,3.79,201.0,4.62,13.3,6.0,6.76,441.0,125.95,321.1,1.1,13.1,0.12,17.0,10.0,32.75
0.0,35.308825910931176,33.24291497975708,38.59178535606821,84.0960219478738,73.69953051643192,18.785260770975057,0.1272119815668203,136.0293103448276,1.1425579536370902,104.25520833333331,252.93801652892563,82.73687055837563,0.01,0.0,34.5,12.0,0.59,28.4,34.8,81.6,0.32,9.7,5.06,337.0,4.23,12.6,6.0,7.36,441.0,252.5,321.1,1.1,13.1,0.12,38.0,10.0,32.75
0.0,35.308825910931176,33.24291497975708,38.59178535606821,84.0960219478738,73.69953051643192,18.785260770975057,0.1272119815668203,136.0293103448276,1.1425579536370902,104.25520833333331,252.93801652892563,82.73687055837563,0.03,0.03,43.1,15.1,2.04,30.8,35.0,88.0,0.72,10.8,2.72,188.0,4.9,11.6,5.5,14.9,441.0,125.95,321.1,1.1,13.1,0.12,17.0,10.0,32.75
0.0,35.308825910931176,33.24291497975708,38.59178535606821,84.0960219478738,73.69953051643192,18.785260770975057,0.1272119815668203,136.0293103448276,1.1425579536370902,104.25520833333331,252.93801652892563,82.73687055837563,0.05,0.18,38.9,12.5,3.11,23.0,32.1,71.6,0.79,9.9,4.17,227.0,5.43,15.6,8.3,25.3,441.0,125.95,321.1,1.56,18.3,0.12,17.0,10.0,25.6
0.0,35.308825910931176,33.24291497975708,38.59178535606821,84.0960219478738,73.69953051643192,18.785260770975057,0.1272119815668203,136.0293103448276,1.1425579536370902,104.25520833333331,252.93801652892563,82.73687055837563,0.06,0.1,44.5,15.8,2.23,30.3,35.5,85.2,0.73,11.6,4.56,186.0,5.22,13.2,7.7,17.3,441.0,475.3,402.76,1.07,12.8,0.12,53.0,10.0,24.6
0.0,35.308825910931176,33.24291497975708,38.59178535606821,84.0960219478738,73.69953051643192,18.785260770975057,0.1272119815668203,136.0293103448276,1.1425579536370902,104.25520833333331,252.93801652892563,82.73687055837563,0.03,0.02,48.2,16.3,1.6,28.6,33.8,84.6,0.69,9.2,4.19,311.0,5.7,12.2,6.5,3.02,348.0,24.9,267.4,1.1,13.1,0.12,10.0,10.0,32.75
0.0,35.308825910931176,33.24291497975708,38.59178535606821,84.0960219478738,73.69953051643192,18.785260770975057,0.1272119815668203,136.0293103448276,1.1425579536370902,104.25520833333331,252.93801652892563,82.73687055837563,0.04,0.12,47.9,17.2,1.46,29.4,35.9,81.7,0.82,9.5,5.89,254.0,5.86,11.9,8.3,3.14,441.0,125.95,321.1,1.1,13.1,0.12,17.0,10.0,32.75
0.0,35.308825910931176,33.24291497975708,38.59178535606821,84.0960219478738,73.69953051643192,18.785260770975057,0.1272119815668203,136.0293103448276,1.1425579536370902,104.25520833333331,252.93801652892563,82.73687055837563,0.03,0.03,49.7,17.2,1.09,28.9,34.6,83.4,0.41,10.5,5.27,268.0,5.96,11.6,6.8,3.02,0.0,125.95,321.1,1.1,13.1,0.12,17.0,10.0,32.75
0.0,35.308825910931176,33.24291497975708,38.59178535606821,84.0960219478738,73.69953051643192,18.785260770975057,0.1272119815668203,136.0293103448276,1.1425579536370902,104.25520833333331,252.93801652892563,82.73687055837563,0.06,0.37,46.8,16.3,2.3,29.1,34.8,83.4,0.81,10.6,5.52,244.0,5.61,13.2,9.1,0.0,441.0,125.95,321.1,1.1,0.12,0.12,0.0,10.0,32.75
0.0,35.308825910931176,33.24291497975708,38.59178535606821,84.0960219478738,73.69953051643192,18.785260770975057,0.1272119815668203,136.0293103448276,1.1425579536370902,104.25520833333331,252.93801652892563,82.73687055837563,0.02,0.04,44.7,16.3,1.99,33.8,36.5,92.7,0.59,10.8,3.36,153.0,4.82,12.4,6.0,0.0,441.0,125.95,321.1,1.1,13.1,0.12,17.0,10.0,32.75
0.0,35.308825910931176,33.24291497975708,38.59178535606821,84.0960219478738,73.69953051643192,18.785260770975057,0.1272119815668203,136.0293103448276,1.1425579536370902,104.25520833333331,252.93801652892563,82.73687055837563,0.02,0.0,37.2,11.9,1.14,23.6,32.0,73.8,0.77,8.9,7.71,536.0,5.04,15.3,9.6,11.8,441.0,125.95,321.1,1.1,13.1,0.12,17.0,10.0,32.75
0.0,35.308825910931176,33.24291497975708,38.59178535606821,84.0960219478738,73.69953051643192,18.785260770975057,0.1272119815668203,136.0293103448276,1.1425579536370902,104.25520833333331,252.93801652892563,82.73687055837563,0.02,0.01,35.5,11.7,1.22,29.3,33.0,89.0,0.5,11.7,6.4,153.0,3.99,12.9,8.2,3.02,364.0,66.1,254.71,1.03,12.3,0.12,17.0,10.0,35.4
0.0,35.308825910931176,33.24291497975708,38.59178535606821,84.0960219478738,73.69953051643192,18.785260770975057,0.1272119815668203,136.0293103448276,1.1425579536370902,104.25520833333331,252.93801652892563,82.73687055837563,0.03,0.22,43.0,14.5,2.2,29.8,33.7,88.3,0.6,10.1,4.02,138.0,4.87,12.8,7.1,32.0,441.0,125.95,321.1,1.1,13.1,0.12,17.0,10.0,32.75
0.0,35.308825910931176,33.24291497975708,38.59178535606821,84.0960219478738,73.69953051643192,18.785260770975057,0.1272119815668203,136.0293103448276,1.1425579536370902,104.25520833333331,252.93801652892563,82.73687055837563,0.08,0.02,42.7,14.0,1.49,26.7,32.8,81.5,0.92,11.2,9.53,434.0,5.24,13.7,12.0,3.02,186.0,24.3,321.1,1.1,13.1,0.12,17.0,10.0,32.75
0.0,35.308825910931176,33.24291497975708,38.59178535606821,84.0960219478738,73.69953051643192,18.785260770975057,0.1272119815668203,136.0293103448276,1.1425579536370902,104.25520833333331,252.93801652892563,82.73687055837563,0.07,0.15,47.0,15.1,1.23,25.0,32.1,77.7,0.55,10.5,6.46,205.0,6.05,13.3,8.5,3.02,441.0,197.5,290.7,1.1,13.1,0.12,2.0,10.0,32.75
0.0,35.308825910931176,33.24291497975708,38.59178535606821,84.0960219478738,73.69953051643192,18.785260770975057,0.1272119815668203,136.0293103448276,1.1425579536370902,104.25520833333331,252.93801652892563,82.73687055837563,0.02,0.03,40.7,13.0,1.2,25.7,31.9,80.6,0.45,9.3,2.78,203.0,5.05,14.6,4.5,6.76,189.0,55.3,321.1,1.1,13.1,0.12,17.0,10.0,32.75
0.0,35.308825910931176,33.24291497975708,38.59178535606821,84.0960219478738,73.69953051643192,18.785260770975057,0.1272119815668203,136.0293103448276,1.1425579536370902,104.25520833333331,252.93801652892563,82.73687055837563,0.01,0.01,39.8,12.9,0.33,31.1,32.4,95.9,0.43,11.4,6.25,234.0,4.15,13.1,7.0,58.1,482.45,125.95,362.26,1.1,13.1,0.12,17.0,10.0,32.75
0.0,35.308825910931176,33.24291497975708,38.59178535606821,84.0960219478738,73.69953051643192,18.785260770975057,0.1272119815668203,136.0293103448276,1.1425579536370902,104.25520833333331,252.93801652892563,82.73687055837563,0.01,0.0,35.1,12.3,0.86,27.4,35.0,78.2,0.32,9.5,4.06,347.0,4.49,13.0,5.3,3.02,521.0,34.7,300.0,1.1,13.1,0.12,3.0,10.0,32.75
0.0,35.308825910931176,33.24291497975708,38.59178535606821,84.0960219478738,73.69953051643192,18.785260770975057,0.1272119815668203,136.0293103448276,1.1425579536370902,104.25520833333331,252.93801652892563,82.73687055837563,0.02,0.1,37.0,12.8,1.83,30.2,34.6,87.3,0.98,8.8,5.04,256.0,4.24,12.5,8.0,3.02,441.0,22.3,321.1,1.1,13.1,0.12,17.0,10.0,32.75
0.0,35.308825910931176,33.24291497975708,38.59178535606821,84.0960219478738,73.69953051643192,18.785260770975057,0.1272119815668203,136.0293103448276,1.1425579536370902,104.25520833333331,252.93801652892563,82.73687055837563,0.01,0.01,39.6,14.0,0.38,27.6,35.4,78.1,0.47,10.8,5.28,170.0,5.07,12.5,6.2,3.14,218.59,125.95,321.1,1.1,13.1,0.12,17.0,10.0,32.75
0.0,35.308825910931176,33.24291497975708,38.59178535606821,84.0960219478738,73.69953051643192,18.785260770975057,0.1272119815668203,136.0293103448276,1.1425579536370902,104.25520833333331,252.93801652892563,82.73687055837563,0.06,0.1,48.6,16.5,2.0,29.4,34.0,86.5,0.93,9.4,4.02,265.0,5.62,13.5,7.1,3.02,441.0,60.3,321.1,1.1,13.1,0.12,18.0,10.0,32.75
0.0,35.308825910931176,33.24291497975708,38.59178535606821,84.0960219478738,73.69953051643192,18.785260770975057,0.1272119815668203,136.0293103448276,1.1425579536370902,104.25520833333331,252.93801652892563,82.73687055837563,0.0,0.0,34.1,12.0,0.93,29.4,35.2,83.6,0.22,11.1,6.21,117.0,4.08,12.0,7.4,70.4,441.0,168.3,321.1,1.1,13.1,0.12,17.0,10.0,32.75
0.0,35.308825910931176,33.24291497975708,38.59178535606821,84.0960219478738,73.69953051643192,18.785260770975057,0.1272119815668203,136.0293103448276,1.1425579536370902,104.25520833333331,252.93801652892563,82.73687055837563,0.03,0.0,29.4,10.7,0.6,29.2,36.4,80.3,0.7,11.6,11.6,221.0,3.66,12.9,12.9,7.85,441.0,281.6,321.1,1.1,13.1,0.12,17.0,10.0,32.75
0.0,35.308825910931176,33.24291497975708,38.59178535606821,84.0960219478738,73.69953051643192,18.785260770975057,0.1272119815668203,136.0293103448276,1.1425579536370902,104.25520833333331,252.93801652892563,82.73687055837563,0.03,0.1,52.8,18.2,2.75,30.1,34.5,87.3,0.76,9.4,4.59,264.0,6.05,13.1,8.2,3.14,336.8,125.95,321.1,1.1,13.1,0.12,17.0,10.0,32.75
0.0,35.308825910931176,33.24291497975708,38.59178535606821,84.0960219478738,73.69953051643192,18.785260770975057,0.1272119815668203,136.0293103448276,1.1425579536370902,104.25520833333331,252.93801652892563,82.73687055837563,0.04,0.21,39.1,13.4,1.68,28.5,34.3,83.0,0.66,9.5,3.1,180.0,4.71,14.6,5.7,31.6,1550.0,276.0,334.82,0.99,11.9,0.12,15.0,10.0,29.6
0.0,35.308825910931176,33.24291497975708,38.59178535606821,84.0960219478738,73.69953051643192,18.785260770975057,0.1272119815668203,136.0293103448276,1.1425579536370902,104.25520833333331,252.93801652892563,82.73687055837563,0.05,0.23,32.6,10.7,1.33,28.4,32.8,86.5,0.76,12.2,7.95,203.0,3.77,15.2,10.3,3.02,241.0,71.1,264.12,1.1,13.1,0.12,2.0,10.0,32.75
0.0,35.308825910931176,33.24291497975708,38.59178535606821,84.0960219478738,73.69953051643192,18.785260770975057,0.1272119815668203,136.0293103448276,1.1425579536370902,104.25520833333331,252.93801652892563,82.73687055837563,0.0,0.01,41.0,13.4,1.46,28.7,32.7,87.8,0.52,11.4,2.12,138.0,4.67,13.1,4.1,105.0,2281.0,466.1,370.35,1.1,13.1,0.12,30.0,10.0,32.75
0.0,35.308825910931176,33.24291497975708,38.59178535606821,84.0960219478738,73.69953051643192,18.785260770975057,0.1272119815668203,136.0293103448276,1.1425579536370902,104.25520833333331,252.93801652892563,82.73687055837563,0.01,0.2,31.1,10.7,0.54,28.0,34.4,81.4,0.35,8.5,7.07,218.0,3.82,13.7,8.2,24.3,441.0,141.5,352.34,0.95,11.4,0.12,17.0,10.0,25.3
0.0,35.308825910931176,33.24291497975708,38.59178535606821,84.0960219478738,73.69953051643192,18.785260770975057,0.1272119815668203,136.0293103448276,1.1425579536370902,104.25520833333331,252.93801652892563,82.73687055837563,0.01,0.01,37.9,12.9,0.53,31.0,34.0,91.1,0.18,10.4,5.53,263.0,4.16,11.7,6.3,3.02,441.0,14.6,219.17,1.1,13.1,0.12,2.0,10.0,32.75
0.0,35.308825910931176,33.24291497975708,38.59178535606821,84.0960219478738,73.69953051643192,18.785260770975057,0.1272119815668203,136.0293103448276,1.1425579536370902,104.25520833333331,252.93801652892563,82.73687055837563,0.02,0.01,41.0,12.9,2.31,27.2,31.5,86.3,0.4,10.1,7.97,298.0,4.75,13.3,10.7,5.42,441.0,125.95,321.1,1.1,13.1,0.12,17.0,10.0,32.75
0.0,35.308825910931176,33.24291497975708,38.59178535606821,84.0960219478738,73.69953051643192,18.785260770975057,0.1272119815668203,136.0293103448276,1.1425579536370902,104.25520833333331,252.93801652892563,82.73687055837563,0.06,0.02,23.1,6.5,1.09,20.4,28.1,72.4,1.49,10.3,10.75,745.0,3.19,19.1,13.4,6.94,441.0,125.95,321.1,1.1,13.1,0.12,17.0,10.0,32.75
0.0,35.308825910931176,33.24291497975708,38.59178535606821,84.0960219478738,73.69953051643192,18.785260770975057,0.1272119815668203,136.0293103448276,1.1425579536370902,104.25520833333331,252.93801652892563,82.73687055837563,0.02,0.0,35.6,12.7,1.33,28.4,35.7,79.6,1.31,10.5,7.27,384.0,4.47,11.5,9.9,12.9,317.0,27.4,346.06,0.92,11.1,0.12,31.0,10.0,28.6
0.0,35.308825910931176,33.24291497975708,38.59178535606821,84.0960219478738,73.69953051643192,18.785260770975057,0.1272119815668203,136.0293103448276,1.1425579536370902,104.25520833333331,252.93801652892563,82.73687055837563,0.02,0.27,38.9,14.1,1.24,29.4,36.2,81.2,0.53,12.9,3.88,180.0,4.79,12.7,5.9,3.02,441.0,125.95,321.1,1.1,13.1,0.12,4.0,10.0,32.75
0.0,35.308825910931176,33.24291497975708,38.59178535606821,84.0960219478738,73.69953051643192,18.785260770975057,0.1272119815668203,136.0293103448276,1.1425579536370902,104.25520833333331,252.93801652892563,82.73687055837563,0.04,0.36,46.1,16.1,1.22,29.1,34.9,83.2,0.94,10.0,8.66,249.0,5.54,14.1,11.2,3.89,835.08,13.6,293.69,1.1,13.1,0.12,8.0,10.0,32.75
0.0,35.308825910931176,33.24291497975708,38.59178535606821,84.0960219478738,73.69953051643192,18.785260770975057,0.1272119815668203,136.0293103448276,1.1425579536370902,104.25520833333331,252.93801652892563,82.73687055837563,0.0,0.01,42.8,14.5,1.14,30.1,33.9,88.8,0.31,10.3,1.44,146.0,4.82,12.3,2.9,6.95,230.0,125.95,321.1,1.1,13.1,0.12,17.0,10.0,32.75
0.0,35.308825910931176,33.24291497975708,38.59178535606821,84.0960219478738,73.69953051643192,18.785260770975057,0.1272119815668203,136.0293103448276,1.1425579536370902,104.25520833333331,252.93801652892563,82.73687055837563,0.02,0.18,37.8,13.1,1.76,29.3,34.7,84.6,0.6,10.3,2.04,223.0,4.47,12.6,4.6,12.9,441.0,125.95,321.1,1.1,13.1,0.12,17.0,10.0,32.75
0.0,35.308825910931176,33.24291497975708,38.59178535606821,84.0960219478738,73.69953051643192,18.785260770975057,0.1272119815668203,136.0293103448276,1.1425579536370902,104.25520833333331,252.93801652892563,82.73687055837563,0.01,0.02,42.6,15.1,2.11,30.1,35.4,85.0,0.35,10.6,3.24,228.0,5.01,11.9,5.7,3.14,386.55,26.6,362.78,1.1,13.1,0.12,17.0,10.0,31.2
0.0,35.308825910931176,33.24291497975708,38.59178535606821,84.0960219478738,73.69953051643192,18.785260770975057,0.1272119815668203,136.0293103448276,1.1425579536370902,104.25520833333331,252.93801652892563,82.73687055837563,0.02,0.07,43.3,15.2,2.25,30.2,35.1,85.9,0.33,10.0,2.93,285.0,5.04,11.9,5.6,7.97,2450.02,0.0,333.51,1.1,13.1,22.0,18.0,10.0,32.75
0.0,35.308825910931176,33.24291497975708,38.59178535606821,84.0960219478738,73.69953051643192,18.785260770975057,0.1272119815668203,136.0293103448276,1.1425579536370902,104.25520833333331,252.93801652892563,82.73687055837563,0.03,0.16,44.3,15.8,2.07,30.4,35.7,85.4,0.62,11.9,4.78,175.0,5.19,12.2,7.7,39.8,441.0,125.95,321.1,1.19,14.1,16.0,71.0,10.0,35.1
0.0,35.308825910931176,33.24291497975708,38.59178535606821,84.0960219478738,73.69953051643192,18.785260770975057,0.1272119815668203,136.0293103448276,1.1425579536370902,104.25520833333331,252.93801652892563,82.73687055837563,0.09,0.41,46.2,15.7,2.39,29.6,34.0,87.2,0.67,9.7,3.45,225.0,5.3,13.2,7.0,17.3,441.0,125.95,321.1,1.1,13.1,0.12,17.0,10.0,32.75
0.0,35.308825910931176,33.24291497975708,38.59178535606821,84.0960219478738,73.69953051643192,18.785260770975057,0.1272119815668203,136.0293103448276,1.1425579536370902,104.25520833333331,252.93801652892563,82.73687055837563,0.07,0.01,43.8,15.3,0.77,30.0,34.9,85.9,0.11,10.3,7.63,240.0,5.1,12.5,8.6,3.02,204.0,125.95,338.47,1.12,13.4,0.12,17.0,10.0,33.5
0.0,35.308825910931176,33.24291497975708,38.59178535606821,84.0960219478738,73.69953051643192,18.785260770975057,0.1272119815668203,136.0293103448276,1.1425579536370902,104.25520833333331,252.93801652892563,82.73687055837563,0.01,0.0,34.9,11.4,1.25,27.2,32.7,83.3,0.27,9.2,3.61,357.0,4.19,14.4,5.1,5.48,441.0,849.9,321.1,1.1,13.1,0.12,25.0,10.0,32.75
0.0,35.308825910931176,33.24291497975708,38.59178535606821,84.0960219478738,73.69953051643192,18.785260770975057,0.1272119815668203,136.0293103448276,1.1425579536370902,104.25520833333331,252.93801652892563,82.73687055837563,0.01,0.02,39.6,13.3,2.64,29.0,33.6,86.3,0.31,10.9,3.07,154.0,4.59,12.8,6.1,156.0,441.0,178.4,382.13,1.1,13.1,18.0,11.0,0.0,32.75
0.0,35.308825910931176,33.24291497975708,38.59178535606821,84.0960219478738,73.69953051643192,18.785260770975057,0.1272119815668203,136.0293103448276,1.1425579536370902,104.25520833333331,252.93801652892563,82.73687055837563,0.03,0.09,47.2,14.9,3.33,30.7,31.6,97.1,0.59,10.2,2.13,237.0,4.86,12.8,6.2,0.0,441.0,125.95,321.1,1.1,13.1,0.12,17.0,10.0,32.75
0.0,35.308825910931176,33.24291497975708,38.59178535606821,84.0960219478738,73.69953051643192,18.785260770975057,0.1272119815668203,136.0293103448276,1.1425579536370902,104.25520833333331,252.93801652892563,82.73687055837563,0.05,0.19,39.9,13.1,2.22,28.7,32.8,87.3,0.94,9.7,5.75,284.0,4.57,14.1,9.2,168.0,441.0,726.1,321.1,1.1,13.1,10.0,67.0,10.0,32.75
0.0,35.308825910931176,33.24291497975708,38.59178535606821,84.0960219478738,73.69953051643192,18.785260770975057,0.1272119815668203,136.0293103448276,1.1425579536370902,104.25520833333331,252.93801652892563,82.73687055837563,0.04,0.31,35.0,12.7,2.17,33.7,36.3,92.8,0.65,11.3,2.75,318.0,3.77,12.3,5.9,135.0,1114.22,303.7,470.04,1.16,13.8,0.12,17.0,74.0,29.2
0.0,35.308825910931176,33.24291497975708,38.59178535606821,84.0960219478738,73.69953051643192,18.785260770975057,0.1272119815668203,136.0293103448276,1.1425579536370902,104.25520833333331,252.93801652892563,82.73687055837563,0.0,0.02,35.5,11.7,0.7,25.4,33.0,77.0,0.37,10.7,6.58,335.0,4.61,15.5,7.7,10.8,441.0,125.95,321.1,1.1,13.1,0.12,17.0,10.0,32.75
0.0,35.308825910931176,33.24291497975708,38.59178535606821,84.0960219478738,73.69953051643192,18.785260770975057,0.1272119815668203,136.0293103448276,1.1425579536370902,104.25520833333331,252.93801652892563,82.73687055837563,0.01,0.0,40.1,13.5,0.73,27.1,33.7,80.5,0.42,10.4,9.66,248.0,4.98,13.5,10.8,22.3,977.0,19.8,331.26,0.97,11.7,0.12,45.0,10.0,31.7
0.0,35.308825910931176,33.24291497975708,38.59178535606821,84.0960219478738,73.69953051643192,18.785260770975057,0.1272119815668203,136.0293103448276,1.1425579536370902,104.25520833333331,252.93801652892563,82.73687055837563,0.07,0.0,42.1,14.7,1.13,29.5,34.9,84.5,0.96,10.2,11.4,487.0,4.98,12.2,13.6,3.02,441.0,100.1,270.76,1.1,13.1,0.12,2.0,10.0,32.75
0.0,35.308825910931176,33.24291497975708,38.59178535606821,84.0960219478738,73.69953051643192,18.785260770975057,0.1272119815668203,136.0293103448276,1.1425579536370902,104.25520833333331,252.93801652892563,82.73687055837563,0.04,0.08,48.2,15.5,1.85,28.8,32.2,89.4,0.54,10.7,3.99,211.0,5.39,13.1,6.5,5.44,441.0,528.5,292.18,1.02,12.2,0.12,34.0,10.0,33.8
0.0,35.308825910931176,33.24291497975708,38.59178535606821,84.0960219478738,73.69953051643192,18.785260770975057,0.1272119815668203,136.0293103448276,1.1425579536370902,104.25520833333331,252.93801652892563,82.73687055837563,0.01,0.01,43.1,14.4,1.43,28.7,33.4,86.0,0.67,9.9,2.67,146.0,5.01,12.4,4.8,106.0,441.0,738.4,298.38,1.1,13.1,24.0,19.0,10.0,32.75
0.0,35.308825910931176,33.24291497975708,38.59178535606821,84.0960219478738,73.69953051643192,18.785260770975057,0.1272119815668203,136.0293103448276,1.1425579536370902,104.25520833333331,252.93801652892563,82.73687055837563,0.08,0.09,47.1,16.8,2.74,31.1,35.7,87.1,0.86,9.3,7.17,261.0,5.41,11.4,10.9,39.2,441.0,724.5,321.1,1.1,13.1,14.0,17.0,10.0,32.75
0.0,35.308825910931176,33.24291497975708,38.59178535606821,84.0960219478738,73.69953051643192,18.785260770975057,0.1272119815668203,136.0293103448276,1.1425579536370902,104.25520833333331,252.93801652892563,82.73687055837563,0.01,0.0,42.8,14.7,0.98,28.2,34.3,82.0,0.72,11.1,8.76,189.0,5.22,14.5,10.5,13.0,441.0,125.95,321.1,1.1,13.1,0.12,17.0,10.0,32.75
0.0,35.308825910931176,33.24291497975708,38.59178535606821,84.0960219478738,73.69953051643192,18.785260770975057,0.1272119815668203,136.0293103448276,1.1425579536370902,104.25520833333331,252.93801652892563,82.73687055837563,0.05,0.11,44.1,15.9,1.63,29.3,36.1,81.4,0.43,10.4,2.89,291.0,5.42,12.2,5.1,9.51,441.0,125.95,321.1,1.1,13.1,0.12,17.0,10.0,32.75
0.0,35.308825910931176,33.24291497975708,38.59178535606821,84.0960219478738,73.69953051643192,18.785260770975057,0.1272119815668203,136.0293103448276,1.1425579536370902,104.25520833333331,252.93801652892563,82.73687055837563,0.03,0.03,32.4,10.7,1.76,22.3,33.0,67.6,0.55,11.0,8.22,502.0,4.79,19.2,10.6,7.15,441.0,545.2,493.64,1.1,13.1,0.12,13.0,10.0,32.75
0.0,35.308825910931176,33.24291497975708,38.59178535606821,84.0960219478738,73.69953051643192,18.785260770975057,0.1272119815668203,136.0293103448276,1.1425579536370902,104.25520833333331,252.93801652892563,82.73687055837563,0.04,0.07,39.6,12.8,1.07,27.9,32.3,86.3,0.38,9.4,4.2,232.0,4.59,14.1,5.8,5.83,678.0,127.7,321.1,1.1,13.1,0.12,17.0,10.0,32.75
0.0,35.308825910931176,33.24291497975708,38.59178535606821,84.0960219478738,73.69953051643192,18.785260770975057,0.1272119815668203,136.0293103448276,1.1425579536370902,104.25520833333331,252.93801652892563,82.73687055837563,0.02,0.06,41.9,13.7,1.44,26.6,32.7,81.2,0.36,10.0,3.6,291.0,5.16,14.1,5.5,3.02,441.0,125.95,321.1,1.1,13.1,0.12,16.0,10.0,32.75
0.0,35.308825910931176,33.24291497975708,38.59178535606821,84.0960219478738,73.69953051643192,18.785260770975057,0.1272119815668203,136.0293103448276,1.1425579536370902,104.25520833333331,252.93801652892563,82.73687055837563,0.05,0.09,39.4,12.9,2.24,30.0,32.7,91.6,0.37,11.1,4.37,238.0,4.3,11.9,7.1,3.02,246.16,67.0,352.46,1.1,13.1,0.12,7.0,10.0,32.75
0.0,35.308825910931176,33.24291497975708,38.59178535606821,84.0960219478738,73.69953051643192,18.785260770975057,0.1272119815668203,136.0293103448276,1.1425579536370902,104.25520833333331,252.93801652892563,82.73687055837563,0.0,0.03,32.2,11.1,1.55,27.3,34.5,79.3,0.27,11.0,3.86,183.0,4.06,15.4,5.7,4.77,1280.0,215.7,321.1,1.1,13.1,0.12,51.0,10.0,32.75
0.0,35.308825910931176,33.24291497975708,38.59178535606821,84.0960219478738,73.69953051643192,18.785260770975057,0.1272119815668203,136.0293103448276,1.1425579536370902,104.25520833333331,252.93801652892563,82.73687055837563,0.01,0.01,40.1,13.9,1.35,28.5,34.7,82.3,0.47,10.3,1.85,211.0,4.87,12.6,3.7,5.01,395.23,166.9,287.8,1.1,13.1,0.12,14.0,10.0,32.75
0.0,35.308825910931176,33.24291497975708,38.59178535606821,84.0960219478738,73.69953051643192,18.785260770975057,0.1272119815668203,136.0293103448276,1.1425579536370902,104.25520833333331,252.93801652892563,82.73687055837563,0.01,0.0,40.8,14.0,1.17,29.3,34.3,85.4,0.28,9.7,1.54,203.0,4.78,12.0,3.0,3.14,877.15,37.9,286.39,1.1,13.1,0.12,11.0,10.0,32.75
0.0,35.308825910931176,33.24291497975708,38.59178535606821,84.0960219478738,73.69953051643192,18.785260770975057,0.1272119815668203,136.0293103448276,1.1425579536370902,104.25520833333331,252.93801652892563,82.73687055837563,0.04,0.11,40.7,13.9,1.53,29.5,34.2,86.4,0.6,13.7,5.69,142.0,4.71,12.9,8.0,3.14,24.47,125.95,321.1,1.1,13.1,0.12,17.0,10.0,32.75
0.0,35.308825910931176,33.24291497975708,38.59178535606821,84.0960219478738,73.69953051643192,18.785260770975057,0.1272119815668203,136.0293103448276,1.1425579536370902,104.25520833333331,252.93801652892563,82.73687055837563,0.03,0.17,30.9,10.7,1.91,30.4,34.6,87.8,0.46,11.9,3.25,195.0,3.52,13.1,5.8,26.1,2339.39,187.3,290.7,0.94,11.3,15.0,17.0,10.0,32.75
0.0,35.308825910931176,33.24291497975708,38.59178535606821,84.0960219478738,73.69953051643192,18.785260770975057,0.1272119815668203,136.0293103448276,1.1425579536370902,104.25520833333331,252.93801652892563,82.73687055837563,0.01,0.0,38.3,12.1,1.38,23.7,31.6,75.1,0.55,11.4,5.67,277.0,5.1,13.9,7.6,3.9,441.0,102.2,321.1,1.1,13.1,0.12,2.0,10.0,32.75
0.0,35.308825910931176,33.24291497975708,38.59178535606821,84.0960219478738,73.69953051643192,18.785260770975057,0.1272119815668203,136.0293103448276,1.1425579536370902,104.25520833333331,252.93801652892563,82.73687055837563,0.01,0.01,31.0,10.4,0.98,27.4,33.5,81.6,0.51,10.4,9.28,312.0,3.8,13.7,10.8,3.02,146.0,12.3,472.56,1.09,13.0,0.12,8.0,10.0,38.2
0.0,35.308825910931176,33.24291497975708,38.59178535606821,84.0960219478738,73.69953051643192,18.785260770975057,0.1272119815668203,136.0293103448276,1.1425579536370902,104.25520833333331,252.93801652892563,82.73687055837563,0.03,0.01,45.6,15.7,1.91,27.2,34.4,78.9,1.41,9.1,3.52,169.0,5.78,13.5,6.9,3.02,441.0,125.95,321.1,1.1,13.1,0.12,17.0,10.0,32.75
0.0,35.308825910931176,33.24291497975708,38.59178535606821,84.0960219478738,73.69953051643192,18.785260770975057,0.1272119815668203,136.0293103448276,1.1425579536370902,104.25520833333331,252.93801652892563,82.73687055837563,0.01,0.07,39.0,13.9,1.32,27.9,35.6,78.2,0.32,10.0,2.07,126.0,4.99,12.8,3.8,3.02,441.0,125.95,321.1,1.1,13.1,0.12,17.0,10.0,32.75
0.0,35.308825910931176,33.24291497975708,38.59178535606821,84.0960219478738,73.69953051643192,18.785260770975057,0.1272119815668203,136.0293103448276,1.1425579536370902,104.25520833333331,252.93801652892563,82.73687055837563,0.02,0.0,45.6,15.0,1.43,26.1,32.9,79.3,0.37,10.9,7.13,207.0,5.75,14.3,9.0,3.89,441.0,155.4,321.1,1.1,13.1,0.12,35.0,10.0,32.75
0.0,35.308825910931176,33.24291497975708,38.59178535606821,84.0960219478738,73.69953051643192,18.785260770975057,0.1272119815668203,136.0293103448276,1.1425579536370902,104.25520833333331,252.93801652892563,82.73687055837563,0.01,0.01,40.7,13.7,0.77,29.4,33.7,87.3,0.5,10.0,2.63,195.0,4.66,14.0,3.9,18.2,441.0,657.9,466.15,1.1,13.1,0.0,17.0,10.0,32.75
0.0,35.308825910931176,33.24291497975708,38.59178535606821,84.0960219478738,73.69953051643192,18.785260770975057,0.1272119815668203,136.0293103448276,1.1425579536370902,104.25520833333331,252.93801652892563,82.73687055837563,0.0,0.15,34.0,11.7,0.58,33.1,34.4,96.3,0.67,9.9,4.13,284.0,3.53,13.3,5.5,0.0,4.0,10.0,28.6,1.1,13.1,0.12,17.0,10.0,32.75
0.0,35.308825910931176,33.24291497975708,38.59178535606821,84.0960219478738,73.69953051643192,18.785260770975057,0.1272119815668203,136.0293103448276,1.1425579536370902,104.25520833333331,252.93801652892563,82.73687055837563,0.01,0.02,35.4,11.9,0.97,31.8,33.6,94.7,0.49,11.7,8.86,271.0,3.74,12.8,10.4,5.59,441.0,422.8,321.1,1.1,13.1,0.12,17.0,10.0,32.75
0.0,35.308825910931176,33.24291497975708,38.59178535606821,84.0960219478738,73.69953051643192,18.785260770975057,0.1272119815668203,136.0293103448276,1.1425579536370902,104.25520833333331,252.93801652892563,82.73687055837563,0.04,0.15,44.1,14.3,2.26,28.3,32.4,87.2,0.57,14.0,4.09,113.0,5.06,11.8,7.1,3.02,441.0,93.8,321.1,1.1,13.1,0.12,17.0,10.0,32.75
0.0,35.308825910931176,33.24291497975708,38.59178535606821,84.0960219478738,73.69953051643192,18.785260770975057,0.1272119815668203,136.0293103448276,1.1425579536370902,104.25520833333331,252.93801652892563,82.73687055837563,0.05,0.1,43.4,15.6,1.93,29.6,35.9,82.4,0.69,10.9,2.94,283.0,5.27,14.2,5.7,3.02,441.0,60.0,199.81,1.26,14.9,0.12,2.0,10.0,41.8
0.0,35.308825910931176,33.24291497975708,38.59178535606821,84.0960219478738,73.69953051643192,18.785260770975057,0.1272119815668203,136.0293103448276,1.1425579536370902,104.25520833333331,252.93801652892563,82.73687055837563,0.0,0.03,30.6,9.0,1.52,20.7,29.4,70.5,0.53,9.2,3.3,264.0,4.34,18.8,5.4,83.9,592.0,738.4,350.0,1.13,13.5,0.12,28.0,10.0,36.5
0.0,35.308825910931176,33.24291497975708,38.59178535606821,84.0960219478738,73.69953051643192,18.785260770975057,0.1272119815668203,136.0293103448276,1.1425579536370902,104.25520833333331,252.93801652892563,82.73687055837563,0.03,0.07,44.2,14.9,1.27,27.4,33.7,81.3,0.5,11.6,3.07,153.0,5.44,12.6,4.9,39.2,441.0,125.95,321.1,1.1,13.1,0.12,17.0,10.0,32.75
0.0,35.308825910931176,33.24291497975708,38.59178535606821,84.0960219478738,73.69953051643192,18.785260770975057,0.1272119815668203,136.0293103448276,1.1425579536370902,104.25520833333331,252.93801652892563,82.73687055837563,0.03,0.21,44.7,15.8,2.07,29.2,35.3,82.6,0.84,9.5,5.91,202.0,5.41,13.2,9.1,3.02,441.0,189.6,432.72,1.1,13.1,0.12,2.0,10.0,32.75
0.0,35.308825910931176,33.24291497975708,38.59178535606821,84.0960219478738,73.69953051643192,18.785260770975057,0.1272119815668203,136.0293103448276,1.1425579536370902,104.25520833333331,252.93801652892563,82.73687055837563,0.02,0.0,36.4,13.1,0.35,29.0,36.0,80.7,0.37,10.8,3.73,124.0,4.51,12.4,4.5,5.96,441.0,125.95,321.1,1.1,13.1,0.12,17.0,10.0,32.75
0.0,35.308825910931176,33.24291497975708,38.59178535606821,84.0960219478738,73.69953051643192,18.785260770975057,0.1272119815668203,136.0293103448276,1.1425579536370902,104.25520833333331,252.93801652892563,82.73687055837563,0.02,0.09,30.7,10.2,0.84,28.3,33.2,85.0,0.51,12.3,4.1,157.0,3.61,13.9,5.6,3.02,362.0,33.8,264.12,1.1,13.1,0.12,2.0,10.0,32.75
0.0,35.308825910931176,33.24291497975708,38.59178535606821,84.0960219478738,73.69953051643192,18.785260770975057,0.1272119815668203,136.0293103448276,1.1425579536370902,104.25520833333331,252.93801652892563,82.73687055837563,0.01,0.0,39.3,12.9,1.45,29.6,32.8,90.1,0.42,10.7,4.23,174.0,4.36,12.9,6.1,187.0,441.0,125.95,448.44,1.06,12.7,22.0,35.0,10.0,31.2
0.0,35.308825910931176,33.24291497975708,38.59178535606821,84.0960219478738,73.69953051643192,18.785260770975057,0.1272119815668203,136.0293103448276,1.1425579536370902,104.25520833333331,252.93801652892563,82.73687055837563,0.03,0.0,45.2,15.5,0.55,27.3,34.3,79.7,0.47,9.8,8.06,207.0,5.67,14.1,9.1,6.76,441.0,125.95,373.18,1.1,13.1,0.12,74.0,10.0,36.3
0.0,35.308825910931176,33.24291497975708,38.59178535606821,84.0960219478738,73.69953051643192,18.785260770975057,0.1272119815668203,136.0293103448276,1.1425579536370902,104.25520833333331,252.93801652892563,82.73687055837563,0.02,0.01,44.7,15.5,1.45,29.8,34.7,86.0,0.6,9.8,3.61,195.0,5.2,12.3,5.7,6.76,441.0,125.95,321.1,1.21,14.4,0.12,17.0,10.0,29.1
0.0,35.308825910931176,33.24291497975708,38.59178535606821,84.0960219478738,73.69953051643192,18.785260770975057,0.1272119815668203,136.0293103448276,1.1425579536370902,104.25520833333331,252.93801652892563,82.73687055837563,0.04,0.0,46.2,16.3,0.93,28.0,35.3,79.4,0.66,10.3,12.09,414.0,5.82,12.2,13.7,31.0,1180.0,470.0,346.06,1.1,13.1,0.12,17.0,10.0,32.75
0.0,35.308825910931176,33.24291497975708,38.59178535606821,84.0960219478738,73.69953051643192,18.785260770975057,0.1272119815668203,136.0293103448276,1.1425579536370902,104.25520833333331,252.93801652892563,82.73687055837563,0.01,0.0,46.4,15.4,0.95,28.1,33.2,84.5,0.49,10.9,2.83,171.0,5.49,13.4,4.3,3.02,170.0,130.1,281.31,1.1,13.1,0.12,3.0,10.0,32.75
0.0,35.308825910931176,33.24291497975708,38.59178535606821,84.0960219478738,73.69953051643192,18.785260770975057,0.1272119815668203,136.0293103448276,1.1425579536370902,104.25520833333331,252.93801652892563,82.73687055837563,0.08,0.02,40.1,13.8,3.62,28.8,34.4,83.7,1.09,10.2,3.14,173.0,4.79,13.2,8.0,3.59,230.74,53.6,343.2,1.1,13.1,0.12,3.0,10.0,32.75
0.0,35.308825910931176,33.24291497975708,38.59178535606821,84.0960219478738,73.69953051643192,18.785260770975057,0.1272119815668203,136.0293103448276,1.1425579536370902,104.25520833333331,252.93801652892563,82.73687055837563,0.02,0.0,41.7,14.6,0.94,28.0,35.0,79.9,0.66,12.1,6.57,103.0,5.22,14.1,8.2,3.02,441.0,132.6,354.74,1.1,13.1,0.12,2.0,10.0,32.75
0.0,35.308825910931176,33.24291497975708,38.59178535606821,84.0960219478738,73.69953051643192,18.785260770975057,0.1272119815668203,136.0293103448276,1.1425579536370902,104.25520833333331,252.93801652892563,82.73687055837563,0.04,0.11,44.9,14.2,2.49,25.4,31.6,80.5,0.32,9.2,2.05,304.0,5.58,14.0,5.0,40.7,835.08,1650.0,350.0,1.16,13.8,0.12,64.0,10.0,23.7
0.0,35.308825910931176,33.24291497975708,38.59178535606821,84.0960219478738,73.69953051643192,18.785260770975057,0.1272119815668203,136.0293103448276,1.1425579536370902,104.25520833333331,252.93801652892563,82.73687055837563,0.02,0.07,40.3,13.0,1.68,25.0,32.3,77.5,0.78,10.3,5.5,415.0,5.2,14.6,8.1,3.02,137.0,67.0,237.64,1.1,13.1,0.12,3.0,10.0,32.75
0.0,35.308825910931176,33.24291497975708,38.59178535606821,84.0960219478738,73.69953051643192,18.785260770975057,0.1272119815668203,136.0293103448276,1.1425579536370902,104.25520833333331,252.93801652892563,82.73687055837563,0.02,0.1,45.7,14.8,0.62,31.0,32.4,95.6,0.68,10.6,3.87,204.0,4.78,12.4,5.3,5.51,441.0,515.0,298.38,1.17,13.9,0.12,17.0,10.0,40.7
0.0,35.308825910931176,33.24291497975708,38.59178535606821,84.0960219478738,73.69953051643192,18.785260770975057,0.1272119815668203,136.0293103448276,1.1425579536370902,104.25520833333331,252.93801652892563,82.73687055837563,0.02,0.0,35.6,12.2,0.79,27.5,34.3,80.2,0.55,9.6,8.87,442.0,4.44,12.3,10.2,4.58,328.17,154.3,321.1,1.1,13.1,0.12,17.0,10.0,32.75
0.0,35.308825910931176,33.24291497975708,38.59178535606821,84.0960219478738,73.69953051643192,18.785260770975057,0.1272119815668203,136.0293103448276,1.1425579536370902,104.25520833333331,252.93801652892563,82.73687055837563,0.02,0.05,36.9,12.8,1.96,28.1,34.7,81.1,0.58,9.8,2.5,274.0,4.55,12.1,5.1,12.6,441.0,125.95,321.1,1.1,13.1,0.12,17.0,10.0,32.75
0.0,35.308825910931176,33.24291497975708,38.59178535606821,84.0960219478738,73.69953051643192,18.785260770975057,0.1272119815668203,136.0293103448276,1.1425579536370902,104.25520833333331,252.93801652892563,82.73687055837563,0.04,0.04,37.2,12.0,2.19,28.6,32.3,88.8,0.7,11.0,3.48,269.0,4.19,13.2,6.5,43.1,441.0,291.4,362.26,1.1,13.1,15.0,25.0,10.0,32.75
0.0,35.308825910931176,33.24291497975708,38.59178535606821,84.0960219478738,73.69953051643192,18.785260770975057,0.1272119815668203,136.0293103448276,1.1425579536370902,104.25520833333331,252.93801652892563,82.73687055837563,0.01,0.11,36.9,12.0,0.97,27.4,32.5,84.2,0.61,9.4,3.2,232.0,4.38,12.8,4.9,3.02,441.0,125.95,321.1,1.1,13.1,0.12,17.0,10.0,32.75
0.0,35.308825910931176,33.24291497975708,38.59178535606821,84.0960219478738,73.69953051643192,18.785260770975057,0.1272119815668203,136.0293103448276,1.1425579536370902,104.25520833333331,252.93801652892563,82.73687055837563,0.04,0.0,41.9,13.2,1.07,26.8,31.5,85.0,0.55,10.9,7.71,323.0,4.93,13.2,9.4,6.76,441.0,125.95,321.1,1.1,13.1,0.12,17.0,120.0,32.75
0.0,35.308825910931176,33.24291497975708,38.59178535606821,84.0960219478738,73.69953051643192,18.785260770975057,0.1272119815668203,136.0293103448276,1.1425579536370902,104.25520833333331,252.93801652892563,82.73687055837563,0.04,0.11,47.3,15.9,1.93,27.3,33.6,81.3,0.34,10.5,3.5,207.0,5.82,13.2,5.9,3.02,260.0,205.1,321.1,1.1,13.1,0.12,17.0,10.0,32.75
0.0,35.308825910931176,33.24291497975708,38.59178535606821,84.0960219478738,73.69953051643192,18.785260770975057,0.1272119815668203,136.0293103448276,1.1425579536370902,104.25520833333331,252.93801652892563,82.73687055837563,0.05,0.25,40.5,13.2,2.15,25.5,32.6,78.2,0.26,9.7,2.7,226.0,5.18,13.7,5.4,6.55,441.0,125.95,321.1,1.1,13.1,0.12,17.0,10.0,32.75
0.0,35.308825910931176,33.24291497975708,38.59178535606821,84.0960219478738,73.69953051643192,18.785260770975057,0.1272119815668203,136.0293103448276,1.1425579536370902,104.25520833333331,252.93801652892563,82.73687055837563,0.01,0.07,38.9,13.4,1.27,29.8,34.4,86.6,0.56,10.5,1.72,207.0,4.49,12.9,3.6,3.85,291.55,171.9,346.06,1.01,12.1,0.12,17.0,10.0,29.4
0.0,35.308825910931176,33.24291497975708,38.59178535606821,84.0960219478738,73.69953051643192,18.785260770975057,0.1272119815668203,136.0293103448276,1.1425579536370902,104.25520833333331,252.93801652892563,82.73687055837563,0.03,0.12,34.5,11.6,1.71,26.7,33.6,79.3,0.55,10.2,3.79,406.0,4.35,13.3,6.2,7.19,441.0,125.95,257.78,1.13,13.5,0.12,52.0,10.0,31.8
0.0,35.308825910931176,33.24291497975708,38.59178535606821,84.0960219478738,73.69953051643192,18.785260770975057,0.1272119815668203,136.0293103448276,1.1425579536370902,104.25520833333331,252.93801652892563,82.73687055837563,0.01,0.0,40.5,12.4,0.76,24.0,30.6,78.5,0.31,10.3,4.62,403.0,5.16,15.9,5.7,42.7,441.0,125.95,321.1,1.1,13.1,0.12,17.0,10.0,32.75
0.0,35.308825910931176,33.24291497975708,38.59178535606821,84.0960219478738,73.69953051643192,18.785260770975057,0.1272119815668203,136.0293103448276,1.1425579536370902,104.25520833333331,252.93801652892563,82.73687055837563,0.01,0.05,44.1,15.5,2.0,27.7,35.1,78.9,0.57,8.9,2.59,181.0,5.59,13.7,5.2,11.8,441.0,185.1,334.82,1.1,13.1,0.12,48.0,10.0,32.75
0.0,35.308825910931176,33.24291497975708,38.59178535606821,84.0960219478738,73.69953051643192,18.785260770975057,0.1272119815668203,136.0293103448276,1.1425579536370902,104.25520833333331,252.93801652892563,82.73687055837563,0.03,0.12,37.1,13.0,2.46,28.6,35.0,81.7,0.55,9.3,3.92,248.0,4.54,13.4,7.1,17.8,441.0,125.95,321.1,1.1,13.1,0.12,17.0,10.0,32.75
0.0,35.308825910931176,33.24291497975708,38.59178535606821,84.0960219478738,73.69953051643192,18.785260770975057,0.1272119815668203,136.0293103448276,1.1425579536370902,104.25520833333331,252.93801652892563,82.73687055837563,0.01,0.0,24.7,8.5,0.57,29.5,34.4,85.8,0.45,10.4,9.53,276.0,2.88,12.1,10.6,3.02,441.0,34.9,414.24,1.15,13.7,0.12,3.0,10.0,33.6
0.0,35.308825910931176,33.24291497975708,38.59178535606821,84.0960219478738,73.69953051643192,18.785260770975057,0.1272119815668203,136.0293103448276,1.1425579536370902,104.25520833333331,252.93801652892563,82.73687055837563,0.03,0.32,47.2,15.4,3.69,28.1,32.6,86.0,0.55,10.7,5.54,234.0,5.49,13.2,10.1,3.14,619.33,38.7,389.24,1.18,14.0,0.12,17.0,10.0,32.2
0.0,35.308825910931176,33.24291497975708,38.59178535606821,84.0960219478738,73.69953051643192,18.785260770975057,0.1272119815668203,136.0293103448276,1.1425579536370902,104.25520833333331,252.93801652892563,82.73687055837563,0.02,0.02,41.0,13.5,1.7,26.4,32.9,80.2,0.83,11.3,6.04,187.0,5.11,14.7,8.6,112.0,441.0,897.1,205.26,1.1,13.1,0.12,120.0,18.0,32.75
0.0,35.308825910931176,33.24291497975708,38.59178535606821,84.0960219478738,73.69953051643192,18.785260770975057,0.1272119815668203,136.0293103448276,1.1425579536370902,104.25520833333331,252.93801652892563,82.73687055837563,0.09,0.49,41.4,13.5,1.79,27.9,32.6,85.5,0.46,11.2,3.2,219.0,4.84,13.0,6.0,3.14,726.13,273.0,373.93,1.1,13.1,0.12,15.0,10.0,32.75
0.0,35.308825910931176,33.24291497975708,38.59178535606821,84.0960219478738,73.69953051643192,18.785260770975057,0.1272119815668203,136.0293103448276,1.1425579536370902,104.25520833333331,252.93801652892563,82.73687055837563,0.04,0.1,39.3,13.0,2.03,28.4,33.1,86.0,0.45,9.0,1.66,260.0,4.57,12.7,4.3,28.1,441.0,350.1,302.81,1.13,13.5,13.0,17.0,10.0,32.5
0.0,35.308825910931176,33.24291497975708,38.59178535606821,84.0960219478738,73.69953051643192,18.785260770975057,0.1272119815668203,136.0293103448276,1.1425579536370902,104.25520833333331,252.93801652892563,82.73687055837563,0.03,0.12,41.3,14.1,2.72,28.5,34.1,83.4,0.43,10.4,2.7,215.0,4.95,13.2,6.0,18.1,441.0,115.6,324.41,1.1,13.1,0.12,38.0,10.0,32.75
0.0,35.308825910931176,33.24291497975708,38.59178535606821,84.0960219478738,73.69953051643192,18.785260770975057,0.1272119815668203,136.0293103448276,1.1425579536370902,104.25520833333331,252.93801652892563,82.73687055837563,0.02,0.04,44.4,15.8,2.28,29.4,35.6,82.7,0.47,9.2,2.17,219.0,5.37,11.6,5.0,6.76,4770.0,125.95,141.28,1.12,13.4,0.12,17.0,10.0,35.2
0.0,35.308825910931176,33.24291497975708,38.59178535606821,84.0960219478738,73.69953051643192,18.785260770975057,0.1272119815668203,136.0293103448276,1.1425579536370902,104.25520833333331,252.93801652892563,82.73687055837563,0.03,0.0,36.3,12.8,0.72,27.8,35.3,78.7,0.57,9.9,10.73,340.0,4.61,12.9,12.1,3.02,441.0,16.0,321.1,1.1,13.1,0.12,11.0,10.0,32.75
0.0,35.308825910931176,33.24291497975708,38.59178535606821,84.0960219478738,73.69953051643192,18.785260770975057,0.1272119815668203,136.0293103448276,1.1425579536370902,104.25520833333331,252.93801652892563,82.73687055837563,0.09,0.25,47.0,15.4,2.68,31.0,32.8,94.8,0.53,11.5,6.62,164.0,4.96,12.6,10.2,3.02,441.0,125.95,321.1,1.1,13.1,0.12,17.0,10.0,32.75
0.0,35.308825910931176,33.24291497975708,38.59178535606821,84.0960219478738,73.69953051643192,18.785260770975057,0.1272119815668203,136.0293103448276,1.1425579536370902,104.25520833333331,252.93801652892563,82.73687055837563,0.02,0.03,38.4,11.8,1.72,25.8,30.7,83.8,0.34,10.6,4.57,184.0,4.58,14.7,6.7,3.02,441.0,125.95,321.1,1.1,13.1,0.12,17.0,10.0,32.75
0.0,35.308825910931176,33.24291497975708,38.59178535606821,84.0960219478738,73.69953051643192,18.785260770975057,0.1272119815668203,136.0293103448276,1.1425579536370902,104.25520833333331,252.93801652892563,82.73687055837563,0.01,0.0,39.8,14.0,0.41,30.4,35.2,86.5,0.05,9.7,6.72,296.0,4.6,13.0,7.2,12.1,377.88,125.95,321.1,1.1,13.1,0.12,17.0,10.0,32.75
0.0,35.308825910931176,33.24291497975708,38.59178535606821,84.0960219478738,73.69953051643192,18.785260770975057,0.1272119815668203,136.0293103448276,1.1425579536370902,104.25520833333331,252.93801652892563,82.73687055837563,0.04,0.01,37.7,13.4,0.47,27.5,35.5,77.3,0.39,10.7,7.59,140.0,4.88,14.2,8.5,3.02,441.0,15.0,290.7,1.1,13.1,0.12,8.0,10.0,32.75
0.0,35.308825910931176,33.24291497975708,38.59178535606821,84.0960219478738,73.69953051643192,18.785260770975057,0.1272119815668203,136.0293103448276,1.1425579536370902,104.25520833333331,252.93801652892563,82.73687055837563,0.01,0.01,40.0,13.5,1.06,29.5,33.8,87.5,0.17,10.3,2.81,146.0,4.57,13.2,4.1,10.2,441.0,125.95,321.1,1.2,14.3,20.0,26.0,10.0,27.2
0.0,35.308825910931176,33.24291497975708,38.59178535606821,84.0960219478738,73.69953051643192,18.785260770975057,0.1272119815668203,136.0293103448276,1.1425579536370902,104.25520833333331,252.93801652892563,82.73687055837563,0.03,0.13,38.6,14.6,1.42,33.0,37.8,87.1,0.54,9.3,4.04,225.0,4.43,11.3,6.2,3.02,441.0,103.0,281.31,1.1,13.1,0.12,4.0,0.0,32.75
0.0,35.308825910931176,33.24291497975708,38.59178535606821,84.0960219478738,73.69953051643192,18.785260770975057,0.1272119815668203,136.0293103448276,1.1425579536370902,104.25520833333331,252.93801652892563,82.73687055837563,0.07,0.1,46.4,15.9,2.84,29.2,34.3,85.3,0.84,8.8,7.8,302.0,5.44,12.9,11.7,0.0,441.0,125.95,321.1,1.1,13.1,0.12,17.0,10.0,32.75
0.0,35.308825910931176,33.24291497975708,38.59178535606821,84.0960219478738,73.69953051643192,18.785260770975057,0.1272119815668203,136.0293103448276,1.1425579536370902,104.25520833333331,252.93801652892563,82.73687055837563,0.03,0.13,44.6,14.6,1.65,29.4,32.7,89.7,0.43,9.0,2.76,191.0,4.97,12.1,5.0,44.1,256.0,83.9,302.81,1.1,13.1,0.12,2.0,10.0,32.75
0.0,35.308825910931176,33.24291497975708,38.59178535606821,84.0960219478738,73.69953051643192,18.785260770975057,0.1272119815668203,136.0293103448276,1.1425579536370902,104.25520833333331,252.93801652892563,82.73687055837563,0.05,0.0,33.5,12.1,0.35,30.3,36.1,84.0,0.46,10.9,8.85,261.0,3.99,13.7,9.7,43.2,441.0,247.9,321.1,1.1,13.1,16.0,101.0,10.0,32.75
0.0,35.308825910931176,33.24291497975708,38.59178535606821,84.0960219478738,73.69953051643192,18.785260770975057,0.1272119815668203,136.0293103448276,1.1425579536370902,104.25520833333331,252.93801652892563,82.73687055837563,0.05,0.09,47.4,16.8,1.61,31.5,35.4,88.8,0.48,9.5,5.62,217.0,5.34,12.2,7.9,8.31,441.0,125.95,321.1,1.1,13.1,0.12,17.0,10.0,32.75
0.0,35.308825910931176,33.24291497975708,38.59178535606821,84.0960219478738,73.69953051643192,18.785260770975057,0.1272119815668203,136.0293103448276,1.1425579536370902,104.25520833333331,252.93801652892563,82.73687055837563,0.03,0.02,45.7,15.1,0.98,30.4,33.0,92.1,0.91,11.5,9.69,238.0,4.96,13.0,11.6,14.2,441.0,401.8,287.8,1.05,12.6,0.12,62.0,10.0,33.1
0.0,35.308825910931176,33.24291497975708,38.59178535606821,84.0960219478738,73.69953051643192,18.785260770975057,0.1272119815668203,136.0293103448276,1.1425579536370902,104.25520833333331,252.93801652892563,82.73687055837563,0.04,0.26,42.6,15.3,3.65,30.6,35.9,85.2,0.61,10.4,5.47,251.0,5.0,13.2,10.0,108.0,441.0,230.0,364.89,1.1,13.1,23.0,17.0,10.0,32.75
0.0,35.308825910931176,33.24291497975708,38.59178535606821,84.0960219478738,73.69953051643192,18.785260770975057,0.1272119815668203,136.0293103448276,1.1425579536370902,104.25520833333331,252.93801652892563,82.73687055837563,0.01,0.0,42.1,14.3,0.44,30.4,34.0,89.6,0.49,10.2,2.77,80.0,4.7,13.4,3.7,54.7,441.0,99.9,321.1,1.1,13.1,0.12,57.0,10.0,32.75
0.0,35.308825910931176,33.24291497975708,38.59178535606821,84.0960219478738,73.69953051643192,18.785260770975057,0.1272119815668203,136.0293103448276,1.1425579536370902,104.25520833333331,252.93801652892563,82.73687055837563,0.01,0.07,26.2,8.7,0.84,25.5,33.2,76.8,0.37,11.3,3.17,172.0,3.41,15.5,4.5,14.1,441.0,125.95,321.1,1.1,13.1,0.12,17.0,10.0,32.75
0.0,35.308825910931176,33.24291497975708,38.59178535606821,84.0960219478738,73.69953051643192,18.785260770975057,0.1272119815668203,136.0293103448276,1.1425579536370902,104.25520833333331,252.93801652892563,82.73687055837563,0.01,0.01,35.2,11.3,0.54,24.7,32.1,76.9,0.28,9.9,2.46,147.0,4.58,16.8,3.3,16.4,441.0,125.95,321.1,1.1,13.1,0.12,17.0,10.0,32.75
0.0,35.308825910931176,33.24291497975708,38.59178535606821,84.0960219478738,73.69953051643192,18.785260770975057,0.1272119815668203,136.0293103448276,1.1425579536370902,104.25520833333331,252.93801652892563,82.73687055837563,0.02,0.14,47.5,16.0,1.8,29.6,33.7,87.8,0.5,9.4,2.39,238.0,5.41,11.5,4.9,12.7,441.0,245.6,243.09,1.1,13.1,0.12,17.0,10.0,32.75
0.0,35.308825910931176,33.24291497975708,38.59178535606821,84.0960219478738,73.69953051643192,18.785260770975057,0.1272119815668203,136.0293103448276,1.1425579536370902,104.25520833333331,252.93801652892563,82.73687055837563,0.01,0.02,35.7,12.5,1.13,29.8,35.0,85.0,0.53,11.5,4.76,195.0,4.2,12.5,6.5,6.76,441.0,125.95,321.1,1.25,14.8,0.12,17.0,10.0,40.4
0.0,35.308825910931176,33.24291497975708,38.59178535606821,84.0960219478738,73.69953051643192,18.785260770975057,0.1272119815668203,136.0293103448276,1.1425579536370902,104.25520833333331,252.93801652892563,82.73687055837563,0.03,0.06,46.0,16.0,1.67,26.7,34.8,76.7,0.49,9.9,2.57,255.0,6.0,12.1,4.8,25.2,441.0,261.2,321.1,1.1,13.1,0.12,17.0,10.0,32.75
0.0,35.308825910931176,33.24291497975708,38.59178535606821,84.0960219478738,73.69953051643192,18.785260770975057,0.1272119815668203,136.0293103448276,1.1425579536370902,104.25520833333331,252.93801652892563,82.73687055837563,0.01,0.06,41.8,14.3,1.09,29.4,34.2,85.8,0.57,10.7,1.62,207.0,4.87,12.8,3.4,5.86,141.66,125.95,321.1,1.1,13.1,0.12,17.0,10.0,32.75
0.0,35.308825910931176,33.24291497975708,38.59178535606821,84.0960219478738,73.69953051643192,18.785260770975057,0.1272119815668203,136.0293103448276,1.1425579536370902,104.25520833333331,252.93801652892563,82.73687055837563,0.04,0.07,34.8,11.5,1.09,24.4,33.0,73.7,0.54,12.1,7.33,254.0,4.72,14.4,9.1,3.14,857.24,4.3,321.1,1.1,13.1,0.12,17.0,10.0,32.75
0.0,35.308825910931176,33.24291497975708,38.59178535606821,84.0960219478738,73.69953051643192,18.785260770975057,0.1272119815668203,136.0293103448276,1.1425579536370902,104.25520833333331,252.93801652892563,82.73687055837563,0.01,0.0,39.9,13.7,1.02,29.6,34.3,86.2,0.38,11.3,1.37,119.0,4.63,12.4,2.8,6.76,441.0,152.6,359.7,1.07,12.8,13.0,17.0,13.0,36.2
0.0,35.308825910931176,33.24291497975708,38.59178535606821,84.0960219478738,73.69953051643192,18.785260770975057,0.1272119815668203,136.0293103448276,1.1425579536370902,104.25520833333331,252.93801652892563,82.73687055837563,0.03,0.06,41.9,14.0,2.05,26.0,33.4,77.9,0.67,10.1,4.69,243.0,5.38,14.2,7.5,4.55,441.0,127.1,196.33,1.1,13.1,0.12,16.0,10.0,30.3
0.0,35.308825910931176,33.24291497975708,38.59178535606821,84.0960219478738,73.69953051643192,18.785260770975057,0.1272119815668203,136.0293103448276,1.1425579536370902,104.25520833333331,252.93801652892563,82.73687055837563,0.03,0.11,46.3,15.3,1.92,28.8,33.0,87.2,0.57,10.3,3.91,236.0,5.31,12.3,6.5,76.3,403.92,1036.5,367.59,1.18,14.0,16.0,73.0,10.0,27.4
0.0,35.308825910931176,33.24291497975708,38.59178535606821,84.0960219478738,73.69953051643192,18.785260770975057,0.1272119815668203,136.0293103448276,1.1425579536370902,104.25520833333331,252.93801652892563,82.73687055837563,0.02,0.07,43.3,14.5,1.93,26.6,33.5,79.3,0.81,9.7,2.44,192.0,5.46,13.2,5.3,3.14,456.19,141.7,354.97,1.01,12.1,0.12,17.0,10.0,31.2
0.0,35.308825910931176,33.24291497975708,38.59178535606821,84.0960219478738,73.69953051643192,18.785260770975057,0.1272119815668203,136.0293103448276,1.1425579536370902,104.25520833333331,252.93801652892563,82.73687055837563,0.04,0.19,27.9,8.8,1.24,26.8,31.5,85.1,0.7,10.8,1.69,144.0,3.28,16.1,3.9,29.9,441.0,125.95,321.1,1.1,13.1,0.12,17.0,10.0,32.75
0.0,35.308825910931176,33.24291497975708,38.59178535606821,84.0960219478738,73.69953051643192,18.785260770975057,0.1272119815668203,136.0293103448276,1.1425579536370902,104.25520833333331,252.93801652892563,82.73687055837563,0.02,0.01,36.7,12.7,0.94,26.5,34.6,76.6,0.35,9.5,4.22,301.0,4.79,14.3,5.5,46.3,1750.0,144.0,338.47,1.1,13.1,0.12,59.0,10.0,32.75
0.0,35.308825910931176,33.24291497975708,38.59178535606821,84.0960219478738,73.69953051643192,18.785260770975057,0.1272119815668203,136.0293103448276,1.1425579536370902,104.25520833333331,252.93801652892563,82.73687055837563,0.01,0.19,34.5,11.7,1.5,27.8,33.9,81.9,0.28,10.2,2.83,256.0,4.21,13.2,4.8,3.02,491.0,125.95,321.1,1.1,13.1,0.12,17.0,10.0,32.75
0.0,35.308825910931176,33.24291497975708,38.59178535606821,84.0960219478738,73.69953051643192,18.785260770975057,0.1272119815668203,136.0293103448276,1.1425579536370902,104.25520833333331,252.93801652892563,82.73687055837563,0.02,0.04,36.9,12.2,2.76,27.1,33.1,81.8,0.54,10.3,5.65,396.0,4.51,13.4,9.0,3.02,441.0,125.95,321.1,1.1,13.1,0.0,17.0,10.0,32.75
0.0,35.308825910931176,33.24291497975708,38.59178535606821,84.0960219478738,73.69953051643192,18.785260770975057,0.1272119815668203,136.0293103448276,1.1425579536370902,104.25520833333331,252.93801652892563,82.73687055837563,0.03,0.26,40.5,13.9,1.43,28.7,34.3,83.7,0.53,10.2,2.16,229.0,4.84,12.3,4.4,0.0,441.0,10.0,321.1,1.1,13.1,0.12,17.0,10.0,32.75
0.0,35.308825910931176,33.24291497975708,38.59178535606821,84.0960219478738,73.69953051643192,18.785260770975057,0.1272119815668203,136.0293103448276,1.1425579536370902,104.25520833333331,252.93801652892563,82.73687055837563,0.01,0.0,35.3,11.8,0.93,26.8,33.4,80.0,0.29,9.5,6.49,344.0,4.41,14.7,7.7,14.8,441.0,196.9,493.64,1.1,13.1,0.12,20.0,10.0,32.75
0.0,35.308825910931176,33.24291497975708,38.59178535606821,84.0960219478738,73.69953051643192,18.785260770975057,0.1272119815668203,136.0293103448276,1.1425579536370902,104.25520833333331,252.93801652892563,82.73687055837563,0.02,0.01,39.5,12.7,2.87,28.8,32.2,89.6,0.92,8.8,1.7,234.0,4.41,13.6,5.5,6.3,441.0,48.1,321.1,1.1,13.1,0.12,44.0,10.0,32.75
0.0,35.308825910931176,33.24291497975708,38.59178535606821,84.0960219478738,73.69953051643192,18.785260770975057,0.1272119815668203,136.0293103448276,1.1425579536370902,104.25520833333331,252.93801652892563,82.73687055837563,0.1,0.54,41.7,13.5,2.56,26.2,32.4,81.0,0.79,10.1,3.65,256.0,5.15,12.7,7.6,3.02,250.0,16.1,281.31,1.1,13.1,0.12,5.0,10.0,32.75
0.0,35.308825910931176,33.24291497975708,38.59178535606821,84.0960219478738,73.69953051643192,18.785260770975057,0.1272119815668203,136.0293103448276,1.1425579536370902,104.25520833333331,252.93801652892563,82.73687055837563,0.02,0.01,43.4,14.3,1.28,29.7,32.9,90.0,0.66,11.3,4.14,221.0,4.82,13.1,6.1,13.8,441.0,315.6,418.62,1.0,12.0,0.12,38.0,10.0,43.1
0.0,35.308825910931176,33.24291497975708,38.59178535606821,84.0960219478738,73.69953051643192,18.785260770975057,0.1272119815668203,136.0293103448276,1.1425579536370902,104.25520833333331,252.93801652892563,82.73687055837563,0.02,0.04,42.8,14.0,1.68,29.4,32.7,89.7,0.44,11.2,5.0,172.0,4.77,12.3,7.2,54.6,362.73,125.95,321.1,1.1,13.1,0.12,17.0,10.0,32.75
0.0,35.308825910931176,33.24291497975708,38.59178535606821,84.0960219478738,73.69953051643192,18.785260770975057,0.1272119815668203,136.0293103448276,1.1425579536370902,104.25520833333331,252.93801652892563,82.73687055837563,0.01,0.13,33.1,10.9,1.61,24.5,32.9,74.4,0.46,11.6,3.4,221.0,4.45,14.5,5.6,3.7,441.0,118.9,270.76,1.1,13.1,0.12,17.0,10.0,32.75
0.0,35.308825910931176,33.24291497975708,38.59178535606821,84.0960219478738,73.69953051643192,18.785260770975057,0.1272119815668203,136.0293103448276,1.1425579536370902,104.25520833333331,252.93801652892563,82.73687055837563,0.1,0.36,40.2,12.7,1.9,27.0,31.6,85.4,0.65,10.4,13.04,314.0,4.71,15.5,16.1,3.02,210.0,125.95,321.1,1.1,13.1,0.12,17.0,10.0,32.75
0.0,35.308825910931176,33.24291497975708,38.59178535606821,84.0960219478738,73.69953051643192,18.785260770975057,0.1272119815668203,136.0293103448276,1.1425579536370902,104.25520833333331,252.93801652892563,82.73687055837563,0.03,0.09,34.3,11.4,2.83,27.1,33.2,81.5,0.97,9.4,9.61,547.0,4.21,13.2,13.5,9.3,441.0,125.95,321.1,1.1,13.1,12.0,17.0,10.0,32.75
0.0,35.308825910931176,33.24291497975708,38.59178535606821,84.0960219478738,73.69953051643192,18.785260770975057,0.1272119815668203,136.0293103448276,1.1425579536370902,104.25520833333331,252.93801652892563,82.73687055837563,0.03,0.17,43.7,14.8,2.36,31.9,33.9,94.2,0.56,9.7,6.52,271.0,4.64,12.2,9.6,3.02,441.0,125.95,321.1,1.1,13.1,0.12,17.0,10.0,32.75
0.0,35.308825910931176,33.24291497975708,38.59178535606821,84.0960219478738,73.69953051643192,18.785260770975057,0.1272119815668203,136.0293103448276,1.1425579536370902,104.25520833333331,252.93801652892563,82.73687055837563,0.07,0.07,44.7,15.8,2.05,27.4,35.3,77.6,1.27,9.0,11.96,259.0,5.76,14.6,15.4,130.0,441.0,125.95,321.1,1.1,13.1,0.12,17.0,10.0,32.75
0.0,35.308825910931176,33.24291497975708,38.59178535606821,84.0960219478738,73.69953051643192,18.785260770975057,0.1272119815668203,136.0293103448276,1.1425579536370902,104.25520833333331,252.93801652892563,82.73687055837563,0.03,0.27,40.7,13.7,1.48,28.9,33.7,85.9,0.8,9.3,5.07,277.0,4.74,12.0,7.7,4.58,441.0,232.4,248.77,1.1,13.1,0.12,18.0,10.0,32.75
0.0,35.308825910931176,33.24291497975708,38.59178535606821,84.0960219478738,73.69953051643192,18.785260770975057,0.1272119815668203,136.0293103448276,1.1425579536370902,104.25520833333331,252.93801652892563,82.73687055837563,0.01,0.0,35.0,12.1,0.52,27.0,34.6,78.1,0.21,10.9,6.19,85.0,4.48,13.6,6.9,70.0,847.0,129.7,367.59,1.09,13.0,88.0,17.0,10.0,33.6
0.0,35.308825910931176,33.24291497975708,38.59178535606821,84.0960219478738,73.69953051643192,18.785260770975057,0.1272119815668203,136.0293103448276,1.1425579536370902,104.25520833333331,252.93801652892563,82.73687055837563,0.01,0.0,36.1,11.9,0.74,26.3,33.0,79.9,0.41,10.0,6.3,278.0,4.52,13.7,7.5,12.9,441.0,125.95,321.1,1.1,13.1,0.12,17.0,10.0,32.75
0.0,35.308825910931176,33.24291497975708,38.59178535606821,84.0960219478738,73.69953051643192,18.785260770975057,0.1272119815668203,136.0293103448276,1.1425579536370902,104.25520833333331,252.93801652892563,82.73687055837563,0.01,0.0,44.0,15.2,1.08,29.2,34.5,84.6,0.31,10.1,3.45,178.0,5.2,13.4,4.9,50.4,441.0,343.5,437.25,1.16,13.8,0.12,17.0,10.0,32.75
0.0,35.308825910931176,33.24291497975708,38.59178535606821,84.0960219478738,73.69953051643192,18.785260770975057,0.1272119815668203,136.0293103448276,1.1425579536370902,104.25520833333331,252.93801652892563,82.73687055837563,0.0,0.0,29.6,9.5,0.94,18.4,32.1,57.3,0.52,10.389577103801797,3.32,319.0,5.17,17.9,4.8,31.9,441.0,125.95,321.1,1.1,13.1,0.12,17.0,10.0,32.75
0.0,35.308825910931176,33.24291497975708,38.59178535606821,84.0960219478738,73.69953051643192,18.785260770975057,0.1272119815668203,136.0293103448276,1.1425579536370902,104.25520833333331,252.93801652892563,82.73687055837563,0.02,0.02,37.9,12.8,1.27,28.4,33.8,84.0,0.47,10.8,1.43,149.0,4.51,13.1,3.2,3.02,331.0,33.9,217.07,1.36,16.0,0.12,17.0,10.0,64.5
0.0,35.308825910931176,33.24291497975708,38.59178535606821,84.0960219478738,73.69953051643192,18.785260770975057,0.1272119815668203,136.0293103448276,1.1425579536370902,104.25520833333331,252.93801652892563,82.73687055837563,0.01,0.0,31.1,10.3,0.97,26.8,33.1,80.8,0.21,10.3,2.58,199.0,3.85,14.5,3.8,6.76,441.0,125.95,321.1,1.22,14.5,0.12,17.0,10.0,32.75
0.0,35.308825910931176,33.24291497975708,38.59178535606821,84.0960219478738,73.69953051643192,18.785260770975057,0.1272119815668203,136.0293103448276,1.1425579536370902,104.25520833333331,252.93801652892563,82.73687055837563,0.01,0.0,35.7,12.0,0.94,26.8,33.6,79.9,0.36,11.2,6.24,289.0,4.47,15.1,7.6,23.9,2050.15,551.9,321.1,1.1,13.1,0.12,61.0,10.0,32.75
0.0,35.308825910931176,33.24291497975708,38.59178535606821,84.0960219478738,73.69953051643192,18.785260770975057,0.1272119815668203,136.0293103448276,1.1425579536370902,104.25520833333331,252.93801652892563,82.73687055837563,0.02,0.0,39.8,13.7,0.9,30.6,34.4,88.8,0.35,11.1,7.2,342.0,4.48,13.0,8.5,3.31,441.0,125.95,321.1,1.1,13.1,0.12,17.0,10.0,32.75
0.0,35.308825910931176,33.24291497975708,38.59178535606821,84.0960219478738,73.69953051643192,18.785260770975057,0.1272119815668203,136.0293103448276,1.1425579536370902,104.25520833333331,252.93801652892563,82.73687055837563,0.09,0.0,42.4,14.5,0.89,27.5,34.2,80.3,0.54,11.5,8.28,288.0,5.28,13.2,9.8,3.37,441.0,125.95,321.1,1.1,13.1,0.12,17.0,10.0,32.75
0.0,35.308825910931176,33.24291497975708,38.59178535606821,84.0960219478738,73.69953051643192,18.785260770975057,0.1272119815668203,136.0293103448276,1.1425579536370902,104.25520833333331,252.93801652892563,82.73687055837563,0.05,0.17,39.5,13.4,2.31,27.7,33.9,81.8,0.53,9.9,4.19,373.0,4.83,13.2,7.3,85.0,441.0,125.95,354.74,1.1,13.1,30.0,66.0,0.0,32.75
0.0,35.308825910931176,33.24291497975708,38.59178535606821,84.0960219478738,73.69953051643192,18.785260770975057,0.1272119815668203,136.0293103448276,1.1425579536370902,104.25520833333331,252.93801652892563,82.73687055837563,0.02,0.09,38.1,12.6,1.83,25.4,33.1,76.8,0.38,9.6,2.95,207.0,4.96,14.2,5.3,0.0,441.0,125.95,321.1,1.1,13.1,0.12,17.0,10.0,32.75
0.0,35.308825910931176,33.24291497975708,38.59178535606821,84.0960219478738,73.69953051643192,18.785260770975057,0.1272119815668203,136.0293103448276,1.1425579536370902,104.25520833333331,252.93801652892563,82.73687055837563,0.02,0.13,36.0,11.4,1.93,29.5,31.7,93.0,0.52,10.7,2.69,201.0,3.87,14.1,5.3,3.14,969.48,125.95,321.1,1.1,13.1,0.12,17.0,10.0,32.75
0.0,35.308825910931176,33.24291497975708,38.59178535606821,84.0960219478738,73.69953051643192,18.785260770975057,0.1272119815668203,136.0293103448276,1.1425579536370902,104.25520833333331,252.93801652892563,82.73687055837563,0.0,0.1,34.7,11.6,0.99,27.6,33.4,82.4,0.23,10.0,2.5,355.0,4.21,13.6,3.8,6.76,441.0,125.95,321.1,1.1,13.1,0.12,17.0,11.0,32.75
0.0,35.308825910931176,33.24291497975708,38.59178535606821,84.0960219478738,73.69953051643192,18.785260770975057,0.1272119815668203,136.0293103448276,1.1425579536370902,104.25520833333331,252.93801652892563,82.73687055837563,0.13,0.16,46.9,16.6,2.54,29.3,35.4,82.7,0.82,9.8,4.74,297.0,5.67,13.3,8.4,3.02,441.0,381.4,321.1,1.1,13.1,29.0,17.0,10.0,32.75
0.0,35.308825910931176,33.24291497975708,38.59178535606821,84.0960219478738,73.69953051643192,18.785260770975057,0.1272119815668203,136.0293103448276,1.1425579536370902,104.25520833333331,252.93801652892563,82.73687055837563,0.05,0.35,39.9,12.4,1.4,26.8,31.1,86.4,0.97,9.8,6.63,350.0,4.62,12.7,9.4,13.8,359.0,125.95,321.1,1.1,13.1,0.12,17.0,10.0,32.75
0.0,35.308825910931176,33.24291497975708,38.59178535606821,84.0960219478738,73.69953051643192,18.785260770975057,0.1272119815668203,136.0293103448276,1.1425579536370902,104.25520833333331,252.93801652892563,82.73687055837563,0.01,0.0,37.6,13.2,0.61,27.3,35.1,77.7,0.54,12.1,8.51,182.0,4.84,13.7,9.7,146.0,441.0,236.6,373.18,1.1,13.1,90.0,41.0,10.0,32.75
0.0,35.308825910931176,33.24291497975708,38.59178535606821,84.0960219478738,73.69953051643192,18.785260770975057,0.1272119815668203,136.0293103448276,1.1425579536370902,104.25520833333331,252.93801652892563,82.73687055837563,0.02,0.0,38.0,13.2,1.46,29.5,34.7,85.0,0.43,9.7,4.77,194.0,4.47,11.9,6.7,3.02,594.0,19.5,295.23,1.1,13.1,0.12,3.0,10.0,32.75
0.0,35.308825910931176,33.24291497975708,38.59178535606821,84.0960219478738,73.69953051643192,18.785260770975057,0.1272119815668203,136.0293103448276,1.1425579536370902,104.25520833333331,252.93801652892563,82.73687055837563,0.01,0.0,40.9,13.9,2.0,28.7,34.0,84.5,0.4,10.7,2.02,257.0,4.84,14.0,4.4,3.02,441.0,39.7,493.64,1.1,13.1,0.12,2.0,10.0,32.75
0.0,35.308825910931176,33.24291497975708,38.59178535606821,84.0960219478738,73.69953051643192,18.785260770975057,0.1272119815668203,136.0293103448276,1.1425579536370902,104.25520833333331,252.93801652892563,82.73687055837563,0.05,0.22,32.4,9.4,2.42,19.0,29.0,65.5,0.41,10.5,2.87,335.0,4.95,17.4,6.0,22.0,441.0,125.95,321.1,1.1,13.1,14.0,17.0,10.0,32.75
0.0,35.308825910931176,33.24291497975708,38.59178535606821,84.0960219478738,73.69953051643192,18.785260770975057,0.1272119815668203,136.0293103448276,1.1425579536370902,104.25520833333331,252.93801652892563,82.73687055837563,0.06,0.07,37.9,12.5,2.25,28.0,33.0,85.0,0.45,10.9,3.78,327.0,4.46,13.8,6.6,6.81,639.33,188.1,324.39,1.1,13.1,0.12,13.0,10.0,32.75
0.0,35.308825910931176,33.24291497975708,38.59178535606821,84.0960219478738,73.69953051643192,18.785260770975057,0.1272119815668203,136.0293103448276,1.1425579536370902,104.25520833333331,252.93801652892563,82.73687055837563,0.01,0.0,41.0,14.3,0.94,31.4,34.9,89.9,0.45,9.6,3.05,194.0,4.56,12.2,4.5,9.15,414.78,25.6,292.18,1.1,13.1,0.12,17.0,10.0,32.75
0.0,35.308825910931176,33.24291497975708,38.59178535606821,84.0960219478738,73.69953051643192,18.785260770975057,0.1272119815668203,136.0293103448276,1.1425579536370902,104.25520833333331,252.93801652892563,82.73687055837563,0.0,0.06,32.0,10.7,0.26,24.5,33.4,73.4,0.31,10.7,2.76,150.0,4.36,14.5,3.4,6.76,441.0,125.95,321.1,1.1,13.1,0.12,17.0,10.0,32.75
0.0,35.308825910931176,33.24291497975708,38.59178535606821,84.0960219478738,73.69953051643192,18.785260770975057,0.1272119815668203,136.0293103448276,1.1425579536370902,104.25520833333331,252.93801652892563,82.73687055837563,0.06,0.22,43.7,14.7,2.04,28.5,33.6,84.9,0.72,9.8,6.09,267.0,5.15,12.6,9.1,6.76,441.0,125.95,321.1,1.1,13.1,0.12,17.0,10.0,32.75
0.0,35.308825910931176,33.24291497975708,38.59178535606821,84.0960219478738,73.69953051643192,18.785260770975057,0.1272119815668203,136.0293103448276,1.1425579536370902,104.25520833333331,252.93801652892563,82.73687055837563,0.02,0.12,37.4,12.2,1.52,25.4,32.6,77.8,0.58,10.3,2.97,226.0,4.81,14.2,5.2,6.76,441.0,125.95,321.1,1.1,13.1,0.12,17.0,10.0,32.75
0.0,35.308825910931176,33.24291497975708,38.59178535606821,84.0960219478738,73.69953051643192,18.785260770975057,0.1272119815668203,136.0293103448276,1.1425579536370902,104.25520833333331,252.93801652892563,82.73687055837563,0.0,0.01,35.9,11.0,1.85,21.1,30.6,68.9,0.64,10.0,2.22,301.0,5.21,16.5,4.7,6.76,441.0,125.95,321.1,1.1,13.1,0.12,17.0,10.0,32.75
0.0,35.308825910931176,33.24291497975708,38.59178535606821,84.0960219478738,73.69953051643192,18.785260770975057,0.1272119815668203,136.0293103448276,1.1425579536370902,104.25520833333331,252.93801652892563,82.73687055837563,0.01,0.0,41.2,13.3,1.74,27.9,32.3,86.4,0.46,9.8,2.19,255.0,4.77,14.0,4.4,6.76,441.0,125.95,321.1,1.1,13.1,0.12,17.0,10.0,32.75
0.0,35.308825910931176,33.24291497975708,38.59178535606821,84.0960219478738,73.69953051643192,18.785260770975057,0.1272119815668203,136.0293103448276,1.1425579536370902,104.25520833333331,252.93801652892563,82.73687055837563,0.04,0.01,20.0,6.5,0.56,27.3,32.5,84.0,0.43,11.8,19.62,265.0,2.38,16.4,20.7,6.76,441.0,125.95,321.1,1.1,13.1,0.12,17.0,10.0,32.75
0.0,35.308825910931176,33.24291497975708,38.59178535606821,84.0960219478738,73.69953051643192,18.785260770975057,0.1272119815668203,136.0293103448276,1.1425579536370902,104.25520833333331,252.93801652892563,82.73687055837563,0.02,0.05,37.4,12.5,1.63,27.8,33.4,83.1,0.59,10.7,2.32,185.0,4.5,13.2,4.6,6.76,441.0,125.95,321.1,1.1,13.1,0.12,17.0,10.0,32.75
0.0,35.308825910931176,33.24291497975708,38.59178535606821,84.0960219478738,73.69953051643192,18.785260770975057,0.1272119815668203,136.0293103448276,1.1425579536370902,104.25520833333331,252.93801652892563,82.73687055837563,0.05,0.06,34.1,11.3,2.3,29.0,33.1,87.4,0.93,11.1,4.89,194.0,3.9,13.6,8.2,6.76,441.0,125.95,321.1,1.1,13.1,0.12,17.0,10.0,32.75
0.0,35.308825910931176,33.24291497975708,38.59178535606821,84.0960219478738,73.69953051643192,18.785260770975057,0.1272119815668203,136.0293103448276,1.1425579536370902,104.25520833333331,252.93801652892563,82.73687055837563,0.01,0.03,43.5,13.8,2.13,21.9,31.7,69.0,0.59,9.6,2.77,297.0,6.3,14.8,5.5,6.76,441.0,125.95,321.1,1.1,13.1,0.12,17.0,10.0,32.75
0.0,35.308825910931176,33.24291497975708,38.59178535606821,84.0960219478738,73.69953051643192,18.785260770975057,0.1272119815668203,136.0293103448276,1.1425579536370902,104.25520833333331,252.93801652892563,82.73687055837563,0.04,0.09,30.6,9.4,0.31,27.6,30.7,90.0,0.1,10.389577103801797,1.73,30.0,3.4,18.6,2.3,6.76,441.0,125.95,321.1,1.1,13.1,0.12,17.0,10.0,32.75
0.0,35.308825910931176,33.24291497975708,38.59178535606821,84.0960219478738,73.69953051643192,18.785260770975057,0.1272119815668203,136.0293103448276,1.1425579536370902,104.25520833333331,252.93801652892563,82.73687055837563,0.01,0.03,37.4,12.4,1.89,28.1,33.2,84.8,0.44,9.5,1.1,195.0,4.41,13.0,3.5,6.76,441.0,125.95,321.1,1.1,13.1,0.12,17.0,10.0,32.75
0.0,35.308825910931176,33.24291497975708,38.59178535606821,84.0960219478738,73.69953051643192,18.785260770975057,0.1272119815668203,136.0293103448276,1.1425579536370902,104.25520833333331,252.93801652892563,82.73687055837563,0.01,0.0,27.6,9.4,0.36,29.7,34.1,87.3,0.24,11.7,9.08,156.0,3.16,13.7,9.7,6.76,441.0,125.95,321.1,1.1,13.1,0.12,17.0,10.0,32.75
0.0,35.308825910931176,33.24291497975708,38.59178535606821,84.0960219478738,73.69953051643192,18.785260770975057,0.1272119815668203,136.0293103448276,1.1425579536370902,104.25520833333331,252.93801652892563,82.73687055837563,0.01,0.0,34.1,12.2,0.63,31.1,35.8,87.0,0.42,10.4,6.76,228.0,3.92,12.5,7.8,6.76,441.0,125.95,321.1,1.1,13.1,0.12,17.0,10.0,32.75
0.0,35.308825910931176,33.24291497975708,38.59178535606821,84.0960219478738,73.69953051643192,18.785260770975057,0.1272119815668203,136.0293103448276,1.1425579536370902,104.25520833333331,252.93801652892563,82.73687055837563,0.01,0.02,37.1,12.9,1.27,26.5,34.8,76.2,0.47,11.9,1.08,199.0,4.87,13.8,2.9,6.76,441.0,125.95,321.1,1.1,13.1,0.12,17.0,10.0,32.75
0.0,35.308825910931176,33.24291497975708,38.59178535606821,84.0960219478738,73.69953051643192,18.785260770975057,0.1272119815668203,136.0293103448276,1.1425579536370902,104.25520833333331,252.93801652892563,82.73687055837563,0.03,0.17,43.8,15.0,2.36,28.2,34.2,82.3,0.52,9.4,4.21,265.0,5.32,13.0,7.3,6.76,441.0,125.95,321.1,1.1,13.1,0.12,17.0,10.0,32.75
0.0,35.308825910931176,33.24291497975708,38.59178535606821,84.0960219478738,73.69953051643192,18.785260770975057,0.1272119815668203,136.0293103448276,1.1425579536370902,104.25520833333331,252.93801652892563,82.73687055837563,0.0,0.0,32.0,10.7,1.44,29.0,33.4,86.7,0.36,10.9,3.25,221.0,3.69,11.9,5.1,6.76,441.0,125.95,321.1,1.1,13.1,0.12,17.0,10.0,32.75
0.0,35.308825910931176,33.24291497975708,38.59178535606821,84.0960219478738,73.69953051643192,18.785260770975057,0.1272119815668203,136.0293103448276,1.1425579536370902,104.25520833333331,252.93801652892563,82.73687055837563,0.03,0.02,33.9,11.0,1.44,29.4,32.4,90.6,0.67,11.0,12.24,200.0,3.74,16.3,14.4,6.76,441.0,125.95,321.1,1.1,13.1,0.12,17.0,10.0,32.75
0.0,35.308825910931176,33.24291497975708,38.59178535606821,84.0960219478738,73.69953051643192,18.785260770975057,0.1272119815668203,136.0293103448276,1.1425579536370902,104.25520833333331,252.93801652892563,82.73687055837563,0.01,0.0,36.3,12.8,0.81,28.8,35.3,81.6,0.62,11.1,7.88,245.0,4.45,11.9,9.3,6.76,441.0,125.95,321.1,1.1,13.1,0.12,17.0,10.0,32.75
0.0,35.308825910931176,33.24291497975708,38.59178535606821,84.0960219478738,73.69953051643192,18.785260770975057,0.1272119815668203,136.0293103448276,1.1425579536370902,104.25520833333331,252.93801652892563,82.73687055837563,0.01,0.08,35.0,12.1,0.48,26.7,34.6,77.3,0.21,11.1,4.95,213.0,4.53,12.4,5.7,6.76,441.0,125.95,321.1,1.1,13.1,0.12,17.0,10.0,32.75
0.0,35.308825910931176,33.24291497975708,38.59178535606821,84.0960219478738,73.69953051643192,18.785260770975057,0.1272119815668203,136.0293103448276,1.1425579536370902,104.25520833333331,252.93801652892563,82.73687055837563,0.01,0.0,37.2,13.0,1.35,28.0,34.9,80.2,0.18,10.5,2.62,192.0,4.64,12.6,4.2,6.76,441.0,125.95,321.1,1.1,13.1,0.12,17.0,10.0,32.75
0.0,35.308825910931176,33.24291497975708,38.59178535606821,84.0960219478738,73.69953051643192,18.785260770975057,0.1272119815668203,136.0293103448276,1.1425579536370902,104.25520833333331,252.93801652892563,82.73687055837563,0.01,0.02,36.7,12.9,1.78,29.9,35.1,85.0,0.42,10.2,2.18,190.0,4.32,12.7,4.4,6.76,441.0,125.95,321.1,1.1,13.1,0.12,17.0,10.0,32.75
0.0,35.308825910931176,33.24291497975708,38.59178535606821,84.0960219478738,73.69953051643192,18.785260770975057,0.1272119815668203,136.0293103448276,1.1425579536370902,104.25520833333331,252.93801652892563,82.73687055837563,0.09,0.3,34.8,11.4,3.11,21.2,32.8,64.6,0.79,10.389577103801797,5.49,221.0,5.39,14.0,9.8,6.76,441.0,125.95,321.1,1.1,13.1,0.12,17.0,10.0,32.75
0.0,35.308825910931176,33.24291497975708,38.59178535606821,84.0960219478738,73.69953051643192,18.785260770975057,0.1272119815668203,136.0293103448276,1.1425579536370902,104.25520833333331,252.93801652892563,82.73687055837563,0.08,0.0,38.3,12.9,0.95,27.6,33.7,81.8,0.48,10.4,6.02,383.0,4.68,13.2,7.5,6.76,441.0,125.95,321.1,1.1,13.1,0.12,17.0,10.0,32.75
0.0,35.308825910931176,33.24291497975708,38.59178535606821,84.0960219478738,73.69953051643192,18.785260770975057,0.1272119815668203,136.0293103448276,1.1425579536370902,104.25520833333331,252.93801652892563,82.73687055837563,0.02,0.02,45.3,14.3,2.02,27.5,31.6,87.1,0.44,10.5,1.88,263.0,5.2,14.3,4.4,6.76,441.0,125.95,321.1,1.1,13.1,0.12,17.0,10.0,32.75
0.0,35.308825910931176,33.24291497975708,38.59178535606821,84.0960219478738,73.69953051643192,18.785260770975057,0.1272119815668203,136.0293103448276,1.1425579536370902,104.25520833333331,252.93801652892563,82.73687055837563,0.0,0.01,35.3,11.1,0.31,29.1,31.4,92.7,0.11,11.4,4.22,173.0,3.81,13.9,4.7,6.76,441.0,125.95,321.1,1.1,13.1,0.12,17.0,10.0,32.75
0.0,35.308825910931176,33.24291497975708,38.59178535606821,84.0960219478738,73.69953051643192,18.785260770975057,0.1272119815668203,136.0293103448276,1.1425579536370902,104.25520833333331,252.93801652892563,82.73687055837563,0.02,0.0,39.1,14.1,1.08,29.7,36.1,82.5,0.85,9.1,8.14,334.0,4.74,11.4,10.1,6.76,441.0,125.95,321.1,1.1,13.1,0.12,17.0,10.0,32.75
0.0,35.308825910931176,33.24291497975708,38.59178535606821,84.0960219478738,73.69953051643192,18.785260770975057,0.1272119815668203,136.0293103448276,1.1425579536370902,104.25520833333331,252.93801652892563,82.73687055837563,0.01,0.01,39.1,12.6,0.85,24.6,32.2,76.2,0.53,10.2,1.92,197.0,5.13,14.3,3.3,6.76,441.0,125.95,321.1,1.1,13.1,0.12,17.0,10.0,32.75
